ISO-10303-21;
HEADER;
/* Generated by software containing ST-Developer
 * from STEP Tools, Inc. (www.steptools.com) 
 */

FILE_DESCRIPTION(
/* description */ (''),
/* implementation_level */ '2;1');

FILE_NAME(
/* name */ 'P:\\E-Switch Secure\\3D_MODELS_STP_FORMAT\\500ASSPxM2xE.st
p',
/* time_stamp */ '2020-11-03T14:05:52-06:00',
/* author */ ('mwilliams'),
/* organization */ (''),
/* preprocessor_version */ 'ST-DEVELOPER v18',
/* originating_system */ 'Autodesk Inventor 2020',
/* authorisation */ '');

FILE_SCHEMA (('AUTOMOTIVE_DESIGN { 1 0 10303 214 3 1 1 }'));
ENDSEC;

DATA;
#10=MECHANICAL_DESIGN_GEOMETRIC_PRESENTATION_REPRESENTATION('',(#85,#86,
#87,#88,#89),#8614);
#11=SHAPE_REPRESENTATION_RELATIONSHIP('SRR','None',#8624,#12);
#12=ADVANCED_BREP_SHAPE_REPRESENTATION('',(#90,#91,#92,#93,#94),#8613);
#13=FACE_BOUND('',#721,.T.);
#14=FACE_BOUND('',#727,.T.);
#15=FACE_BOUND('',#732,.T.);
#16=FACE_BOUND('',#738,.T.);
#17=FACE_BOUND('',#742,.T.);
#18=FACE_BOUND('',#772,.T.);
#19=FACE_BOUND('',#798,.T.);
#20=FACE_BOUND('',#801,.T.);
#21=FACE_BOUND('',#817,.T.);
#22=FACE_BOUND('',#819,.T.);
#23=ELLIPSE('',#5063,0.0811634965672768,0.0511811023622047);
#24=ELLIPSE('',#5064,0.0811634965672768,0.0511811023622047);
#25=ELLIPSE('',#5066,0.0811634965672768,0.0511811023622047);
#26=ELLIPSE('',#5069,0.0811634965672768,0.0511811023622047);
#27=ELLIPSE('',#5070,0.0811634965672768,0.0511811023622047);
#28=ELLIPSE('',#5072,0.0811634965672768,0.0511811023622047);
#29=ELLIPSE('',#5073,0.0811634965672768,0.0511811023622047);
#30=ELLIPSE('',#5075,0.0811634965672768,0.0511811023622047);
#31=B_SPLINE_CURVE_WITH_KNOTS('',3,(#7227,#7228,#7229,#7230),
 .UNSPECIFIED.,.F.,.F.,(4,4),(0.0697106302212949,0.0702303624352429),
 .UNSPECIFIED.);
#32=B_SPLINE_CURVE_WITH_KNOTS('',3,(#7234,#7235,#7236,#7237,#7238,#7239,
#7240,#7241,#7242,#7243,#7244,#7245,#7246,#7247,#7248,#7249),
 .UNSPECIFIED.,.F.,.F.,(4,3,3,3,3,4),(0.,0.00390710153155992,0.00646456321585987,
0.00879086013611839,0.0109289194316081,0.0135503605341732),
 .UNSPECIFIED.);
#33=B_SPLINE_CURVE_WITH_KNOTS('',3,(#7253,#7254,#7255,#7256,#7257,#7258,
#7259,#7260,#7261,#7262,#7263,#7264,#7265),.UNSPECIFIED.,.F.,.F.,(4,3,3,
3,4),(0.0265452724328501,0.0386707555539546,0.0409577388009933,0.0481192151496033,
0.0545365647706452),.UNSPECIFIED.);
#34=B_SPLINE_CURVE_WITH_KNOTS('',3,(#7266,#7267,#7268,#7269,#7270,#7271,
#7272,#7273),.UNSPECIFIED.,.F.,.F.,(4,2,2,4),(0.000481965791364342,0.00845859190713446,
0.0252004135037427,0.0274335028738488),.UNSPECIFIED.);
#35=B_SPLINE_CURVE_WITH_KNOTS('',3,(#7284,#7285,#7286,#7287,#7288,#7289,
#7290,#7291,#7292,#7293,#7294,#7295,#7296,#7297,#7298,#7299),
 .UNSPECIFIED.,.F.,.F.,(4,3,3,3,3,4),(0.,0.00390710153155159,0.00646456321584112,
0.00879086013608905,0.0109289194315682,0.0135503605341265),
 .UNSPECIFIED.);
#36=B_SPLINE_CURVE_WITH_KNOTS('',3,(#7303,#7304,#7305,#7306,#7307,#7308,
#7309,#7310,#7311,#7312,#7313,#7314,#7315,#7316,#7317,#7318),
 .UNSPECIFIED.,.F.,.F.,(4,3,3,3,3,4),(0.,0.00390710153162708,0.00646456321600102,
0.00879086013632425,0.0109289194318707,0.0135503605345084),
 .UNSPECIFIED.);
#37=B_SPLINE_CURVE_WITH_KNOTS('',3,(#7321,#7322,#7323,#7324,#7325,#7326,
#7327,#7328,#7329,#7330,#7331,#7332,#7333,#7334,#7335,#7336),
 .UNSPECIFIED.,.F.,.F.,(4,3,3,3,3,4),(0.,0.00390710153155106,0.00646456321583811,
0.00879086013608312,0.0109289194315596,0.0135503605341113),
 .UNSPECIFIED.);
#38=B_SPLINE_CURVE_WITH_KNOTS('',3,(#7339,#7340,#7341,#7342,#7343,#7344,
#7345,#7346,#7347,#7348),.UNSPECIFIED.,.F.,.F.,(4,1,1,1,1,1,1,4),(-0.395984024899487,
-0.349943171472085,-0.30312961843067,-0.256316065389255,-0.20950251234784,
-0.162688959306425,-0.11587540626501,-0.0697547662479302),.UNSPECIFIED.);
#39=B_SPLINE_CURVE_WITH_KNOTS('',3,(#7350,#7351,#7352,#7353,#7354,#7355,
#7356,#7357,#7358,#7359),.UNSPECIFIED.,.F.,.F.,(4,1,1,1,1,1,1,4),(-0.396146594418571,
-0.350025980854785,-0.303212430329817,-0.256398879804849,-0.209585329279881,
-0.162771778754914,-0.115958228229946,-0.069917350921626),.UNSPECIFIED.);
#40=B_SPLINE_CURVE_WITH_KNOTS('',3,(#7388,#7389,#7390,#7391,#7392,#7393,
#7394,#7395),.UNSPECIFIED.,.F.,.F.,(4,2,2,4),(0.,0.00845859190713449,0.0252004135037437,
0.0274335029307165),.UNSPECIFIED.);
#41=B_SPLINE_CURVE_WITH_KNOTS('',3,(#7398,#7399,#7400,#7401),
 .UNSPECIFIED.,.F.,.F.,(4,4),(-0.000302251651496363,0.000393468129397447),
 .UNSPECIFIED.);
#42=B_SPLINE_CURVE_WITH_KNOTS('',3,(#7402,#7403,#7404,#7405,#7406,#7407,
#7408,#7409,#7410,#7411,#7412,#7413,#7414),.UNSPECIFIED.,.F.,.F.,(4,3,3,
3,4),(0.0265452723037407,0.030808749185095,0.0409577388009939,0.0481192151496035,
0.0540492023707555),.UNSPECIFIED.);
#43=B_SPLINE_CURVE_WITH_KNOTS('',3,(#7466,#7467,#7468,#7469),
 .UNSPECIFIED.,.F.,.F.,(4,4),(-0.000275816678062839,0.000530160110327186),
 .UNSPECIFIED.);
#44=B_SPLINE_CURVE_WITH_KNOTS('',3,(#7471,#7472,#7473,#7474,#7475,#7476),
 .UNSPECIFIED.,.F.,.F.,(4,2,4),(0.0292429885451989,0.0399574341996347,0.062144740583661),
 .UNSPECIFIED.);
#45=B_SPLINE_CURVE_WITH_KNOTS('',3,(#7478,#7479,#7480,#7481,#7482,#7483),
 .UNSPECIFIED.,.F.,.F.,(4,2,4),(0.,0.0100208710001624,0.0250499047055466),
 .UNSPECIFIED.);
#46=B_SPLINE_CURVE_WITH_KNOTS('',3,(#7485,#7486,#7487,#7488,#7489,#7490,
#7491,#7492,#7493,#7494),.UNSPECIFIED.,.F.,.F.,(4,1,1,1,1,1,1,4),(0.0736293758426963,
0.115958228229946,0.162771778754914,0.209585329279881,0.256398879804849,
0.303212430329817,0.350025980854785,0.392265279208239),.UNSPECIFIED.);
#47=B_SPLINE_CURVE_WITH_KNOTS('',3,(#7496,#7497,#7498,#7499,#7500,#7501,
#7502,#7503,#7504,#7505,#7506,#7507,#7508,#7509,#7510,#7511),
 .UNSPECIFIED.,.F.,.F.,(4,3,3,3,3,4),(0.021225299912803,0.0226017161401769,
0.0344399622324435,0.0350656526872966,0.0448386773023278,0.0466843516837172),
 .UNSPECIFIED.);
#48=B_SPLINE_CURVE_WITH_KNOTS('',3,(#7512,#7513,#7514,#7515,#7516,#7517,
#7518,#7519,#7520,#7521,#7522,#7523,#7524),.UNSPECIFIED.,.F.,.F.,(4,3,3,
3,4),(0.000518654617385653,0.00591156320561876,0.0126200936394432,0.024674964975687,
0.027349055659814),.UNSPECIFIED.);
#49=B_SPLINE_CURVE_WITH_KNOTS('',3,(#7529,#7530,#7531,#7532,#7533,#7534,
#7535,#7536),.UNSPECIFIED.,.F.,.F.,(4,1,1,1,1,4),(0.0736464787787695,0.162688959306428,
0.209502512347844,0.256316065389259,0.303129618430674,0.392263143505212),
 .UNSPECIFIED.);
#50=B_SPLINE_CURVE_WITH_KNOTS('',3,(#7565,#7566,#7567,#7568),
 .UNSPECIFIED.,.F.,.F.,(4,4),(0.0697106302212595,0.0702303624351724),
 .UNSPECIFIED.);
#51=B_SPLINE_CURVE_WITH_KNOTS('',3,(#7573,#7574,#7575,#7576,#7577,#7578,
#7579,#7580),.UNSPECIFIED.,.F.,.F.,(4,2,2,4),(0.0265452724328516,0.0409577388009946,
0.0481192151496048,0.0545365647706503),.UNSPECIFIED.);
#52=B_SPLINE_CURVE_WITH_KNOTS('',3,(#7581,#7582,#7583,#7584,#7585,#7586,
#7587,#7588),.UNSPECIFIED.,.F.,.F.,(4,2,2,4),(0.000481965791364734,0.00845859190713421,
0.0252004135037405,0.0274335028738464),.UNSPECIFIED.);
#53=B_SPLINE_CURVE_WITH_KNOTS('',3,(#7591,#7592,#7593,#7594,#7595,#7596,
#7597,#7598),.UNSPECIFIED.,.F.,.F.,(4,1,1,1,1,4),(-0.395983798013356,-0.303129618430674,
-0.256316065389259,-0.209502512347844,-0.162688959306428,-0.0697550206853466),
 .UNSPECIFIED.);
#54=B_SPLINE_CURVE_WITH_KNOTS('',3,(#7600,#7601,#7602,#7603,#7604,#7605,
#7606,#7607,#7608),.UNSPECIFIED.,.F.,.F.,(4,1,1,1,1,1,4),(-0.396146481308437,
-0.326619205592303,-0.303212430329819,-0.256398879804852,-0.209585329279884,
-0.162771778754917,-0.0699175989162843),.UNSPECIFIED.);
#55=B_SPLINE_CURVE_WITH_KNOTS('',3,(#7651,#7652,#7653,#7654,#7655,#7656),
 .UNSPECIFIED.,.F.,.F.,(4,2,4),(0.0291531186286535,0.0548719219637529,0.0600732911318406),
 .UNSPECIFIED.);
#56=B_SPLINE_CURVE_WITH_KNOTS('',3,(#7657,#7658,#7659,#7660,#7661,#7662,
#7663,#7664,#7665,#7666),.UNSPECIFIED.,.F.,.F.,(4,3,3,4),(0.,0.00630316663261574,
0.0130332815555916,0.0252610294782578),.UNSPECIFIED.);
#57=B_SPLINE_CURVE_WITH_KNOTS('',3,(#7668,#7669,#7670,#7671,#7672,#7673,
#7674,#7675,#7676,#7677,#7678,#7679,#7680),.UNSPECIFIED.,.F.,.F.,(4,3,3,
3,4),(0.0212252998965503,0.0226017166193202,0.035065652979184,0.0447879735029545,
0.0466843516902549),.UNSPECIFIED.);
#58=B_SPLINE_CURVE_WITH_KNOTS('',3,(#7682,#7683,#7684,#7685,#7686,#7687,
#7688,#7689,#7690,#7691,#7692,#7693,#7694),.UNSPECIFIED.,.F.,.F.,(4,3,3,
3,4),(0.000654652054240053,0.00591151942115497,0.012619997082366,0.0246749677421366,
0.0273490611616624),.UNSPECIFIED.);
#59=B_SPLINE_CURVE_WITH_KNOTS('',3,(#7695,#7696,#7697,#7698),
 .UNSPECIFIED.,.F.,.F.,(4,4),(-0.000275816678037303,0.000530160110329552),
 .UNSPECIFIED.);
#60=B_SPLINE_CURVE_WITH_KNOTS('',3,(#7725,#7726,#7727,#7728,#7729,#7730,
#7731,#7732),.UNSPECIFIED.,.F.,.F.,(4,2,2,4),(0.,0.00845859190713543,0.0252004135037528,
0.0274335029307264),.UNSPECIFIED.);
#61=B_SPLINE_CURVE_WITH_KNOTS('',3,(#7734,#7735,#7736,#7737),
 .UNSPECIFIED.,.F.,.F.,(4,4),(-0.000302251651404583,0.000393468129392624),
 .UNSPECIFIED.);
#62=B_SPLINE_CURVE_WITH_KNOTS('',3,(#7738,#7739,#7740,#7741,#7742,#7743,
#7744,#7745,#7746,#7747,#7748,#7749,#7750),.UNSPECIFIED.,.F.,.F.,(4,3,3,
3,4),(0.0265452723037412,0.0308087491850954,0.0409577388009927,0.0481192151496004,
0.0540492023707543),.UNSPECIFIED.);
#63=B_SPLINE_CURVE_WITH_KNOTS('',3,(#7797,#7798,#7799,#7800,#7801,#7802),
 .UNSPECIFIED.,.F.,.F.,(4,2,4),(0.029242988545197,0.0399574341996318,0.0621447405836492),
 .UNSPECIFIED.);
#64=B_SPLINE_CURVE_WITH_KNOTS('',3,(#7804,#7805,#7806,#7807,#7808,#7809),
 .UNSPECIFIED.,.F.,.F.,(4,2,4),(0.,0.0100208710001624,0.0250499047055468),
 .UNSPECIFIED.);
#65=B_SPLINE_CURVE_WITH_KNOTS('',3,(#7811,#7812,#7813,#7814,#7815,#7816,
#7817,#7818,#7819),.UNSPECIFIED.,.F.,.F.,(4,1,1,1,1,1,4),(0.0736379402304031,
0.162771778754917,0.209585329279884,0.256398879804852,0.303212430329819,
0.326619205592303,0.392260542213768),.UNSPECIFIED.);
#66=B_SPLINE_CURVE_WITH_KNOTS('',3,(#7821,#7822,#7823,#7824,#7825,#7826,
#7827,#7828,#7829,#7830,#7831,#7832,#7833),.UNSPECIFIED.,.F.,.F.,(4,3,3,
3,4),(0.021225299912804,0.0226017161401781,0.0350656526872969,0.0448165942775731,
0.0466843516837157),.UNSPECIFIED.);
#67=B_SPLINE_CURVE_WITH_KNOTS('',3,(#7834,#7835,#7836,#7837,#7838,#7839,
#7840,#7841,#7842,#7843),.UNSPECIFIED.,.F.,.F.,(4,2,2,2,4),(0.000518654617386319,
0.00591156320561824,0.0126200936394406,0.0268611091449356,0.0273490556598076),
 .UNSPECIFIED.);
#68=B_SPLINE_CURVE_WITH_KNOTS('',3,(#7848,#7849,#7850,#7851,#7852,#7853,
#7854,#7855,#7856,#7857),.UNSPECIFIED.,.F.,.F.,(4,1,1,1,1,1,1,4),(0.0736347882530007,
0.11587540626501,0.162688959306425,0.20950251234784,0.256316065389255,0.30312961843067,
0.349943171472085,0.392270765459571),.UNSPECIFIED.);
#69=B_SPLINE_CURVE_WITH_KNOTS('',3,(#7910,#7911,#7912,#7913,#7914,#7915),
 .UNSPECIFIED.,.F.,.F.,(4,2,4),(0.0291531186286542,0.0548719219637542,0.0600732911318365),
 .UNSPECIFIED.);
#70=B_SPLINE_CURVE_WITH_KNOTS('',3,(#7916,#7917,#7918,#7919,#7920,#7921,
#7922,#7923),.UNSPECIFIED.,.F.,.F.,(4,2,2,4),(0.,0.0063031666326158,0.0130332815555922,
0.0252610294782609),.UNSPECIFIED.);
#71=B_SPLINE_CURVE_WITH_KNOTS('',3,(#7925,#7926,#7927,#7928,#7929,#7930,
#7931,#7932,#7933,#7934,#7935,#7936,#7937,#7938,#7939,#7940),
 .UNSPECIFIED.,.F.,.F.,(4,3,3,3,3,4),(0.0212252998965506,0.0226017166193204,
0.0344401593166289,0.035065652979183,0.0448387838185429,0.0466843516902529),
 .UNSPECIFIED.);
#72=B_SPLINE_CURVE_WITH_KNOTS('',3,(#7941,#7942,#7943,#7944,#7945,#7946,
#7947,#7948,#7949,#7950),.UNSPECIFIED.,.F.,.F.,(4,2,2,2,4),(0.000654652054242675,
0.00591151942115369,0.0126199970823601,0.0268609102889513,0.0273490611616524),
 .UNSPECIFIED.);
#73=B_SPLINE_CURVE_WITH_KNOTS('',3,(#8357,#8358,#8359,#8360,#8361,#8362,
#8363,#8364,#8365,#8366,#8367,#8368,#8369,#8370,#8371,#8372),
 .UNSPECIFIED.,.F.,.F.,(4,2,2,2,2,2,2,4),(0.,0.00901780049566788,0.0135267007435018,
0.0180356009913358,0.0220022518183627,0.0259689026453896,0.0335563655976699,
0.0411438285499502),.UNSPECIFIED.);
#74=B_SPLINE_CURVE_WITH_KNOTS('',3,(#8376,#8377,#8378,#8379,#8380,#8381,
#8382,#8383,#8384,#8385,#8386,#8387,#8388,#8389,#8390,#8391),
 .UNSPECIFIED.,.F.,.F.,(4,2,2,2,2,2,2,4),(-0.04114382854995,-0.0335563655976697,
-0.0259689026453894,-0.0220022518183625,-0.0180356009913356,-0.0135267007435017,
-0.00901780049566778,0.),.UNSPECIFIED.);
#75=B_SPLINE_CURVE_WITH_KNOTS('',3,(#8445,#8446,#8447,#8448,#8449,#8450,
#8451,#8452,#8453,#8454,#8455,#8456,#8457,#8458,#8459,#8460),
 .UNSPECIFIED.,.F.,.F.,(4,2,2,2,2,2,2,4),(0.,0.00901780049566782,0.0135267007435017,
0.0180356009913356,0.0220022518183626,0.0259689026453895,0.0335563655976697,
0.04114382854995),.UNSPECIFIED.);
#76=B_SPLINE_CURVE_WITH_KNOTS('',3,(#8463,#8464,#8465,#8466,#8467,#8468,
#8469,#8470,#8471,#8472,#8473,#8474,#8475,#8476,#8477,#8478),
 .UNSPECIFIED.,.F.,.F.,(4,2,2,2,2,2,2,4),(-0.04114382854995,-0.0335563655976697,
-0.0259689026453895,-0.0220022518183625,-0.0180356009913356,-0.0135267007435017,
-0.0090178004956678,0.),.UNSPECIFIED.);
#77=B_SPLINE_SURFACE_WITH_KNOTS('',3,3,((#7200,#7201,#7202,#7203,#7204),
(#7205,#7206,#7207,#7208,#7209),(#7210,#7211,#7212,#7213,#7214),(#7215,
#7216,#7217,#7218,#7219),(#7220,#7221,#7222,#7223,#7224)),.UNSPECIFIED.,
 .F.,.F.,.F.,(4,1,4),(4,1,4),(0.,0.571428571428571,1.),(-1.33519844261809,
-0.991186580768275,-0.532504098301851),.UNSPECIFIED.);
#78=B_SPLINE_SURFACE_WITH_KNOTS('',3,3,((#7361,#7362,#7363,#7364,#7365),
(#7366,#7367,#7368,#7369,#7370),(#7371,#7372,#7373,#7374,#7375),(#7376,
#7377,#7378,#7379,#7380),(#7381,#7382,#7383,#7384,#7385)),.UNSPECIFIED.,
 .F.,.F.,.F.,(4,1,4),(4,1,4),(0.,0.571428571428571,1.),(0.53250409830185,
0.876515960151669,1.33519844261809),.UNSPECIFIED.);
#79=B_SPLINE_SURFACE_WITH_KNOTS('',3,3,((#7415,#7416,#7417,#7418,#7419,
#7420,#7421,#7422,#7423,#7424),(#7425,#7426,#7427,#7428,#7429,#7430,#7431,
#7432,#7433,#7434),(#7435,#7436,#7437,#7438,#7439,#7440,#7441,#7442,#7443,
#7444),(#7445,#7446,#7447,#7448,#7449,#7450,#7451,#7452,#7453,#7454),(#7455,
#7456,#7457,#7458,#7459,#7460,#7461,#7462,#7463,#7464)),.UNSPECIFIED.,.F.,
 .F.,.F.,(4,1,4),(4,1,1,1,1,1,1,4),(0.,0.571428571428571,1.),(0.069144677704978,
0.115958228229946,0.162771778754914,0.209585329279881,0.256398879804849,
0.303212430329817,0.350025980854785,0.396839531379752),.UNSPECIFIED.);
#80=B_SPLINE_SURFACE_WITH_KNOTS('',3,3,((#7538,#7539,#7540,#7541,#7542),
(#7543,#7544,#7545,#7546,#7547),(#7548,#7549,#7550,#7551,#7552),(#7553,
#7554,#7555,#7556,#7557),(#7558,#7559,#7560,#7561,#7562)),.UNSPECIFIED.,
 .F.,.F.,.F.,(4,1,4),(4,1,4),(0.,0.571428571428571,1.),(-1.33519844261809,
-0.876515960151669,-0.53250409830185),.UNSPECIFIED.);
#81=B_SPLINE_SURFACE_WITH_KNOTS('',3,3,((#7610,#7611,#7612,#7613,#7614,
#7615,#7616,#7617),(#7618,#7619,#7620,#7621,#7622,#7623,#7624,#7625),(#7626,
#7627,#7628,#7629,#7630,#7631,#7632,#7633),(#7634,#7635,#7636,#7637,#7638,
#7639,#7640,#7641),(#7642,#7643,#7644,#7645,#7646,#7647,#7648,#7649)),
 .UNSPECIFIED.,.F.,.F.,.F.,(4,1,4),(4,1,1,1,1,4),(0.,0.571428571428571,
1.),(0.0690618532235981,0.162688959306428,0.209502512347844,0.256316065389259,
0.303129618430674,0.396756724513504),.UNSPECIFIED.);
#82=B_SPLINE_SURFACE_WITH_KNOTS('',3,3,((#7699,#7700,#7701,#7702,#7703),
(#7704,#7705,#7706,#7707,#7708),(#7709,#7710,#7711,#7712,#7713),(#7714,
#7715,#7716,#7717,#7718),(#7719,#7720,#7721,#7722,#7723)),.UNSPECIFIED.,
 .F.,.F.,.F.,(4,1,4),(4,1,4),(0.,0.571428571428571,1.),(0.532504098301851,
0.876515960151669,1.33519844261809),.UNSPECIFIED.);
#83=B_SPLINE_SURFACE_WITH_KNOTS('',3,3,((#7751,#7752,#7753,#7754,#7755,
#7756,#7757,#7758,#7759),(#7760,#7761,#7762,#7763,#7764,#7765,#7766,#7767,
#7768),(#7769,#7770,#7771,#7772,#7773,#7774,#7775,#7776,#7777),(#7778,#7779,
#7780,#7781,#7782,#7783,#7784,#7785,#7786),(#7787,#7788,#7789,#7790,#7791,
#7792,#7793,#7794,#7795)),.UNSPECIFIED.,.F.,.F.,.F.,(4,1,4),(4,1,1,1,1,
1,4),(0.,0.571428571428571,1.),(0.0691446777049822,0.162771778754917,0.209585329279884,
0.256398879804852,0.303212430329819,0.326619205592303,0.396839531379754),
 .UNSPECIFIED.);
#84=B_SPLINE_SURFACE_WITH_KNOTS('',3,3,((#7859,#7860,#7861,#7862,#7863,
#7864,#7865,#7866,#7867,#7868),(#7869,#7870,#7871,#7872,#7873,#7874,#7875,
#7876,#7877,#7878),(#7879,#7880,#7881,#7882,#7883,#7884,#7885,#7886,#7887,
#7888),(#7889,#7890,#7891,#7892,#7893,#7894,#7895,#7896,#7897,#7898),(#7899,
#7900,#7901,#7902,#7903,#7904,#7905,#7906,#7907,#7908)),.UNSPECIFIED.,.F.,
 .F.,.F.,(4,1,4),(4,1,1,1,1,1,1,4),(0.,0.571428571428571,1.),(0.0690618532235955,
0.11587540626501,0.162688959306425,0.20950251234784,0.256316065389255,0.30312961843067,
0.349943171472085,0.3967567245135),.UNSPECIFIED.);
#85=STYLED_ITEM('',(#8633),#90);
#86=STYLED_ITEM('',(#8633),#91);
#87=STYLED_ITEM('',(#8633),#92);
#88=STYLED_ITEM('',(#8633),#93);
#89=STYLED_ITEM('',(#8633),#94);
#90=MANIFOLD_SOLID_BREP('Solid1',#4832);
#91=MANIFOLD_SOLID_BREP('Solid2',#4833);
#92=MANIFOLD_SOLID_BREP('Solid3',#4834);
#93=MANIFOLD_SOLID_BREP('Solid4',#4835);
#94=MANIFOLD_SOLID_BREP('Solid5',#4836);
#95=PLANE('',#4878);
#96=PLANE('',#4881);
#97=PLANE('',#4882);
#98=PLANE('',#4907);
#99=PLANE('',#4908);
#100=PLANE('',#4931);
#101=PLANE('',#4934);
#102=PLANE('',#4935);
#103=PLANE('',#4958);
#104=PLANE('',#4961);
#105=PLANE('',#4962);
#106=PLANE('',#4963);
#107=PLANE('',#4964);
#108=PLANE('',#4965);
#109=PLANE('',#4966);
#110=PLANE('',#4967);
#111=PLANE('',#4968);
#112=PLANE('',#4969);
#113=PLANE('',#4970);
#114=PLANE('',#4971);
#115=PLANE('',#4972);
#116=PLANE('',#4975);
#117=PLANE('',#4984);
#118=PLANE('',#4989);
#119=PLANE('',#4992);
#120=PLANE('',#4993);
#121=PLANE('',#4994);
#122=PLANE('',#4995);
#123=PLANE('',#4996);
#124=PLANE('',#4997);
#125=PLANE('',#4998);
#126=PLANE('',#4999);
#127=PLANE('',#5000);
#128=PLANE('',#5001);
#129=PLANE('',#5002);
#130=PLANE('',#5003);
#131=PLANE('',#5004);
#132=PLANE('',#5005);
#133=PLANE('',#5006);
#134=PLANE('',#5007);
#135=PLANE('',#5008);
#136=PLANE('',#5009);
#137=PLANE('',#5010);
#138=PLANE('',#5011);
#139=PLANE('',#5012);
#140=PLANE('',#5013);
#141=PLANE('',#5014);
#142=PLANE('',#5015);
#143=PLANE('',#5016);
#144=PLANE('',#5017);
#145=PLANE('',#5018);
#146=PLANE('',#5019);
#147=PLANE('',#5020);
#148=PLANE('',#5021);
#149=PLANE('',#5022);
#150=PLANE('',#5023);
#151=PLANE('',#5024);
#152=PLANE('',#5025);
#153=PLANE('',#5026);
#154=PLANE('',#5027);
#155=PLANE('',#5028);
#156=PLANE('',#5029);
#157=PLANE('',#5030);
#158=PLANE('',#5034);
#159=PLANE('',#5038);
#160=PLANE('',#5039);
#161=PLANE('',#5043);
#162=PLANE('',#5047);
#163=PLANE('',#5048);
#164=PLANE('',#5049);
#165=PLANE('',#5050);
#166=PLANE('',#5051);
#167=PLANE('',#5052);
#168=PLANE('',#5056);
#169=PLANE('',#5060);
#170=PLANE('',#5061);
#171=PLANE('',#5062);
#172=PLANE('',#5067);
#173=PLANE('',#5077);
#174=PLANE('',#5078);
#175=PLANE('',#5079);
#176=PLANE('',#5080);
#177=PLANE('',#5081);
#178=PLANE('',#5082);
#179=PLANE('',#5083);
#180=PLANE('',#5085);
#181=PLANE('',#5086);
#182=PLANE('',#5087);
#183=PLANE('',#5088);
#184=PLANE('',#5089);
#185=PLANE('',#5090);
#186=PLANE('',#5091);
#187=PLANE('',#5092);
#188=PLANE('',#5093);
#189=PLANE('',#5094);
#190=PLANE('',#5095);
#191=PLANE('',#5096);
#192=PLANE('',#5097);
#193=PLANE('',#5098);
#194=PLANE('',#5099);
#195=PLANE('',#5100);
#196=PLANE('',#5101);
#197=PLANE('',#5102);
#198=PLANE('',#5103);
#199=PLANE('',#5104);
#200=PLANE('',#5105);
#201=PLANE('',#5106);
#202=PLANE('',#5107);
#203=PLANE('',#5108);
#204=PLANE('',#5109);
#205=PLANE('',#5110);
#206=PLANE('',#5111);
#207=PLANE('',#5112);
#208=PLANE('',#5116);
#209=PLANE('',#5122);
#210=PLANE('',#5128);
#211=PLANE('',#5129);
#212=PLANE('',#5137);
#213=PLANE('',#5138);
#214=PLANE('',#5145);
#215=PLANE('',#5149);
#216=PLANE('',#5151);
#217=PLANE('',#5154);
#218=PLANE('',#5157);
#219=PLANE('',#5159);
#220=PLANE('',#5163);
#221=PLANE('',#5165);
#222=PLANE('',#5166);
#223=PLANE('',#5167);
#224=PLANE('',#5168);
#225=PLANE('',#5169);
#226=PLANE('',#5170);
#227=PLANE('',#5171);
#228=PLANE('',#5172);
#229=PLANE('',#5176);
#230=PLANE('',#5177);
#231=PLANE('',#5182);
#232=PLANE('',#5189);
#233=PLANE('',#5190);
#234=PLANE('',#5201);
#235=PLANE('',#5202);
#236=PLANE('',#5203);
#237=PLANE('',#5204);
#238=PLANE('',#5205);
#239=PLANE('',#5206);
#240=PLANE('',#5207);
#241=PLANE('',#5208);
#242=PLANE('',#5209);
#243=PLANE('',#5210);
#244=PLANE('',#5211);
#245=PLANE('',#5212);
#246=PLANE('',#5213);
#247=PLANE('',#5214);
#248=PLANE('',#5215);
#249=PLANE('',#5216);
#250=PLANE('',#5217);
#251=PLANE('',#5218);
#252=PLANE('',#5219);
#253=PLANE('',#5220);
#254=PLANE('',#5221);
#255=PLANE('',#5222);
#256=PLANE('',#5223);
#257=PLANE('',#5224);
#258=PLANE('',#5225);
#259=PLANE('',#5226);
#260=PLANE('',#5227);
#261=PLANE('',#5228);
#262=PLANE('',#5229);
#263=PLANE('',#5230);
#264=PLANE('',#5231);
#265=PLANE('',#5232);
#266=PLANE('',#5233);
#267=PLANE('',#5234);
#268=SPHERICAL_SURFACE('',#4862,0.0118110236220472);
#269=SPHERICAL_SURFACE('',#4867,0.0118110236220472);
#270=SPHERICAL_SURFACE('',#4872,0.0118110236220472);
#271=SPHERICAL_SURFACE('',#4874,0.0118110236220472);
#272=SPHERICAL_SURFACE('',#4889,0.0118110236220472);
#273=SPHERICAL_SURFACE('',#4894,0.0118110236220472);
#274=SPHERICAL_SURFACE('',#4899,0.0118110236220472);
#275=SPHERICAL_SURFACE('',#4901,0.0118110236220472);
#276=SPHERICAL_SURFACE('',#4915,0.0118110236220472);
#277=SPHERICAL_SURFACE('',#4920,0.0118110236220472);
#278=SPHERICAL_SURFACE('',#4925,0.0118110236220472);
#279=SPHERICAL_SURFACE('',#4927,0.0118110236220472);
#280=SPHERICAL_SURFACE('',#4942,0.0118110236220472);
#281=SPHERICAL_SURFACE('',#4947,0.0118110236220472);
#282=SPHERICAL_SURFACE('',#4952,0.0118110236220472);
#283=SPHERICAL_SURFACE('',#4954,0.0118110236220472);
#284=FACE_OUTER_BOUND('',#547,.T.);
#285=FACE_OUTER_BOUND('',#548,.T.);
#286=FACE_OUTER_BOUND('',#549,.T.);
#287=FACE_OUTER_BOUND('',#550,.T.);
#288=FACE_OUTER_BOUND('',#551,.T.);
#289=FACE_OUTER_BOUND('',#552,.T.);
#290=FACE_OUTER_BOUND('',#553,.T.);
#291=FACE_OUTER_BOUND('',#554,.T.);
#292=FACE_OUTER_BOUND('',#555,.T.);
#293=FACE_OUTER_BOUND('',#556,.T.);
#294=FACE_OUTER_BOUND('',#557,.T.);
#295=FACE_OUTER_BOUND('',#558,.T.);
#296=FACE_OUTER_BOUND('',#559,.T.);
#297=FACE_OUTER_BOUND('',#560,.T.);
#298=FACE_OUTER_BOUND('',#561,.T.);
#299=FACE_OUTER_BOUND('',#562,.T.);
#300=FACE_OUTER_BOUND('',#563,.T.);
#301=FACE_OUTER_BOUND('',#564,.T.);
#302=FACE_OUTER_BOUND('',#565,.T.);
#303=FACE_OUTER_BOUND('',#566,.T.);
#304=FACE_OUTER_BOUND('',#567,.T.);
#305=FACE_OUTER_BOUND('',#568,.T.);
#306=FACE_OUTER_BOUND('',#569,.T.);
#307=FACE_OUTER_BOUND('',#570,.T.);
#308=FACE_OUTER_BOUND('',#571,.T.);
#309=FACE_OUTER_BOUND('',#572,.T.);
#310=FACE_OUTER_BOUND('',#573,.T.);
#311=FACE_OUTER_BOUND('',#574,.T.);
#312=FACE_OUTER_BOUND('',#575,.T.);
#313=FACE_OUTER_BOUND('',#576,.T.);
#314=FACE_OUTER_BOUND('',#577,.T.);
#315=FACE_OUTER_BOUND('',#578,.T.);
#316=FACE_OUTER_BOUND('',#579,.T.);
#317=FACE_OUTER_BOUND('',#580,.T.);
#318=FACE_OUTER_BOUND('',#581,.T.);
#319=FACE_OUTER_BOUND('',#582,.T.);
#320=FACE_OUTER_BOUND('',#583,.T.);
#321=FACE_OUTER_BOUND('',#584,.T.);
#322=FACE_OUTER_BOUND('',#585,.T.);
#323=FACE_OUTER_BOUND('',#586,.T.);
#324=FACE_OUTER_BOUND('',#587,.T.);
#325=FACE_OUTER_BOUND('',#588,.T.);
#326=FACE_OUTER_BOUND('',#589,.T.);
#327=FACE_OUTER_BOUND('',#590,.T.);
#328=FACE_OUTER_BOUND('',#591,.T.);
#329=FACE_OUTER_BOUND('',#592,.T.);
#330=FACE_OUTER_BOUND('',#593,.T.);
#331=FACE_OUTER_BOUND('',#594,.T.);
#332=FACE_OUTER_BOUND('',#595,.T.);
#333=FACE_OUTER_BOUND('',#596,.T.);
#334=FACE_OUTER_BOUND('',#597,.T.);
#335=FACE_OUTER_BOUND('',#598,.T.);
#336=FACE_OUTER_BOUND('',#599,.T.);
#337=FACE_OUTER_BOUND('',#600,.T.);
#338=FACE_OUTER_BOUND('',#601,.T.);
#339=FACE_OUTER_BOUND('',#602,.T.);
#340=FACE_OUTER_BOUND('',#603,.T.);
#341=FACE_OUTER_BOUND('',#604,.T.);
#342=FACE_OUTER_BOUND('',#605,.T.);
#343=FACE_OUTER_BOUND('',#606,.T.);
#344=FACE_OUTER_BOUND('',#607,.T.);
#345=FACE_OUTER_BOUND('',#608,.T.);
#346=FACE_OUTER_BOUND('',#609,.T.);
#347=FACE_OUTER_BOUND('',#610,.T.);
#348=FACE_OUTER_BOUND('',#611,.T.);
#349=FACE_OUTER_BOUND('',#612,.T.);
#350=FACE_OUTER_BOUND('',#613,.T.);
#351=FACE_OUTER_BOUND('',#614,.T.);
#352=FACE_OUTER_BOUND('',#615,.T.);
#353=FACE_OUTER_BOUND('',#616,.T.);
#354=FACE_OUTER_BOUND('',#617,.T.);
#355=FACE_OUTER_BOUND('',#618,.T.);
#356=FACE_OUTER_BOUND('',#619,.T.);
#357=FACE_OUTER_BOUND('',#620,.T.);
#358=FACE_OUTER_BOUND('',#621,.T.);
#359=FACE_OUTER_BOUND('',#622,.T.);
#360=FACE_OUTER_BOUND('',#623,.T.);
#361=FACE_OUTER_BOUND('',#624,.T.);
#362=FACE_OUTER_BOUND('',#625,.T.);
#363=FACE_OUTER_BOUND('',#626,.T.);
#364=FACE_OUTER_BOUND('',#627,.T.);
#365=FACE_OUTER_BOUND('',#628,.T.);
#366=FACE_OUTER_BOUND('',#629,.T.);
#367=FACE_OUTER_BOUND('',#630,.T.);
#368=FACE_OUTER_BOUND('',#631,.T.);
#369=FACE_OUTER_BOUND('',#632,.T.);
#370=FACE_OUTER_BOUND('',#633,.T.);
#371=FACE_OUTER_BOUND('',#634,.T.);
#372=FACE_OUTER_BOUND('',#635,.T.);
#373=FACE_OUTER_BOUND('',#636,.T.);
#374=FACE_OUTER_BOUND('',#637,.T.);
#375=FACE_OUTER_BOUND('',#638,.T.);
#376=FACE_OUTER_BOUND('',#639,.T.);
#377=FACE_OUTER_BOUND('',#640,.T.);
#378=FACE_OUTER_BOUND('',#641,.T.);
#379=FACE_OUTER_BOUND('',#642,.T.);
#380=FACE_OUTER_BOUND('',#643,.T.);
#381=FACE_OUTER_BOUND('',#644,.T.);
#382=FACE_OUTER_BOUND('',#645,.T.);
#383=FACE_OUTER_BOUND('',#646,.T.);
#384=FACE_OUTER_BOUND('',#647,.T.);
#385=FACE_OUTER_BOUND('',#648,.T.);
#386=FACE_OUTER_BOUND('',#649,.T.);
#387=FACE_OUTER_BOUND('',#650,.T.);
#388=FACE_OUTER_BOUND('',#651,.T.);
#389=FACE_OUTER_BOUND('',#652,.T.);
#390=FACE_OUTER_BOUND('',#653,.T.);
#391=FACE_OUTER_BOUND('',#654,.T.);
#392=FACE_OUTER_BOUND('',#655,.T.);
#393=FACE_OUTER_BOUND('',#656,.T.);
#394=FACE_OUTER_BOUND('',#657,.T.);
#395=FACE_OUTER_BOUND('',#658,.T.);
#396=FACE_OUTER_BOUND('',#659,.T.);
#397=FACE_OUTER_BOUND('',#660,.T.);
#398=FACE_OUTER_BOUND('',#661,.T.);
#399=FACE_OUTER_BOUND('',#662,.T.);
#400=FACE_OUTER_BOUND('',#663,.T.);
#401=FACE_OUTER_BOUND('',#664,.T.);
#402=FACE_OUTER_BOUND('',#665,.T.);
#403=FACE_OUTER_BOUND('',#666,.T.);
#404=FACE_OUTER_BOUND('',#667,.T.);
#405=FACE_OUTER_BOUND('',#668,.T.);
#406=FACE_OUTER_BOUND('',#669,.T.);
#407=FACE_OUTER_BOUND('',#670,.T.);
#408=FACE_OUTER_BOUND('',#671,.T.);
#409=FACE_OUTER_BOUND('',#672,.T.);
#410=FACE_OUTER_BOUND('',#673,.T.);
#411=FACE_OUTER_BOUND('',#674,.T.);
#412=FACE_OUTER_BOUND('',#675,.T.);
#413=FACE_OUTER_BOUND('',#676,.T.);
#414=FACE_OUTER_BOUND('',#677,.T.);
#415=FACE_OUTER_BOUND('',#678,.T.);
#416=FACE_OUTER_BOUND('',#679,.T.);
#417=FACE_OUTER_BOUND('',#680,.T.);
#418=FACE_OUTER_BOUND('',#681,.T.);
#419=FACE_OUTER_BOUND('',#682,.T.);
#420=FACE_OUTER_BOUND('',#683,.T.);
#421=FACE_OUTER_BOUND('',#684,.T.);
#422=FACE_OUTER_BOUND('',#685,.T.);
#423=FACE_OUTER_BOUND('',#686,.T.);
#424=FACE_OUTER_BOUND('',#687,.T.);
#425=FACE_OUTER_BOUND('',#688,.T.);
#426=FACE_OUTER_BOUND('',#689,.T.);
#427=FACE_OUTER_BOUND('',#690,.T.);
#428=FACE_OUTER_BOUND('',#691,.T.);
#429=FACE_OUTER_BOUND('',#692,.T.);
#430=FACE_OUTER_BOUND('',#693,.T.);
#431=FACE_OUTER_BOUND('',#694,.T.);
#432=FACE_OUTER_BOUND('',#695,.T.);
#433=FACE_OUTER_BOUND('',#696,.T.);
#434=FACE_OUTER_BOUND('',#697,.T.);
#435=FACE_OUTER_BOUND('',#698,.T.);
#436=FACE_OUTER_BOUND('',#699,.T.);
#437=FACE_OUTER_BOUND('',#700,.T.);
#438=FACE_OUTER_BOUND('',#701,.T.);
#439=FACE_OUTER_BOUND('',#702,.T.);
#440=FACE_OUTER_BOUND('',#703,.T.);
#441=FACE_OUTER_BOUND('',#704,.T.);
#442=FACE_OUTER_BOUND('',#705,.T.);
#443=FACE_OUTER_BOUND('',#706,.T.);
#444=FACE_OUTER_BOUND('',#707,.T.);
#445=FACE_OUTER_BOUND('',#708,.T.);
#446=FACE_OUTER_BOUND('',#709,.T.);
#447=FACE_OUTER_BOUND('',#710,.T.);
#448=FACE_OUTER_BOUND('',#711,.T.);
#449=FACE_OUTER_BOUND('',#712,.T.);
#450=FACE_OUTER_BOUND('',#713,.T.);
#451=FACE_OUTER_BOUND('',#714,.T.);
#452=FACE_OUTER_BOUND('',#715,.T.);
#453=FACE_OUTER_BOUND('',#716,.T.);
#454=FACE_OUTER_BOUND('',#717,.T.);
#455=FACE_OUTER_BOUND('',#718,.T.);
#456=FACE_OUTER_BOUND('',#719,.T.);
#457=FACE_OUTER_BOUND('',#720,.T.);
#458=FACE_OUTER_BOUND('',#722,.T.);
#459=FACE_OUTER_BOUND('',#723,.T.);
#460=FACE_OUTER_BOUND('',#724,.T.);
#461=FACE_OUTER_BOUND('',#725,.T.);
#462=FACE_OUTER_BOUND('',#726,.T.);
#463=FACE_OUTER_BOUND('',#728,.T.);
#464=FACE_OUTER_BOUND('',#729,.T.);
#465=FACE_OUTER_BOUND('',#730,.T.);
#466=FACE_OUTER_BOUND('',#731,.T.);
#467=FACE_OUTER_BOUND('',#733,.T.);
#468=FACE_OUTER_BOUND('',#734,.T.);
#469=FACE_OUTER_BOUND('',#735,.T.);
#470=FACE_OUTER_BOUND('',#736,.T.);
#471=FACE_OUTER_BOUND('',#737,.T.);
#472=FACE_OUTER_BOUND('',#739,.T.);
#473=FACE_OUTER_BOUND('',#740,.T.);
#474=FACE_OUTER_BOUND('',#741,.T.);
#475=FACE_OUTER_BOUND('',#743,.T.);
#476=FACE_OUTER_BOUND('',#744,.T.);
#477=FACE_OUTER_BOUND('',#745,.T.);
#478=FACE_OUTER_BOUND('',#746,.T.);
#479=FACE_OUTER_BOUND('',#747,.T.);
#480=FACE_OUTER_BOUND('',#748,.T.);
#481=FACE_OUTER_BOUND('',#749,.T.);
#482=FACE_OUTER_BOUND('',#750,.T.);
#483=FACE_OUTER_BOUND('',#751,.T.);
#484=FACE_OUTER_BOUND('',#752,.T.);
#485=FACE_OUTER_BOUND('',#753,.T.);
#486=FACE_OUTER_BOUND('',#754,.T.);
#487=FACE_OUTER_BOUND('',#755,.T.);
#488=FACE_OUTER_BOUND('',#756,.T.);
#489=FACE_OUTER_BOUND('',#757,.T.);
#490=FACE_OUTER_BOUND('',#758,.T.);
#491=FACE_OUTER_BOUND('',#759,.T.);
#492=FACE_OUTER_BOUND('',#760,.T.);
#493=FACE_OUTER_BOUND('',#761,.T.);
#494=FACE_OUTER_BOUND('',#762,.T.);
#495=FACE_OUTER_BOUND('',#763,.T.);
#496=FACE_OUTER_BOUND('',#764,.T.);
#497=FACE_OUTER_BOUND('',#765,.T.);
#498=FACE_OUTER_BOUND('',#766,.T.);
#499=FACE_OUTER_BOUND('',#767,.T.);
#500=FACE_OUTER_BOUND('',#768,.T.);
#501=FACE_OUTER_BOUND('',#769,.T.);
#502=FACE_OUTER_BOUND('',#770,.T.);
#503=FACE_OUTER_BOUND('',#771,.T.);
#504=FACE_OUTER_BOUND('',#773,.T.);
#505=FACE_OUTER_BOUND('',#774,.T.);
#506=FACE_OUTER_BOUND('',#775,.T.);
#507=FACE_OUTER_BOUND('',#776,.T.);
#508=FACE_OUTER_BOUND('',#777,.T.);
#509=FACE_OUTER_BOUND('',#778,.T.);
#510=FACE_OUTER_BOUND('',#779,.T.);
#511=FACE_OUTER_BOUND('',#780,.T.);
#512=FACE_OUTER_BOUND('',#781,.T.);
#513=FACE_OUTER_BOUND('',#782,.T.);
#514=FACE_OUTER_BOUND('',#783,.T.);
#515=FACE_OUTER_BOUND('',#784,.T.);
#516=FACE_OUTER_BOUND('',#785,.T.);
#517=FACE_OUTER_BOUND('',#786,.T.);
#518=FACE_OUTER_BOUND('',#787,.T.);
#519=FACE_OUTER_BOUND('',#788,.T.);
#520=FACE_OUTER_BOUND('',#789,.T.);
#521=FACE_OUTER_BOUND('',#790,.T.);
#522=FACE_OUTER_BOUND('',#791,.T.);
#523=FACE_OUTER_BOUND('',#792,.T.);
#524=FACE_OUTER_BOUND('',#793,.T.);
#525=FACE_OUTER_BOUND('',#794,.T.);
#526=FACE_OUTER_BOUND('',#795,.T.);
#527=FACE_OUTER_BOUND('',#796,.T.);
#528=FACE_OUTER_BOUND('',#797,.T.);
#529=FACE_OUTER_BOUND('',#799,.T.);
#530=FACE_OUTER_BOUND('',#800,.T.);
#531=FACE_OUTER_BOUND('',#802,.T.);
#532=FACE_OUTER_BOUND('',#803,.T.);
#533=FACE_OUTER_BOUND('',#804,.T.);
#534=FACE_OUTER_BOUND('',#805,.T.);
#535=FACE_OUTER_BOUND('',#806,.T.);
#536=FACE_OUTER_BOUND('',#807,.T.);
#537=FACE_OUTER_BOUND('',#808,.T.);
#538=FACE_OUTER_BOUND('',#809,.T.);
#539=FACE_OUTER_BOUND('',#810,.T.);
#540=FACE_OUTER_BOUND('',#811,.T.);
#541=FACE_OUTER_BOUND('',#812,.T.);
#542=FACE_OUTER_BOUND('',#813,.T.);
#543=FACE_OUTER_BOUND('',#814,.T.);
#544=FACE_OUTER_BOUND('',#815,.T.);
#545=FACE_OUTER_BOUND('',#816,.T.);
#546=FACE_OUTER_BOUND('',#818,.T.);
#547=EDGE_LOOP('',(#3117,#3118,#3119,#3120));
#548=EDGE_LOOP('',(#3121,#3122,#3123,#3124));
#549=EDGE_LOOP('',(#3125,#3126,#3127));
#550=EDGE_LOOP('',(#3128,#3129,#3130,#3131));
#551=EDGE_LOOP('',(#3132,#3133,#3134));
#552=EDGE_LOOP('',(#3135,#3136,#3137,#3138));
#553=EDGE_LOOP('',(#3139,#3140,#3141));
#554=EDGE_LOOP('',(#3142,#3143,#3144));
#555=EDGE_LOOP('',(#3145,#3146,#3147,#3148));
#556=EDGE_LOOP('',(#3149,#3150,#3151,#3152,#3153,#3154,#3155,#3156,#3157,
#3158,#3159,#3160));
#557=EDGE_LOOP('',(#3161,#3162,#3163,#3164));
#558=EDGE_LOOP('',(#3165,#3166,#3167,#3168));
#559=EDGE_LOOP('',(#3169,#3170,#3171,#3172));
#560=EDGE_LOOP('',(#3173,#3174,#3175,#3176));
#561=EDGE_LOOP('',(#3177,#3178,#3179,#3180));
#562=EDGE_LOOP('',(#3181,#3182,#3183));
#563=EDGE_LOOP('',(#3184,#3185,#3186,#3187));
#564=EDGE_LOOP('',(#3188,#3189,#3190));
#565=EDGE_LOOP('',(#3191,#3192,#3193,#3194));
#566=EDGE_LOOP('',(#3195,#3196,#3197));
#567=EDGE_LOOP('',(#3198,#3199,#3200));
#568=EDGE_LOOP('',(#3201,#3202,#3203,#3204));
#569=EDGE_LOOP('',(#3205,#3206,#3207,#3208));
#570=EDGE_LOOP('',(#3209,#3210,#3211,#3212,#3213,#3214,#3215,#3216,#3217,
#3218));
#571=EDGE_LOOP('',(#3219,#3220,#3221,#3222));
#572=EDGE_LOOP('',(#3223,#3224,#3225,#3226));
#573=EDGE_LOOP('',(#3227,#3228,#3229,#3230));
#574=EDGE_LOOP('',(#3231,#3232,#3233));
#575=EDGE_LOOP('',(#3234,#3235,#3236,#3237));
#576=EDGE_LOOP('',(#3238,#3239,#3240));
#577=EDGE_LOOP('',(#3241,#3242,#3243,#3244));
#578=EDGE_LOOP('',(#3245,#3246,#3247));
#579=EDGE_LOOP('',(#3248,#3249,#3250));
#580=EDGE_LOOP('',(#3251,#3252,#3253,#3254));
#581=EDGE_LOOP('',(#3255,#3256,#3257,#3258));
#582=EDGE_LOOP('',(#3259,#3260,#3261,#3262));
#583=EDGE_LOOP('',(#3263,#3264,#3265,#3266,#3267,#3268,#3269,#3270,#3271,
#3272));
#584=EDGE_LOOP('',(#3273,#3274,#3275,#3276));
#585=EDGE_LOOP('',(#3277,#3278,#3279,#3280));
#586=EDGE_LOOP('',(#3281,#3282,#3283,#3284));
#587=EDGE_LOOP('',(#3285,#3286,#3287));
#588=EDGE_LOOP('',(#3288,#3289,#3290,#3291));
#589=EDGE_LOOP('',(#3292,#3293,#3294));
#590=EDGE_LOOP('',(#3295,#3296,#3297,#3298));
#591=EDGE_LOOP('',(#3299,#3300,#3301));
#592=EDGE_LOOP('',(#3302,#3303,#3304));
#593=EDGE_LOOP('',(#3305,#3306,#3307,#3308));
#594=EDGE_LOOP('',(#3309,#3310,#3311,#3312));
#595=EDGE_LOOP('',(#3313,#3314,#3315,#3316));
#596=EDGE_LOOP('',(#3317,#3318,#3319,#3320));
#597=EDGE_LOOP('',(#3321,#3322,#3323,#3324));
#598=EDGE_LOOP('',(#3325,#3326,#3327,#3328));
#599=EDGE_LOOP('',(#3329,#3330,#3331,#3332));
#600=EDGE_LOOP('',(#3333,#3334,#3335,#3336));
#601=EDGE_LOOP('',(#3337,#3338,#3339,#3340));
#602=EDGE_LOOP('',(#3341,#3342,#3343,#3344));
#603=EDGE_LOOP('',(#3345,#3346,#3347,#3348));
#604=EDGE_LOOP('',(#3349,#3350,#3351,#3352,#3353,#3354,#3355,#3356,#3357,
#3358,#3359,#3360,#3361,#3362));
#605=EDGE_LOOP('',(#3363,#3364,#3365,#3366,#3367,#3368,#3369,#3370));
#606=EDGE_LOOP('',(#3371,#3372,#3373,#3374,#3375,#3376,#3377,#3378,#3379,
#3380,#3381,#3382));
#607=EDGE_LOOP('',(#3383,#3384,#3385,#3386,#3387,#3388,#3389,#3390,#3391,
#3392,#3393,#3394));
#608=EDGE_LOOP('',(#3395,#3396,#3397,#3398));
#609=EDGE_LOOP('',(#3399,#3400,#3401,#3402));
#610=EDGE_LOOP('',(#3403,#3404,#3405,#3406));
#611=EDGE_LOOP('',(#3407,#3408,#3409,#3410));
#612=EDGE_LOOP('',(#3411,#3412,#3413,#3414));
#613=EDGE_LOOP('',(#3415,#3416,#3417,#3418));
#614=EDGE_LOOP('',(#3419,#3420,#3421,#3422));
#615=EDGE_LOOP('',(#3423,#3424,#3425,#3426));
#616=EDGE_LOOP('',(#3427,#3428,#3429,#3430));
#617=EDGE_LOOP('',(#3431,#3432,#3433,#3434));
#618=EDGE_LOOP('',(#3435,#3436,#3437,#3438));
#619=EDGE_LOOP('',(#3439,#3440,#3441,#3442));
#620=EDGE_LOOP('',(#3443,#3444,#3445));
#621=EDGE_LOOP('',(#3446,#3447,#3448));
#622=EDGE_LOOP('',(#3449,#3450,#3451));
#623=EDGE_LOOP('',(#3452,#3453,#3454));
#624=EDGE_LOOP('',(#3455,#3456,#3457,#3458));
#625=EDGE_LOOP('',(#3459,#3460,#3461,#3462));
#626=EDGE_LOOP('',(#3463,#3464,#3465,#3466));
#627=EDGE_LOOP('',(#3467,#3468,#3469,#3470));
#628=EDGE_LOOP('',(#3471,#3472,#3473,#3474));
#629=EDGE_LOOP('',(#3475,#3476,#3477,#3478,#3479,#3480));
#630=EDGE_LOOP('',(#3481,#3482,#3483,#3484,#3485,#3486));
#631=EDGE_LOOP('',(#3487,#3488,#3489,#3490));
#632=EDGE_LOOP('',(#3491,#3492,#3493,#3494));
#633=EDGE_LOOP('',(#3495,#3496,#3497,#3498));
#634=EDGE_LOOP('',(#3499,#3500,#3501,#3502,#3503,#3504));
#635=EDGE_LOOP('',(#3505,#3506,#3507,#3508));
#636=EDGE_LOOP('',(#3509,#3510,#3511,#3512));
#637=EDGE_LOOP('',(#3513,#3514,#3515,#3516));
#638=EDGE_LOOP('',(#3517,#3518,#3519,#3520,#3521,#3522,#3523,#3524,#3525,
#3526,#3527,#3528,#3529,#3530,#3531,#3532,#3533,#3534,#3535,#3536,#3537,
#3538,#3539,#3540,#3541,#3542,#3543,#3544,#3545,#3546,#3547,#3548));
#639=EDGE_LOOP('',(#3549,#3550,#3551,#3552,#3553,#3554,#3555,#3556,#3557,
#3558));
#640=EDGE_LOOP('',(#3559,#3560,#3561,#3562,#3563,#3564));
#641=EDGE_LOOP('',(#3565,#3566,#3567,#3568,#3569,#3570));
#642=EDGE_LOOP('',(#3571,#3572,#3573,#3574));
#643=EDGE_LOOP('',(#3575,#3576,#3577,#3578));
#644=EDGE_LOOP('',(#3579,#3580,#3581,#3582));
#645=EDGE_LOOP('',(#3583,#3584,#3585,#3586));
#646=EDGE_LOOP('',(#3587,#3588,#3589,#3590,#3591,#3592));
#647=EDGE_LOOP('',(#3593,#3594,#3595,#3596));
#648=EDGE_LOOP('',(#3597,#3598,#3599,#3600));
#649=EDGE_LOOP('',(#3601,#3602,#3603,#3604,#3605,#3606,#3607,#3608,#3609,
#3610,#3611,#3612,#3613,#3614));
#650=EDGE_LOOP('',(#3615,#3616,#3617,#3618));
#651=EDGE_LOOP('',(#3619,#3620,#3621,#3622));
#652=EDGE_LOOP('',(#3623,#3624,#3625,#3626,#3627,#3628,#3629,#3630));
#653=EDGE_LOOP('',(#3631,#3632,#3633,#3634));
#654=EDGE_LOOP('',(#3635,#3636,#3637,#3638));
#655=EDGE_LOOP('',(#3639,#3640,#3641,#3642,#3643,#3644,#3645,#3646,#3647,
#3648,#3649,#3650));
#656=EDGE_LOOP('',(#3651,#3652,#3653,#3654,#3655,#3656,#3657,#3658,#3659,
#3660));
#657=EDGE_LOOP('',(#3661,#3662,#3663,#3664));
#658=EDGE_LOOP('',(#3665,#3666,#3667,#3668));
#659=EDGE_LOOP('',(#3669,#3670,#3671,#3672));
#660=EDGE_LOOP('',(#3673,#3674,#3675,#3676));
#661=EDGE_LOOP('',(#3677,#3678,#3679,#3680));
#662=EDGE_LOOP('',(#3681,#3682,#3683,#3684));
#663=EDGE_LOOP('',(#3685,#3686,#3687,#3688));
#664=EDGE_LOOP('',(#3689,#3690,#3691,#3692));
#665=EDGE_LOOP('',(#3693,#3694,#3695,#3696));
#666=EDGE_LOOP('',(#3697,#3698,#3699,#3700));
#667=EDGE_LOOP('',(#3701,#3702,#3703,#3704));
#668=EDGE_LOOP('',(#3705,#3706,#3707,#3708));
#669=EDGE_LOOP('',(#3709,#3710,#3711,#3712));
#670=EDGE_LOOP('',(#3713,#3714,#3715,#3716));
#671=EDGE_LOOP('',(#3717,#3718,#3719,#3720));
#672=EDGE_LOOP('',(#3721,#3722,#3723,#3724));
#673=EDGE_LOOP('',(#3725,#3726,#3727,#3728));
#674=EDGE_LOOP('',(#3729,#3730,#3731,#3732));
#675=EDGE_LOOP('',(#3733,#3734,#3735,#3736));
#676=EDGE_LOOP('',(#3737,#3738,#3739,#3740));
#677=EDGE_LOOP('',(#3741,#3742,#3743,#3744));
#678=EDGE_LOOP('',(#3745,#3746,#3747,#3748,#3749,#3750));
#679=EDGE_LOOP('',(#3751,#3752,#3753,#3754));
#680=EDGE_LOOP('',(#3755,#3756,#3757,#3758,#3759,#3760,#3761,#3762));
#681=EDGE_LOOP('',(#3763,#3764,#3765,#3766,#3767));
#682=EDGE_LOOP('',(#3768,#3769,#3770,#3771,#3772,#3773));
#683=EDGE_LOOP('',(#3774,#3775,#3776,#3777,#3778,#3779,#3780,#3781));
#684=EDGE_LOOP('',(#3782,#3783,#3784,#3785));
#685=EDGE_LOOP('',(#3786,#3787,#3788,#3789,#3790,#3791));
#686=EDGE_LOOP('',(#3792,#3793,#3794,#3795,#3796));
#687=EDGE_LOOP('',(#3797,#3798,#3799,#3800,#3801,#3802,#3803,#3804));
#688=EDGE_LOOP('',(#3805,#3806,#3807,#3808,#3809,#3810));
#689=EDGE_LOOP('',(#3811,#3812,#3813,#3814,#3815,#3816,#3817,#3818));
#690=EDGE_LOOP('',(#3819,#3820,#3821,#3822));
#691=EDGE_LOOP('',(#3823,#3824,#3825,#3826,#3827,#3828,#3829,#3830));
#692=EDGE_LOOP('',(#3831,#3832,#3833,#3834,#3835));
#693=EDGE_LOOP('',(#3836,#3837,#3838,#3839,#3840));
#694=EDGE_LOOP('',(#3841,#3842,#3843,#3844,#3845));
#695=EDGE_LOOP('',(#3846,#3847,#3848,#3849,#3850));
#696=EDGE_LOOP('',(#3851,#3852,#3853,#3854,#3855));
#697=EDGE_LOOP('',(#3856,#3857,#3858,#3859,#3860,#3861,#3862,#3863,#3864,
#3865,#3866,#3867));
#698=EDGE_LOOP('',(#3868,#3869,#3870,#3871,#3872,#3873,#3874,#3875,#3876,
#3877,#3878,#3879));
#699=EDGE_LOOP('',(#3880,#3881,#3882,#3883));
#700=EDGE_LOOP('',(#3884,#3885,#3886,#3887,#3888,#3889,#3890,#3891,#3892,
#3893,#3894,#3895));
#701=EDGE_LOOP('',(#3896,#3897,#3898,#3899,#3900,#3901,#3902,#3903,#3904,
#3905,#3906,#3907));
#702=EDGE_LOOP('',(#3908,#3909,#3910,#3911,#3912,#3913,#3914,#3915,#3916,
#3917,#3918,#3919));
#703=EDGE_LOOP('',(#3920,#3921,#3922,#3923,#3924,#3925,#3926,#3927,#3928,
#3929,#3930,#3931));
#704=EDGE_LOOP('',(#3932,#3933,#3934,#3935,#3936));
#705=EDGE_LOOP('',(#3937,#3938,#3939,#3940));
#706=EDGE_LOOP('',(#3941,#3942,#3943,#3944));
#707=EDGE_LOOP('',(#3945,#3946,#3947,#3948));
#708=EDGE_LOOP('',(#3949,#3950,#3951,#3952));
#709=EDGE_LOOP('',(#3953,#3954,#3955,#3956));
#710=EDGE_LOOP('',(#3957,#3958,#3959,#3960));
#711=EDGE_LOOP('',(#3961,#3962,#3963,#3964));
#712=EDGE_LOOP('',(#3965,#3966,#3967,#3968));
#713=EDGE_LOOP('',(#3969,#3970,#3971,#3972));
#714=EDGE_LOOP('',(#3973,#3974,#3975,#3976,#3977,#3978,#3979,#3980,#3981,
#3982,#3983));
#715=EDGE_LOOP('',(#3984,#3985,#3986,#3987));
#716=EDGE_LOOP('',(#3988,#3989,#3990,#3991));
#717=EDGE_LOOP('',(#3992,#3993,#3994,#3995));
#718=EDGE_LOOP('',(#3996,#3997,#3998,#3999));
#719=EDGE_LOOP('',(#4000,#4001,#4002,#4003));
#720=EDGE_LOOP('',(#4004,#4005,#4006,#4007));
#721=EDGE_LOOP('',(#4008,#4009,#4010,#4011));
#722=EDGE_LOOP('',(#4012,#4013,#4014,#4015));
#723=EDGE_LOOP('',(#4016,#4017,#4018,#4019));
#724=EDGE_LOOP('',(#4020,#4021,#4022,#4023));
#725=EDGE_LOOP('',(#4024,#4025,#4026,#4027));
#726=EDGE_LOOP('',(#4028,#4029,#4030,#4031));
#727=EDGE_LOOP('',(#4032,#4033,#4034,#4035));
#728=EDGE_LOOP('',(#4036,#4037,#4038,#4039));
#729=EDGE_LOOP('',(#4040,#4041,#4042,#4043,#4044,#4045,#4046,#4047,#4048,
#4049,#4050));
#730=EDGE_LOOP('',(#4051,#4052,#4053,#4054));
#731=EDGE_LOOP('',(#4055,#4056,#4057,#4058,#4059,#4060,#4061,#4062,#4063,
#4064,#4065,#4066,#4067,#4068,#4069,#4070));
#732=EDGE_LOOP('',(#4071,#4072,#4073,#4074));
#733=EDGE_LOOP('',(#4075,#4076,#4077,#4078));
#734=EDGE_LOOP('',(#4079,#4080,#4081,#4082));
#735=EDGE_LOOP('',(#4083,#4084,#4085,#4086));
#736=EDGE_LOOP('',(#4087,#4088,#4089,#4090));
#737=EDGE_LOOP('',(#4091,#4092,#4093,#4094,#4095,#4096,#4097,#4098,#4099,
#4100,#4101,#4102,#4103,#4104,#4105,#4106));
#738=EDGE_LOOP('',(#4107,#4108,#4109,#4110));
#739=EDGE_LOOP('',(#4111,#4112,#4113,#4114));
#740=EDGE_LOOP('',(#4115,#4116,#4117,#4118));
#741=EDGE_LOOP('',(#4119,#4120,#4121,#4122,#4123,#4124,#4125,#4126,#4127,
#4128,#4129,#4130,#4131,#4132,#4133,#4134));
#742=EDGE_LOOP('',(#4135,#4136,#4137,#4138));
#743=EDGE_LOOP('',(#4139,#4140,#4141,#4142));
#744=EDGE_LOOP('',(#4143,#4144,#4145,#4146));
#745=EDGE_LOOP('',(#4147,#4148,#4149,#4150));
#746=EDGE_LOOP('',(#4151,#4152,#4153,#4154));
#747=EDGE_LOOP('',(#4155,#4156,#4157,#4158));
#748=EDGE_LOOP('',(#4159,#4160,#4161,#4162));
#749=EDGE_LOOP('',(#4163,#4164,#4165,#4166));
#750=EDGE_LOOP('',(#4167,#4168,#4169,#4170));
#751=EDGE_LOOP('',(#4171,#4172,#4173,#4174,#4175,#4176));
#752=EDGE_LOOP('',(#4177,#4178,#4179,#4180));
#753=EDGE_LOOP('',(#4181,#4182,#4183,#4184));
#754=EDGE_LOOP('',(#4185,#4186,#4187,#4188));
#755=EDGE_LOOP('',(#4189,#4190,#4191,#4192,#4193,#4194));
#756=EDGE_LOOP('',(#4195,#4196,#4197,#4198));
#757=EDGE_LOOP('',(#4199,#4200,#4201,#4202,#4203,#4204));
#758=EDGE_LOOP('',(#4205,#4206,#4207,#4208));
#759=EDGE_LOOP('',(#4209,#4210,#4211,#4212));
#760=EDGE_LOOP('',(#4213,#4214,#4215,#4216));
#761=EDGE_LOOP('',(#4217,#4218,#4219,#4220));
#762=EDGE_LOOP('',(#4221,#4222,#4223,#4224));
#763=EDGE_LOOP('',(#4225,#4226,#4227,#4228));
#764=EDGE_LOOP('',(#4229,#4230,#4231,#4232));
#765=EDGE_LOOP('',(#4233,#4234,#4235,#4236));
#766=EDGE_LOOP('',(#4237,#4238,#4239,#4240));
#767=EDGE_LOOP('',(#4241,#4242,#4243,#4244));
#768=EDGE_LOOP('',(#4245,#4246,#4247,#4248,#4249,#4250,#4251));
#769=EDGE_LOOP('',(#4252,#4253,#4254,#4255));
#770=EDGE_LOOP('',(#4256,#4257,#4258,#4259,#4260));
#771=EDGE_LOOP('',(#4261,#4262,#4263,#4264,#4265,#4266,#4267,#4268,#4269,
#4270,#4271,#4272));
#772=EDGE_LOOP('',(#4273,#4274,#4275,#4276));
#773=EDGE_LOOP('',(#4277,#4278,#4279,#4280));
#774=EDGE_LOOP('',(#4281,#4282,#4283,#4284));
#775=EDGE_LOOP('',(#4285,#4286,#4287,#4288,#4289,#4290,#4291));
#776=EDGE_LOOP('',(#4292,#4293,#4294,#4295));
#777=EDGE_LOOP('',(#4296,#4297,#4298,#4299,#4300));
#778=EDGE_LOOP('',(#4301,#4302,#4303,#4304));
#779=EDGE_LOOP('',(#4305,#4306,#4307,#4308));
#780=EDGE_LOOP('',(#4309,#4310,#4311,#4312,#4313));
#781=EDGE_LOOP('',(#4314,#4315,#4316,#4317,#4318));
#782=EDGE_LOOP('',(#4319,#4320,#4321,#4322,#4323,#4324));
#783=EDGE_LOOP('',(#4325,#4326,#4327,#4328));
#784=EDGE_LOOP('',(#4329,#4330,#4331,#4332));
#785=EDGE_LOOP('',(#4333,#4334,#4335,#4336));
#786=EDGE_LOOP('',(#4337,#4338,#4339,#4340));
#787=EDGE_LOOP('',(#4341,#4342,#4343,#4344));
#788=EDGE_LOOP('',(#4345,#4346,#4347,#4348));
#789=EDGE_LOOP('',(#4349,#4350,#4351,#4352));
#790=EDGE_LOOP('',(#4353,#4354,#4355,#4356));
#791=EDGE_LOOP('',(#4357,#4358,#4359,#4360));
#792=EDGE_LOOP('',(#4361,#4362,#4363,#4364));
#793=EDGE_LOOP('',(#4365,#4366,#4367,#4368));
#794=EDGE_LOOP('',(#4369,#4370,#4371,#4372));
#795=EDGE_LOOP('',(#4373,#4374,#4375,#4376));
#796=EDGE_LOOP('',(#4377,#4378,#4379,#4380,#4381,#4382,#4383));
#797=EDGE_LOOP('',(#4384,#4385,#4386,#4387,#4388,#4389,#4390,#4391,#4392,
#4393,#4394,#4395,#4396,#4397,#4398,#4399));
#798=EDGE_LOOP('',(#4400,#4401,#4402,#4403));
#799=EDGE_LOOP('',(#4404,#4405,#4406,#4407,#4408,#4409,#4410));
#800=EDGE_LOOP('',(#4411,#4412,#4413,#4414,#4415,#4416,#4417,#4418,#4419,
#4420,#4421,#4422));
#801=EDGE_LOOP('',(#4423,#4424,#4425,#4426));
#802=EDGE_LOOP('',(#4427,#4428,#4429,#4430));
#803=EDGE_LOOP('',(#4431,#4432,#4433,#4434));
#804=EDGE_LOOP('',(#4435,#4436,#4437,#4438));
#805=EDGE_LOOP('',(#4439,#4440,#4441,#4442));
#806=EDGE_LOOP('',(#4443,#4444,#4445,#4446,#4447,#4448));
#807=EDGE_LOOP('',(#4449,#4450,#4451,#4452,#4453,#4454));
#808=EDGE_LOOP('',(#4455,#4456,#4457,#4458));
#809=EDGE_LOOP('',(#4459,#4460,#4461,#4462));
#810=EDGE_LOOP('',(#4463,#4464,#4465,#4466));
#811=EDGE_LOOP('',(#4467,#4468,#4469,#4470));
#812=EDGE_LOOP('',(#4471,#4472,#4473,#4474));
#813=EDGE_LOOP('',(#4475,#4476,#4477,#4478));
#814=EDGE_LOOP('',(#4479,#4480,#4481,#4482));
#815=EDGE_LOOP('',(#4483,#4484,#4485,#4486));
#816=EDGE_LOOP('',(#4487,#4488,#4489,#4490));
#817=EDGE_LOOP('',(#4491,#4492,#4493,#4494));
#818=EDGE_LOOP('',(#4495,#4496,#4497,#4498));
#819=EDGE_LOOP('',(#4499,#4500,#4501,#4502));
#820=LINE('',#6524,#1343);
#821=LINE('',#6527,#1344);
#822=LINE('',#6532,#1345);
#823=LINE('',#6535,#1346);
#824=LINE('',#6542,#1347);
#825=LINE('',#6545,#1348);
#826=LINE('',#6551,#1349);
#827=LINE('',#6554,#1350);
#828=LINE('',#6561,#1351);
#829=LINE('',#6564,#1352);
#830=LINE('',#6567,#1353);
#831=LINE('',#6569,#1354);
#832=LINE('',#6571,#1355);
#833=LINE('',#6573,#1356);
#834=LINE('',#6575,#1357);
#835=LINE('',#6577,#1358);
#836=LINE('',#6579,#1359);
#837=LINE('',#6581,#1360);
#838=LINE('',#6583,#1361);
#839=LINE('',#6584,#1362);
#840=LINE('',#6587,#1363);
#841=LINE('',#6591,#1364);
#842=LINE('',#6592,#1365);
#843=LINE('',#6599,#1366);
#844=LINE('',#6602,#1367);
#845=LINE('',#6607,#1368);
#846=LINE('',#6610,#1369);
#847=LINE('',#6616,#1370);
#848=LINE('',#6623,#1371);
#849=LINE('',#6626,#1372);
#850=LINE('',#6634,#1373);
#851=LINE('',#6637,#1374);
#852=LINE('',#6641,#1375);
#853=LINE('',#6643,#1376);
#854=LINE('',#6645,#1377);
#855=LINE('',#6647,#1378);
#856=LINE('',#6649,#1379);
#857=LINE('',#6650,#1380);
#858=LINE('',#6651,#1381);
#859=LINE('',#6658,#1382);
#860=LINE('',#6661,#1383);
#861=LINE('',#6666,#1384);
#862=LINE('',#6669,#1385);
#863=LINE('',#6676,#1386);
#864=LINE('',#6679,#1387);
#865=LINE('',#6685,#1388);
#866=LINE('',#6688,#1389);
#867=LINE('',#6695,#1390);
#868=LINE('',#6698,#1391);
#869=LINE('',#6701,#1392);
#870=LINE('',#6702,#1393);
#871=LINE('',#6705,#1394);
#872=LINE('',#6709,#1395);
#873=LINE('',#6711,#1396);
#874=LINE('',#6713,#1397);
#875=LINE('',#6715,#1398);
#876=LINE('',#6717,#1399);
#877=LINE('',#6719,#1400);
#878=LINE('',#6721,#1401);
#879=LINE('',#6722,#1402);
#880=LINE('',#6729,#1403);
#881=LINE('',#6732,#1404);
#882=LINE('',#6737,#1405);
#883=LINE('',#6740,#1406);
#884=LINE('',#6747,#1407);
#885=LINE('',#6750,#1408);
#886=LINE('',#6756,#1409);
#887=LINE('',#6759,#1410);
#888=LINE('',#6766,#1411);
#889=LINE('',#6769,#1412);
#890=LINE('',#6772,#1413);
#891=LINE('',#6773,#1414);
#892=LINE('',#6776,#1415);
#893=LINE('',#6780,#1416);
#894=LINE('',#6781,#1417);
#895=LINE('',#6786,#1418);
#896=LINE('',#6788,#1419);
#897=LINE('',#6790,#1420);
#898=LINE('',#6791,#1421);
#899=LINE('',#6795,#1422);
#900=LINE('',#6797,#1423);
#901=LINE('',#6799,#1424);
#902=LINE('',#6800,#1425);
#903=LINE('',#6803,#1426);
#904=LINE('',#6805,#1427);
#905=LINE('',#6806,#1428);
#906=LINE('',#6809,#1429);
#907=LINE('',#6811,#1430);
#908=LINE('',#6812,#1431);
#909=LINE('',#6816,#1432);
#910=LINE('',#6818,#1433);
#911=LINE('',#6820,#1434);
#912=LINE('',#6821,#1435);
#913=LINE('',#6823,#1436);
#914=LINE('',#6824,#1437);
#915=LINE('',#6827,#1438);
#916=LINE('',#6829,#1439);
#917=LINE('',#6831,#1440);
#918=LINE('',#6833,#1441);
#919=LINE('',#6835,#1442);
#920=LINE('',#6837,#1443);
#921=LINE('',#6839,#1444);
#922=LINE('',#6841,#1445);
#923=LINE('',#6843,#1446);
#924=LINE('',#6845,#1447);
#925=LINE('',#6846,#1448);
#926=LINE('',#6849,#1449);
#927=LINE('',#6851,#1450);
#928=LINE('',#6853,#1451);
#929=LINE('',#6855,#1452);
#930=LINE('',#6856,#1453);
#931=LINE('',#6859,#1454);
#932=LINE('',#6860,#1455);
#933=LINE('',#6862,#1456);
#934=LINE('',#6863,#1457);
#935=LINE('',#6865,#1458);
#936=LINE('',#6867,#1459);
#937=LINE('',#6868,#1460);
#938=LINE('',#6871,#1461);
#939=LINE('',#6872,#1462);
#940=LINE('',#6874,#1463);
#941=LINE('',#6875,#1464);
#942=LINE('',#6877,#1465);
#943=LINE('',#6878,#1466);
#944=LINE('',#6881,#1467);
#945=LINE('',#6884,#1468);
#946=LINE('',#6886,#1469);
#947=LINE('',#6889,#1470);
#948=LINE('',#6893,#1471);
#949=LINE('',#6896,#1472);
#950=LINE('',#6899,#1473);
#951=LINE('',#6903,#1474);
#952=LINE('',#6907,#1475);
#953=LINE('',#6908,#1476);
#954=LINE('',#6911,#1477);
#955=LINE('',#6915,#1478);
#956=LINE('',#6918,#1479);
#957=LINE('',#6920,#1480);
#958=LINE('',#6923,#1481);
#959=LINE('',#6926,#1482);
#960=LINE('',#6929,#1483);
#961=LINE('',#6932,#1484);
#962=LINE('',#6933,#1485);
#963=LINE('',#6935,#1486);
#964=LINE('',#6939,#1487);
#965=LINE('',#6941,#1488);
#966=LINE('',#6943,#1489);
#967=LINE('',#6944,#1490);
#968=LINE('',#6947,#1491);
#969=LINE('',#6949,#1492);
#970=LINE('',#6950,#1493);
#971=LINE('',#6953,#1494);
#972=LINE('',#6955,#1495);
#973=LINE('',#6956,#1496);
#974=LINE('',#6959,#1497);
#975=LINE('',#6961,#1498);
#976=LINE('',#6962,#1499);
#977=LINE('',#6964,#1500);
#978=LINE('',#6967,#1501);
#979=LINE('',#6969,#1502);
#980=LINE('',#6971,#1503);
#981=LINE('',#6973,#1504);
#982=LINE('',#6974,#1505);
#983=LINE('',#6977,#1506);
#984=LINE('',#6979,#1507);
#985=LINE('',#6981,#1508);
#986=LINE('',#6983,#1509);
#987=LINE('',#6984,#1510);
#988=LINE('',#6986,#1511);
#989=LINE('',#6987,#1512);
#990=LINE('',#6990,#1513);
#991=LINE('',#6991,#1514);
#992=LINE('',#6993,#1515);
#993=LINE('',#6997,#1516);
#994=LINE('',#6998,#1517);
#995=LINE('',#7000,#1518);
#996=LINE('',#7002,#1519);
#997=LINE('',#7005,#1520);
#998=LINE('',#7007,#1521);
#999=LINE('',#7008,#1522);
#1000=LINE('',#7009,#1523);
#1001=LINE('',#7010,#1524);
#1002=LINE('',#7011,#1525);
#1003=LINE('',#7013,#1526);
#1004=LINE('',#7016,#1527);
#1005=LINE('',#7018,#1528);
#1006=LINE('',#7019,#1529);
#1007=LINE('',#7020,#1530);
#1008=LINE('',#7024,#1531);
#1009=LINE('',#7025,#1532);
#1010=LINE('',#7027,#1533);
#1011=LINE('',#7028,#1534);
#1012=LINE('',#7030,#1535);
#1013=LINE('',#7033,#1536);
#1014=LINE('',#7034,#1537);
#1015=LINE('',#7037,#1538);
#1016=LINE('',#7038,#1539);
#1017=LINE('',#7040,#1540);
#1018=LINE('',#7042,#1541);
#1019=LINE('',#7043,#1542);
#1020=LINE('',#7045,#1543);
#1021=LINE('',#7047,#1544);
#1022=LINE('',#7049,#1545);
#1023=LINE('',#7054,#1546);
#1024=LINE('',#7055,#1547);
#1025=LINE('',#7058,#1548);
#1026=LINE('',#7059,#1549);
#1027=LINE('',#7061,#1550);
#1028=LINE('',#7068,#1551);
#1029=LINE('',#7070,#1552);
#1030=LINE('',#7072,#1553);
#1031=LINE('',#7073,#1554);
#1032=LINE('',#7078,#1555);
#1033=LINE('',#7082,#1556);
#1034=LINE('',#7084,#1557);
#1035=LINE('',#7085,#1558);
#1036=LINE('',#7090,#1559);
#1037=LINE('',#7094,#1560);
#1038=LINE('',#7096,#1561);
#1039=LINE('',#7097,#1562);
#1040=LINE('',#7101,#1563);
#1041=LINE('',#7103,#1564);
#1042=LINE('',#7105,#1565);
#1043=LINE('',#7106,#1566);
#1044=LINE('',#7111,#1567);
#1045=LINE('',#7115,#1568);
#1046=LINE('',#7117,#1569);
#1047=LINE('',#7118,#1570);
#1048=LINE('',#7123,#1571);
#1049=LINE('',#7127,#1572);
#1050=LINE('',#7129,#1573);
#1051=LINE('',#7130,#1574);
#1052=LINE('',#7133,#1575);
#1053=LINE('',#7135,#1576);
#1054=LINE('',#7136,#1577);
#1055=LINE('',#7139,#1578);
#1056=LINE('',#7141,#1579);
#1057=LINE('',#7142,#1580);
#1058=LINE('',#7145,#1581);
#1059=LINE('',#7147,#1582);
#1060=LINE('',#7148,#1583);
#1061=LINE('',#7151,#1584);
#1062=LINE('',#7153,#1585);
#1063=LINE('',#7154,#1586);
#1064=LINE('',#7158,#1587);
#1065=LINE('',#7160,#1588);
#1066=LINE('',#7162,#1589);
#1067=LINE('',#7163,#1590);
#1068=LINE('',#7168,#1591);
#1069=LINE('',#7172,#1592);
#1070=LINE('',#7174,#1593);
#1071=LINE('',#7175,#1594);
#1072=LINE('',#7180,#1595);
#1073=LINE('',#7184,#1596);
#1074=LINE('',#7186,#1597);
#1075=LINE('',#7187,#1598);
#1076=LINE('',#7190,#1599);
#1077=LINE('',#7192,#1600);
#1078=LINE('',#7193,#1601);
#1079=LINE('',#7196,#1602);
#1080=LINE('',#7198,#1603);
#1081=LINE('',#7199,#1604);
#1082=LINE('',#7276,#1605);
#1083=LINE('',#7279,#1606);
#1084=LINE('',#7282,#1607);
#1085=LINE('',#7301,#1608);
#1086=LINE('',#7320,#1609);
#1087=LINE('',#7527,#1610);
#1088=LINE('',#7537,#1611);
#1089=LINE('',#7846,#1612);
#1090=LINE('',#7858,#1613);
#1091=LINE('',#7952,#1614);
#1092=LINE('',#7953,#1615);
#1093=LINE('',#7955,#1616);
#1094=LINE('',#7956,#1617);
#1095=LINE('',#7958,#1618);
#1096=LINE('',#7959,#1619);
#1097=LINE('',#7961,#1620);
#1098=LINE('',#7962,#1621);
#1099=LINE('',#7964,#1622);
#1100=LINE('',#7965,#1623);
#1101=LINE('',#7969,#1624);
#1102=LINE('',#7973,#1625);
#1103=LINE('',#7975,#1626);
#1104=LINE('',#7980,#1627);
#1105=LINE('',#7982,#1628);
#1106=LINE('',#7984,#1629);
#1107=LINE('',#7985,#1630);
#1108=LINE('',#7989,#1631);
#1109=LINE('',#7991,#1632);
#1110=LINE('',#7993,#1633);
#1111=LINE('',#7994,#1634);
#1112=LINE('',#7998,#1635);
#1113=LINE('',#8000,#1636);
#1114=LINE('',#8002,#1637);
#1115=LINE('',#8003,#1638);
#1116=LINE('',#8007,#1639);
#1117=LINE('',#8009,#1640);
#1118=LINE('',#8011,#1641);
#1119=LINE('',#8012,#1642);
#1120=LINE('',#8015,#1643);
#1121=LINE('',#8017,#1644);
#1122=LINE('',#8018,#1645);
#1123=LINE('',#8020,#1646);
#1124=LINE('',#8021,#1647);
#1125=LINE('',#8023,#1648);
#1126=LINE('',#8024,#1649);
#1127=LINE('',#8026,#1650);
#1128=LINE('',#8027,#1651);
#1129=LINE('',#8030,#1652);
#1130=LINE('',#8032,#1653);
#1131=LINE('',#8033,#1654);
#1132=LINE('',#8036,#1655);
#1133=LINE('',#8037,#1656);
#1134=LINE('',#8041,#1657);
#1135=LINE('',#8043,#1658);
#1136=LINE('',#8045,#1659);
#1137=LINE('',#8046,#1660);
#1138=LINE('',#8049,#1661);
#1139=LINE('',#8051,#1662);
#1140=LINE('',#8052,#1663);
#1141=LINE('',#8055,#1664);
#1142=LINE('',#8057,#1665);
#1143=LINE('',#8058,#1666);
#1144=LINE('',#8060,#1667);
#1145=LINE('',#8061,#1668);
#1146=LINE('',#8066,#1669);
#1147=LINE('',#8068,#1670);
#1148=LINE('',#8070,#1671);
#1149=LINE('',#8071,#1672);
#1150=LINE('',#8073,#1673);
#1151=LINE('',#8074,#1674);
#1152=LINE('',#8078,#1675);
#1153=LINE('',#8079,#1676);
#1154=LINE('',#8080,#1677);
#1155=LINE('',#8083,#1678);
#1156=LINE('',#8084,#1679);
#1157=LINE('',#8087,#1680);
#1158=LINE('',#8088,#1681);
#1159=LINE('',#8090,#1682);
#1160=LINE('',#8093,#1683);
#1161=LINE('',#8100,#1684);
#1162=LINE('',#8103,#1685);
#1163=LINE('',#8106,#1686);
#1164=LINE('',#8110,#1687);
#1165=LINE('',#8114,#1688);
#1166=LINE('',#8118,#1689);
#1167=LINE('',#8120,#1690);
#1168=LINE('',#8124,#1691);
#1169=LINE('',#8126,#1692);
#1170=LINE('',#8128,#1693);
#1171=LINE('',#8132,#1694);
#1172=LINE('',#8133,#1695);
#1173=LINE('',#8136,#1696);
#1174=LINE('',#8138,#1697);
#1175=LINE('',#8140,#1698);
#1176=LINE('',#8141,#1699);
#1177=LINE('',#8144,#1700);
#1178=LINE('',#8145,#1701);
#1179=LINE('',#8149,#1702);
#1180=LINE('',#8155,#1703);
#1181=LINE('',#8158,#1704);
#1182=LINE('',#8161,#1705);
#1183=LINE('',#8163,#1706);
#1184=LINE('',#8164,#1707);
#1185=LINE('',#8167,#1708);
#1186=LINE('',#8171,#1709);
#1187=LINE('',#8173,#1710);
#1188=LINE('',#8177,#1711);
#1189=LINE('',#8179,#1712);
#1190=LINE('',#8181,#1713);
#1191=LINE('',#8185,#1714);
#1192=LINE('',#8187,#1715);
#1193=LINE('',#8191,#1716);
#1194=LINE('',#8195,#1717);
#1195=LINE('',#8197,#1718);
#1196=LINE('',#8199,#1719);
#1197=LINE('',#8200,#1720);
#1198=LINE('',#8203,#1721);
#1199=LINE('',#8206,#1722);
#1200=LINE('',#8209,#1723);
#1201=LINE('',#8210,#1724);
#1202=LINE('',#8215,#1725);
#1203=LINE('',#8219,#1726);
#1204=LINE('',#8221,#1727);
#1205=LINE('',#8225,#1728);
#1206=LINE('',#8227,#1729);
#1207=LINE('',#8229,#1730);
#1208=LINE('',#8232,#1731);
#1209=LINE('',#8233,#1732);
#1210=LINE('',#8236,#1733);
#1211=LINE('',#8238,#1734);
#1212=LINE('',#8240,#1735);
#1213=LINE('',#8241,#1736);
#1214=LINE('',#8246,#1737);
#1215=LINE('',#8247,#1738);
#1216=LINE('',#8250,#1739);
#1217=LINE('',#8251,#1740);
#1218=LINE('',#8255,#1741);
#1219=LINE('',#8257,#1742);
#1220=LINE('',#8259,#1743);
#1221=LINE('',#8261,#1744);
#1222=LINE('',#8263,#1745);
#1223=LINE('',#8266,#1746);
#1224=LINE('',#8269,#1747);
#1225=LINE('',#8274,#1748);
#1226=LINE('',#8276,#1749);
#1227=LINE('',#8277,#1750);
#1228=LINE('',#8279,#1751);
#1229=LINE('',#8280,#1752);
#1230=LINE('',#8283,#1753);
#1231=LINE('',#8284,#1754);
#1232=LINE('',#8289,#1755);
#1233=LINE('',#8290,#1756);
#1234=LINE('',#8295,#1757);
#1235=LINE('',#8296,#1758);
#1236=LINE('',#8299,#1759);
#1237=LINE('',#8301,#1760);
#1238=LINE('',#8303,#1761);
#1239=LINE('',#8307,#1762);
#1240=LINE('',#8309,#1763);
#1241=LINE('',#8310,#1764);
#1242=LINE('',#8312,#1765);
#1243=LINE('',#8313,#1766);
#1244=LINE('',#8316,#1767);
#1245=LINE('',#8317,#1768);
#1246=LINE('',#8319,#1769);
#1247=LINE('',#8322,#1770);
#1248=LINE('',#8323,#1771);
#1249=LINE('',#8325,#1772);
#1250=LINE('',#8327,#1773);
#1251=LINE('',#8334,#1774);
#1252=LINE('',#8337,#1775);
#1253=LINE('',#8340,#1776);
#1254=LINE('',#8342,#1777);
#1255=LINE('',#8343,#1778);
#1256=LINE('',#8346,#1779);
#1257=LINE('',#8348,#1780);
#1258=LINE('',#8350,#1781);
#1259=LINE('',#8352,#1782);
#1260=LINE('',#8353,#1783);
#1261=LINE('',#8374,#1784);
#1262=LINE('',#8392,#1785);
#1263=LINE('',#8396,#1786);
#1264=LINE('',#8398,#1787);
#1265=LINE('',#8401,#1788);
#1266=LINE('',#8405,#1789);
#1267=LINE('',#8408,#1790);
#1268=LINE('',#8409,#1791);
#1269=LINE('',#8412,#1792);
#1270=LINE('',#8414,#1793);
#1271=LINE('',#8416,#1794);
#1272=LINE('',#8417,#1795);
#1273=LINE('',#8423,#1796);
#1274=LINE('',#8426,#1797);
#1275=LINE('',#8429,#1798);
#1276=LINE('',#8431,#1799);
#1277=LINE('',#8432,#1800);
#1278=LINE('',#8435,#1801);
#1279=LINE('',#8437,#1802);
#1280=LINE('',#8439,#1803);
#1281=LINE('',#8441,#1804);
#1282=LINE('',#8442,#1805);
#1283=LINE('',#8462,#1806);
#1284=LINE('',#8481,#1807);
#1285=LINE('',#8487,#1808);
#1286=LINE('',#8491,#1809);
#1287=LINE('',#8495,#1810);
#1288=LINE('',#8499,#1811);
#1289=LINE('',#8500,#1812);
#1290=LINE('',#8503,#1813);
#1291=LINE('',#8504,#1814);
#1292=LINE('',#8506,#1815);
#1293=LINE('',#8508,#1816);
#1294=LINE('',#8512,#1817);
#1295=LINE('',#8514,#1818);
#1296=LINE('',#8515,#1819);
#1297=LINE('',#8517,#1820);
#1298=LINE('',#8520,#1821);
#1299=LINE('',#8521,#1822);
#1300=LINE('',#8524,#1823);
#1301=LINE('',#8526,#1824);
#1302=LINE('',#8527,#1825);
#1303=LINE('',#8529,#1826);
#1304=LINE('',#8532,#1827);
#1305=LINE('',#8533,#1828);
#1306=LINE('',#8535,#1829);
#1307=LINE('',#8536,#1830);
#1308=LINE('',#8538,#1831);
#1309=LINE('',#8540,#1832);
#1310=LINE('',#8541,#1833);
#1311=LINE('',#8545,#1834);
#1312=LINE('',#8547,#1835);
#1313=LINE('',#8549,#1836);
#1314=LINE('',#8550,#1837);
#1315=LINE('',#8552,#1838);
#1316=LINE('',#8553,#1839);
#1317=LINE('',#8555,#1840);
#1318=LINE('',#8557,#1841);
#1319=LINE('',#8564,#1842);
#1320=LINE('',#8566,#1843);
#1321=LINE('',#8568,#1844);
#1322=LINE('',#8569,#1845);
#1323=LINE('',#8572,#1846);
#1324=LINE('',#8574,#1847);
#1325=LINE('',#8575,#1848);
#1326=LINE('',#8578,#1849);
#1327=LINE('',#8580,#1850);
#1328=LINE('',#8581,#1851);
#1329=LINE('',#8583,#1852);
#1330=LINE('',#8584,#1853);
#1331=LINE('',#8588,#1854);
#1332=LINE('',#8590,#1855);
#1333=LINE('',#8592,#1856);
#1334=LINE('',#8593,#1857);
#1335=LINE('',#8596,#1858);
#1336=LINE('',#8598,#1859);
#1337=LINE('',#8599,#1860);
#1338=LINE('',#8602,#1861);
#1339=LINE('',#8604,#1862);
#1340=LINE('',#8605,#1863);
#1341=LINE('',#8607,#1864);
#1342=LINE('',#8608,#1865);
#1343=VECTOR('',#5241,0.393700787401575);
#1344=VECTOR('',#5244,0.393700787401575);
#1345=VECTOR('',#5249,0.393700787401575);
#1346=VECTOR('',#5252,0.393700787401575);
#1347=VECTOR('',#5261,0.393700787401575);
#1348=VECTOR('',#5264,0.393700787401575);
#1349=VECTOR('',#5273,0.393700787401575);
#1350=VECTOR('',#5276,0.393700787401575);
#1351=VECTOR('',#5287,0.393700787401575);
#1352=VECTOR('',#5290,0.393700787401575);
#1353=VECTOR('',#5293,0.393700787401575);
#1354=VECTOR('',#5294,0.393700787401575);
#1355=VECTOR('',#5295,0.393700787401575);
#1356=VECTOR('',#5296,0.393700787401575);
#1357=VECTOR('',#5297,0.393700787401575);
#1358=VECTOR('',#5298,0.393700787401575);
#1359=VECTOR('',#5299,0.393700787401575);
#1360=VECTOR('',#5300,0.393700787401575);
#1361=VECTOR('',#5301,0.393700787401575);
#1362=VECTOR('',#5302,0.393700787401575);
#1363=VECTOR('',#5305,0.393700787401575);
#1364=VECTOR('',#5310,0.393700787401575);
#1365=VECTOR('',#5311,0.393700787401575);
#1366=VECTOR('',#5318,0.393700787401575);
#1367=VECTOR('',#5321,0.393700787401575);
#1368=VECTOR('',#5326,0.393700787401575);
#1369=VECTOR('',#5329,0.393700787401575);
#1370=VECTOR('',#5338,0.393700787401575);
#1371=VECTOR('',#5349,0.393700787401575);
#1372=VECTOR('',#5352,0.393700787401575);
#1373=VECTOR('',#5365,0.393700787401575);
#1374=VECTOR('',#5368,0.393700787401575);
#1375=VECTOR('',#5373,0.393700787401575);
#1376=VECTOR('',#5374,0.393700787401575);
#1377=VECTOR('',#5375,0.393700787401575);
#1378=VECTOR('',#5376,0.393700787401575);
#1379=VECTOR('',#5377,0.393700787401575);
#1380=VECTOR('',#5378,0.393700787401575);
#1381=VECTOR('',#5379,0.393700787401575);
#1382=VECTOR('',#5386,0.393700787401575);
#1383=VECTOR('',#5389,0.393700787401575);
#1384=VECTOR('',#5394,0.393700787401575);
#1385=VECTOR('',#5397,0.393700787401575);
#1386=VECTOR('',#5406,0.393700787401575);
#1387=VECTOR('',#5409,0.393700787401575);
#1388=VECTOR('',#5418,0.393700787401575);
#1389=VECTOR('',#5421,0.393700787401575);
#1390=VECTOR('',#5432,0.393700787401575);
#1391=VECTOR('',#5435,0.393700787401575);
#1392=VECTOR('',#5438,0.393700787401575);
#1393=VECTOR('',#5439,0.393700787401575);
#1394=VECTOR('',#5442,0.393700787401575);
#1395=VECTOR('',#5447,0.393700787401575);
#1396=VECTOR('',#5448,0.393700787401575);
#1397=VECTOR('',#5449,0.393700787401575);
#1398=VECTOR('',#5450,0.393700787401575);
#1399=VECTOR('',#5451,0.393700787401575);
#1400=VECTOR('',#5452,0.393700787401575);
#1401=VECTOR('',#5453,0.393700787401575);
#1402=VECTOR('',#5454,0.393700787401575);
#1403=VECTOR('',#5461,0.393700787401575);
#1404=VECTOR('',#5464,0.393700787401575);
#1405=VECTOR('',#5469,0.393700787401575);
#1406=VECTOR('',#5472,0.393700787401575);
#1407=VECTOR('',#5481,0.393700787401575);
#1408=VECTOR('',#5484,0.393700787401575);
#1409=VECTOR('',#5493,0.393700787401575);
#1410=VECTOR('',#5496,0.393700787401575);
#1411=VECTOR('',#5507,0.393700787401575);
#1412=VECTOR('',#5510,0.393700787401575);
#1413=VECTOR('',#5513,0.393700787401575);
#1414=VECTOR('',#5514,0.393700787401575);
#1415=VECTOR('',#5517,0.393700787401575);
#1416=VECTOR('',#5522,0.393700787401575);
#1417=VECTOR('',#5523,0.393700787401575);
#1418=VECTOR('',#5528,0.393700787401575);
#1419=VECTOR('',#5529,0.393700787401575);
#1420=VECTOR('',#5530,0.393700787401575);
#1421=VECTOR('',#5531,0.393700787401575);
#1422=VECTOR('',#5534,0.393700787401575);
#1423=VECTOR('',#5535,0.393700787401575);
#1424=VECTOR('',#5536,0.393700787401575);
#1425=VECTOR('',#5537,0.393700787401575);
#1426=VECTOR('',#5540,0.393700787401575);
#1427=VECTOR('',#5541,0.393700787401575);
#1428=VECTOR('',#5542,0.393700787401575);
#1429=VECTOR('',#5545,0.393700787401575);
#1430=VECTOR('',#5546,0.393700787401575);
#1431=VECTOR('',#5547,0.393700787401575);
#1432=VECTOR('',#5550,0.393700787401575);
#1433=VECTOR('',#5551,0.393700787401575);
#1434=VECTOR('',#5552,0.393700787401575);
#1435=VECTOR('',#5553,0.393700787401575);
#1436=VECTOR('',#5556,0.393700787401575);
#1437=VECTOR('',#5557,0.393700787401575);
#1438=VECTOR('',#5560,0.393700787401575);
#1439=VECTOR('',#5561,0.393700787401575);
#1440=VECTOR('',#5562,0.393700787401575);
#1441=VECTOR('',#5563,0.393700787401575);
#1442=VECTOR('',#5564,0.393700787401575);
#1443=VECTOR('',#5565,0.393700787401575);
#1444=VECTOR('',#5566,0.393700787401575);
#1445=VECTOR('',#5567,0.393700787401575);
#1446=VECTOR('',#5568,0.393700787401575);
#1447=VECTOR('',#5569,0.393700787401575);
#1448=VECTOR('',#5570,0.393700787401575);
#1449=VECTOR('',#5573,0.393700787401575);
#1450=VECTOR('',#5574,0.393700787401575);
#1451=VECTOR('',#5575,0.393700787401575);
#1452=VECTOR('',#5576,0.393700787401575);
#1453=VECTOR('',#5577,0.393700787401575);
#1454=VECTOR('',#5580,0.393700787401575);
#1455=VECTOR('',#5581,0.393700787401575);
#1456=VECTOR('',#5582,0.393700787401575);
#1457=VECTOR('',#5583,0.393700787401575);
#1458=VECTOR('',#5584,0.393700787401575);
#1459=VECTOR('',#5585,0.393700787401575);
#1460=VECTOR('',#5586,0.393700787401575);
#1461=VECTOR('',#5589,0.393700787401575);
#1462=VECTOR('',#5590,0.393700787401575);
#1463=VECTOR('',#5591,0.393700787401575);
#1464=VECTOR('',#5592,0.393700787401575);
#1465=VECTOR('',#5593,0.393700787401575);
#1466=VECTOR('',#5594,0.393700787401575);
#1467=VECTOR('',#5597,0.393700787401575);
#1468=VECTOR('',#5600,0.393700787401575);
#1469=VECTOR('',#5603,0.393700787401575);
#1470=VECTOR('',#5606,0.393700787401575);
#1471=VECTOR('',#5611,0.393700787401575);
#1472=VECTOR('',#5614,0.393700787401575);
#1473=VECTOR('',#5617,0.393700787401575);
#1474=VECTOR('',#5622,0.393700787401575);
#1475=VECTOR('',#5627,0.393700787401575);
#1476=VECTOR('',#5628,0.393700787401575);
#1477=VECTOR('',#5631,0.393700787401575);
#1478=VECTOR('',#5636,0.393700787401575);
#1479=VECTOR('',#5639,0.393700787401575);
#1480=VECTOR('',#5642,0.393700787401575);
#1481=VECTOR('',#5645,0.393700787401575);
#1482=VECTOR('',#5650,0.393700787401575);
#1483=VECTOR('',#5655,0.393700787401575);
#1484=VECTOR('',#5658,0.393700787401575);
#1485=VECTOR('',#5659,0.393700787401575);
#1486=VECTOR('',#5662,0.393700787401575);
#1487=VECTOR('',#5665,0.393700787401575);
#1488=VECTOR('',#5666,0.393700787401575);
#1489=VECTOR('',#5667,0.393700787401575);
#1490=VECTOR('',#5668,0.393700787401575);
#1491=VECTOR('',#5671,0.393700787401575);
#1492=VECTOR('',#5672,0.393700787401575);
#1493=VECTOR('',#5673,0.393700787401575);
#1494=VECTOR('',#5676,0.393700787401575);
#1495=VECTOR('',#5677,0.393700787401575);
#1496=VECTOR('',#5678,0.393700787401575);
#1497=VECTOR('',#5681,0.393700787401575);
#1498=VECTOR('',#5682,0.393700787401575);
#1499=VECTOR('',#5683,0.393700787401575);
#1500=VECTOR('',#5686,0.393700787401575);
#1501=VECTOR('',#5689,0.393700787401575);
#1502=VECTOR('',#5690,0.393700787401575);
#1503=VECTOR('',#5691,0.393700787401575);
#1504=VECTOR('',#5692,0.393700787401575);
#1505=VECTOR('',#5693,0.393700787401575);
#1506=VECTOR('',#5696,0.393700787401575);
#1507=VECTOR('',#5697,0.393700787401575);
#1508=VECTOR('',#5698,0.393700787401575);
#1509=VECTOR('',#5699,0.393700787401575);
#1510=VECTOR('',#5700,0.393700787401575);
#1511=VECTOR('',#5703,0.393700787401575);
#1512=VECTOR('',#5704,0.393700787401575);
#1513=VECTOR('',#5707,0.393700787401575);
#1514=VECTOR('',#5708,0.393700787401575);
#1515=VECTOR('',#5711,0.393700787401575);
#1516=VECTOR('',#5716,0.393700787401575);
#1517=VECTOR('',#5717,0.393700787401575);
#1518=VECTOR('',#5720,0.393700787401575);
#1519=VECTOR('',#5723,0.393700787401575);
#1520=VECTOR('',#5726,0.393700787401575);
#1521=VECTOR('',#5727,0.393700787401575);
#1522=VECTOR('',#5728,0.393700787401575);
#1523=VECTOR('',#5729,0.393700787401575);
#1524=VECTOR('',#5730,0.393700787401575);
#1525=VECTOR('',#5731,0.393700787401575);
#1526=VECTOR('',#5734,0.393700787401575);
#1527=VECTOR('',#5737,0.393700787401575);
#1528=VECTOR('',#5738,0.393700787401575);
#1529=VECTOR('',#5739,0.393700787401575);
#1530=VECTOR('',#5740,0.393700787401575);
#1531=VECTOR('',#5743,0.393700787401575);
#1532=VECTOR('',#5744,0.393700787401575);
#1533=VECTOR('',#5745,0.393700787401575);
#1534=VECTOR('',#5746,0.393700787401575);
#1535=VECTOR('',#5749,0.393700787401575);
#1536=VECTOR('',#5752,0.393700787401575);
#1537=VECTOR('',#5753,0.393700787401575);
#1538=VECTOR('',#5756,0.393700787401575);
#1539=VECTOR('',#5757,0.393700787401575);
#1540=VECTOR('',#5760,0.393700787401575);
#1541=VECTOR('',#5761,0.393700787401575);
#1542=VECTOR('',#5762,0.393700787401575);
#1543=VECTOR('',#5765,0.393700787401575);
#1544=VECTOR('',#5768,0.393700787401575);
#1545=VECTOR('',#5771,0.393700787401575);
#1546=VECTOR('',#5778,0.393700787401575);
#1547=VECTOR('',#5779,0.393700787401575);
#1548=VECTOR('',#5782,0.393700787401575);
#1549=VECTOR('',#5783,0.393700787401575);
#1550=VECTOR('',#5786,0.393700787401575);
#1551=VECTOR('',#5795,0.393700787401575);
#1552=VECTOR('',#5796,0.393700787401575);
#1553=VECTOR('',#5797,0.393700787401575);
#1554=VECTOR('',#5798,0.393700787401575);
#1555=VECTOR('',#5803,0.393700787401575);
#1556=VECTOR('',#5808,0.393700787401575);
#1557=VECTOR('',#5809,0.393700787401575);
#1558=VECTOR('',#5810,0.393700787401575);
#1559=VECTOR('',#5815,0.393700787401575);
#1560=VECTOR('',#5820,0.393700787401575);
#1561=VECTOR('',#5821,0.393700787401575);
#1562=VECTOR('',#5822,0.393700787401575);
#1563=VECTOR('',#5825,0.393700787401575);
#1564=VECTOR('',#5826,0.393700787401575);
#1565=VECTOR('',#5827,0.393700787401575);
#1566=VECTOR('',#5828,0.393700787401575);
#1567=VECTOR('',#5833,0.393700787401575);
#1568=VECTOR('',#5838,0.393700787401575);
#1569=VECTOR('',#5839,0.393700787401575);
#1570=VECTOR('',#5840,0.393700787401575);
#1571=VECTOR('',#5845,0.393700787401575);
#1572=VECTOR('',#5850,0.393700787401575);
#1573=VECTOR('',#5851,0.393700787401575);
#1574=VECTOR('',#5852,0.393700787401575);
#1575=VECTOR('',#5855,0.393700787401575);
#1576=VECTOR('',#5856,0.393700787401575);
#1577=VECTOR('',#5857,0.393700787401575);
#1578=VECTOR('',#5860,0.393700787401575);
#1579=VECTOR('',#5861,0.393700787401575);
#1580=VECTOR('',#5862,0.393700787401575);
#1581=VECTOR('',#5865,0.393700787401575);
#1582=VECTOR('',#5866,0.393700787401575);
#1583=VECTOR('',#5867,0.393700787401575);
#1584=VECTOR('',#5870,0.393700787401575);
#1585=VECTOR('',#5871,0.393700787401575);
#1586=VECTOR('',#5872,0.393700787401575);
#1587=VECTOR('',#5875,0.393700787401575);
#1588=VECTOR('',#5876,0.393700787401575);
#1589=VECTOR('',#5877,0.393700787401575);
#1590=VECTOR('',#5878,0.393700787401575);
#1591=VECTOR('',#5883,0.393700787401575);
#1592=VECTOR('',#5888,0.393700787401575);
#1593=VECTOR('',#5889,0.393700787401575);
#1594=VECTOR('',#5890,0.393700787401575);
#1595=VECTOR('',#5895,0.393700787401575);
#1596=VECTOR('',#5900,0.393700787401575);
#1597=VECTOR('',#5901,0.393700787401575);
#1598=VECTOR('',#5902,0.393700787401575);
#1599=VECTOR('',#5905,0.393700787401575);
#1600=VECTOR('',#5906,0.393700787401575);
#1601=VECTOR('',#5907,0.393700787401575);
#1602=VECTOR('',#5910,0.393700787401575);
#1603=VECTOR('',#5911,0.393700787401575);
#1604=VECTOR('',#5912,0.393700787401575);
#1605=VECTOR('',#5919,0.393700787401575);
#1606=VECTOR('',#5922,0.393700787401575);
#1607=VECTOR('',#5925,0.393700787401575);
#1608=VECTOR('',#5926,0.393700787401575);
#1609=VECTOR('',#5927,0.393700787401575);
#1610=VECTOR('',#5936,0.393700787401575);
#1611=VECTOR('',#5937,0.393700787401575);
#1612=VECTOR('',#5948,0.393700787401575);
#1613=VECTOR('',#5949,0.393700787401575);
#1614=VECTOR('',#5952,0.393700787401575);
#1615=VECTOR('',#5953,0.393700787401575);
#1616=VECTOR('',#5956,0.393700787401575);
#1617=VECTOR('',#5957,0.393700787401575);
#1618=VECTOR('',#5960,0.393700787401575);
#1619=VECTOR('',#5961,0.393700787401575);
#1620=VECTOR('',#5964,0.393700787401575);
#1621=VECTOR('',#5965,0.393700787401575);
#1622=VECTOR('',#5968,0.393700787401575);
#1623=VECTOR('',#5969,0.393700787401575);
#1624=VECTOR('',#5976,0.393700787401575);
#1625=VECTOR('',#5983,0.393700787401575);
#1626=VECTOR('',#5986,0.393700787401575);
#1627=VECTOR('',#5991,0.393700787401575);
#1628=VECTOR('',#5992,0.393700787401575);
#1629=VECTOR('',#5993,0.393700787401575);
#1630=VECTOR('',#5994,0.393700787401575);
#1631=VECTOR('',#5997,0.393700787401575);
#1632=VECTOR('',#5998,0.393700787401575);
#1633=VECTOR('',#5999,0.393700787401575);
#1634=VECTOR('',#6000,0.393700787401575);
#1635=VECTOR('',#6003,0.393700787401575);
#1636=VECTOR('',#6004,0.393700787401575);
#1637=VECTOR('',#6005,0.393700787401575);
#1638=VECTOR('',#6006,0.393700787401575);
#1639=VECTOR('',#6009,0.393700787401575);
#1640=VECTOR('',#6010,0.393700787401575);
#1641=VECTOR('',#6011,0.393700787401575);
#1642=VECTOR('',#6012,0.393700787401575);
#1643=VECTOR('',#6015,0.393700787401575);
#1644=VECTOR('',#6016,0.393700787401575);
#1645=VECTOR('',#6017,0.393700787401575);
#1646=VECTOR('',#6020,0.393700787401575);
#1647=VECTOR('',#6021,0.393700787401575);
#1648=VECTOR('',#6024,0.393700787401575);
#1649=VECTOR('',#6025,0.393700787401575);
#1650=VECTOR('',#6028,0.393700787401575);
#1651=VECTOR('',#6029,0.393700787401575);
#1652=VECTOR('',#6032,0.393700787401575);
#1653=VECTOR('',#6033,0.393700787401575);
#1654=VECTOR('',#6034,0.393700787401575);
#1655=VECTOR('',#6037,0.393700787401575);
#1656=VECTOR('',#6038,0.393700787401575);
#1657=VECTOR('',#6041,0.393700787401575);
#1658=VECTOR('',#6042,0.393700787401575);
#1659=VECTOR('',#6043,0.393700787401575);
#1660=VECTOR('',#6044,0.393700787401575);
#1661=VECTOR('',#6047,0.393700787401575);
#1662=VECTOR('',#6048,0.393700787401575);
#1663=VECTOR('',#6049,0.393700787401575);
#1664=VECTOR('',#6052,0.393700787401575);
#1665=VECTOR('',#6053,0.393700787401575);
#1666=VECTOR('',#6054,0.393700787401575);
#1667=VECTOR('',#6057,0.393700787401575);
#1668=VECTOR('',#6058,0.393700787401575);
#1669=VECTOR('',#6063,0.393700787401575);
#1670=VECTOR('',#6064,0.393700787401575);
#1671=VECTOR('',#6065,0.393700787401575);
#1672=VECTOR('',#6066,0.393700787401575);
#1673=VECTOR('',#6067,0.393700787401575);
#1674=VECTOR('',#6068,0.393700787401575);
#1675=VECTOR('',#6071,0.393700787401575);
#1676=VECTOR('',#6072,0.393700787401575);
#1677=VECTOR('',#6073,0.393700787401575);
#1678=VECTOR('',#6076,0.393700787401575);
#1679=VECTOR('',#6077,0.393700787401575);
#1680=VECTOR('',#6080,0.393700787401575);
#1681=VECTOR('',#6081,0.393700787401575);
#1682=VECTOR('',#6084,0.393700787401575);
#1683=VECTOR('',#6089,0.393700787401575);
#1684=VECTOR('',#6096,0.393700787401575);
#1685=VECTOR('',#6099,0.393700787401575);
#1686=VECTOR('',#6102,0.393700787401575);
#1687=VECTOR('',#6105,0.393700787401575);
#1688=VECTOR('',#6108,0.393700787401575);
#1689=VECTOR('',#6111,0.393700787401575);
#1690=VECTOR('',#6112,0.393700787401575);
#1691=VECTOR('',#6115,0.393700787401575);
#1692=VECTOR('',#6116,0.393700787401575);
#1693=VECTOR('',#6117,0.393700787401575);
#1694=VECTOR('',#6120,0.393700787401575);
#1695=VECTOR('',#6121,0.393700787401575);
#1696=VECTOR('',#6122,0.393700787401575);
#1697=VECTOR('',#6123,0.393700787401575);
#1698=VECTOR('',#6124,0.393700787401575);
#1699=VECTOR('',#6125,0.393700787401575);
#1700=VECTOR('',#6128,0.393700787401575);
#1701=VECTOR('',#6129,0.393700787401575);
#1702=VECTOR('',#6134,0.393700787401575);
#1703=VECTOR('',#6139,0.393700787401575);
#1704=VECTOR('',#6142,0.393700787401575);
#1705=VECTOR('',#6145,0.393700787401575);
#1706=VECTOR('',#6146,0.393700787401575);
#1707=VECTOR('',#6147,0.393700787401575);
#1708=VECTOR('',#6150,0.393700787401575);
#1709=VECTOR('',#6153,0.393700787401575);
#1710=VECTOR('',#6154,0.393700787401575);
#1711=VECTOR('',#6157,0.393700787401575);
#1712=VECTOR('',#6158,0.393700787401575);
#1713=VECTOR('',#6159,0.393700787401575);
#1714=VECTOR('',#6162,0.393700787401575);
#1715=VECTOR('',#6163,0.393700787401575);
#1716=VECTOR('',#6166,0.393700787401575);
#1717=VECTOR('',#6169,0.393700787401575);
#1718=VECTOR('',#6170,0.393700787401575);
#1719=VECTOR('',#6171,0.393700787401575);
#1720=VECTOR('',#6172,0.393700787401575);
#1721=VECTOR('',#6175,0.393700787401575);
#1722=VECTOR('',#6178,0.393700787401575);
#1723=VECTOR('',#6181,0.393700787401575);
#1724=VECTOR('',#6182,0.393700787401575);
#1725=VECTOR('',#6187,0.393700787401575);
#1726=VECTOR('',#6190,0.393700787401575);
#1727=VECTOR('',#6191,0.393700787401575);
#1728=VECTOR('',#6194,0.393700787401575);
#1729=VECTOR('',#6195,0.393700787401575);
#1730=VECTOR('',#6196,0.393700787401575);
#1731=VECTOR('',#6199,0.393700787401575);
#1732=VECTOR('',#6200,0.393700787401575);
#1733=VECTOR('',#6201,0.393700787401575);
#1734=VECTOR('',#6202,0.393700787401575);
#1735=VECTOR('',#6203,0.393700787401575);
#1736=VECTOR('',#6204,0.393700787401575);
#1737=VECTOR('',#6209,0.393700787401575);
#1738=VECTOR('',#6210,0.393700787401575);
#1739=VECTOR('',#6213,0.393700787401575);
#1740=VECTOR('',#6214,0.393700787401575);
#1741=VECTOR('',#6219,0.393700787401575);
#1742=VECTOR('',#6222,0.393700787401575);
#1743=VECTOR('',#6225,0.393700787401575);
#1744=VECTOR('',#6228,0.393700787401575);
#1745=VECTOR('',#6231,0.393700787401575);
#1746=VECTOR('',#6234,0.393700787401575);
#1747=VECTOR('',#6237,0.393700787401575);
#1748=VECTOR('',#6242,0.393700787401575);
#1749=VECTOR('',#6243,0.393700787401575);
#1750=VECTOR('',#6244,0.393700787401575);
#1751=VECTOR('',#6247,0.393700787401575);
#1752=VECTOR('',#6248,0.393700787401575);
#1753=VECTOR('',#6253,0.393700787401575);
#1754=VECTOR('',#6254,0.393700787401575);
#1755=VECTOR('',#6259,0.393700787401575);
#1756=VECTOR('',#6260,0.393700787401575);
#1757=VECTOR('',#6265,0.393700787401575);
#1758=VECTOR('',#6266,0.393700787401575);
#1759=VECTOR('',#6269,0.393700787401575);
#1760=VECTOR('',#6270,0.393700787401575);
#1761=VECTOR('',#6271,0.393700787401575);
#1762=VECTOR('',#6276,0.393700787401575);
#1763=VECTOR('',#6277,0.393700787401575);
#1764=VECTOR('',#6278,0.393700787401575);
#1765=VECTOR('',#6281,0.393700787401575);
#1766=VECTOR('',#6282,0.393700787401575);
#1767=VECTOR('',#6285,0.393700787401575);
#1768=VECTOR('',#6286,0.393700787401575);
#1769=VECTOR('',#6289,0.393700787401575);
#1770=VECTOR('',#6292,0.393700787401575);
#1771=VECTOR('',#6293,0.393700787401575);
#1772=VECTOR('',#6296,0.393700787401575);
#1773=VECTOR('',#6299,0.393700787401575);
#1774=VECTOR('',#6306,0.393700787401575);
#1775=VECTOR('',#6309,0.393700787401575);
#1776=VECTOR('',#6312,0.393700787401575);
#1777=VECTOR('',#6313,0.393700787401575);
#1778=VECTOR('',#6314,0.393700787401575);
#1779=VECTOR('',#6317,0.393700787401575);
#1780=VECTOR('',#6318,0.393700787401575);
#1781=VECTOR('',#6319,0.393700787401575);
#1782=VECTOR('',#6320,0.393700787401575);
#1783=VECTOR('',#6321,0.393700787401575);
#1784=VECTOR('',#6324,0.393700787401575);
#1785=VECTOR('',#6325,0.393700787401575);
#1786=VECTOR('',#6330,0.393700787401575);
#1787=VECTOR('',#6333,0.393700787401575);
#1788=VECTOR('',#6338,0.393700787401575);
#1789=VECTOR('',#6341,0.393700787401575);
#1790=VECTOR('',#6344,0.393700787401575);
#1791=VECTOR('',#6345,0.393700787401575);
#1792=VECTOR('',#6346,0.393700787401575);
#1793=VECTOR('',#6347,0.393700787401575);
#1794=VECTOR('',#6348,0.393700787401575);
#1795=VECTOR('',#6349,0.393700787401575);
#1796=VECTOR('',#6354,0.393700787401575);
#1797=VECTOR('',#6357,0.393700787401575);
#1798=VECTOR('',#6360,0.393700787401575);
#1799=VECTOR('',#6361,0.393700787401575);
#1800=VECTOR('',#6362,0.393700787401575);
#1801=VECTOR('',#6365,0.393700787401575);
#1802=VECTOR('',#6366,0.393700787401575);
#1803=VECTOR('',#6367,0.393700787401575);
#1804=VECTOR('',#6368,0.393700787401575);
#1805=VECTOR('',#6369,0.393700787401575);
#1806=VECTOR('',#6372,0.393700787401575);
#1807=VECTOR('',#6377,0.393700787401575);
#1808=VECTOR('',#6386,0.393700787401575);
#1809=VECTOR('',#6391,0.393700787401575);
#1810=VECTOR('',#6398,0.393700787401575);
#1811=VECTOR('',#6403,0.393700787401575);
#1812=VECTOR('',#6404,0.393700787401575);
#1813=VECTOR('',#6407,0.393700787401575);
#1814=VECTOR('',#6408,0.393700787401575);
#1815=VECTOR('',#6411,0.393700787401575);
#1816=VECTOR('',#6414,0.393700787401575);
#1817=VECTOR('',#6419,0.393700787401575);
#1818=VECTOR('',#6420,0.393700787401575);
#1819=VECTOR('',#6421,0.393700787401575);
#1820=VECTOR('',#6424,0.393700787401575);
#1821=VECTOR('',#6427,0.393700787401575);
#1822=VECTOR('',#6428,0.393700787401575);
#1823=VECTOR('',#6431,0.393700787401575);
#1824=VECTOR('',#6432,0.393700787401575);
#1825=VECTOR('',#6433,0.393700787401575);
#1826=VECTOR('',#6436,0.393700787401575);
#1827=VECTOR('',#6439,0.393700787401575);
#1828=VECTOR('',#6440,0.393700787401575);
#1829=VECTOR('',#6443,0.393700787401575);
#1830=VECTOR('',#6444,0.393700787401575);
#1831=VECTOR('',#6447,0.393700787401575);
#1832=VECTOR('',#6450,0.393700787401575);
#1833=VECTOR('',#6451,0.393700787401575);
#1834=VECTOR('',#6454,0.393700787401575);
#1835=VECTOR('',#6455,0.393700787401575);
#1836=VECTOR('',#6456,0.393700787401575);
#1837=VECTOR('',#6457,0.393700787401575);
#1838=VECTOR('',#6460,0.393700787401575);
#1839=VECTOR('',#6461,0.393700787401575);
#1840=VECTOR('',#6464,0.393700787401575);
#1841=VECTOR('',#6467,0.393700787401575);
#1842=VECTOR('',#6476,0.393700787401575);
#1843=VECTOR('',#6477,0.393700787401575);
#1844=VECTOR('',#6478,0.393700787401575);
#1845=VECTOR('',#6479,0.393700787401575);
#1846=VECTOR('',#6482,0.393700787401575);
#1847=VECTOR('',#6483,0.393700787401575);
#1848=VECTOR('',#6484,0.393700787401575);
#1849=VECTOR('',#6487,0.393700787401575);
#1850=VECTOR('',#6488,0.393700787401575);
#1851=VECTOR('',#6489,0.393700787401575);
#1852=VECTOR('',#6492,0.393700787401575);
#1853=VECTOR('',#6493,0.393700787401575);
#1854=VECTOR('',#6496,0.393700787401575);
#1855=VECTOR('',#6497,0.393700787401575);
#1856=VECTOR('',#6498,0.393700787401575);
#1857=VECTOR('',#6499,0.393700787401575);
#1858=VECTOR('',#6502,0.393700787401575);
#1859=VECTOR('',#6503,0.393700787401575);
#1860=VECTOR('',#6504,0.393700787401575);
#1861=VECTOR('',#6507,0.393700787401575);
#1862=VECTOR('',#6508,0.393700787401575);
#1863=VECTOR('',#6509,0.393700787401575);
#1864=VECTOR('',#6512,0.393700787401575);
#1865=VECTOR('',#6513,0.393700787401575);
#1866=CIRCLE('',#4857,0.0118110236220473);
#1867=CIRCLE('',#4858,0.0118110236220472);
#1868=CIRCLE('',#4860,0.0118110236220473);
#1869=CIRCLE('',#4861,0.0118110236220472);
#1870=CIRCLE('',#4863,0.0118110236220472);
#1871=CIRCLE('',#4865,0.0118110236220473);
#1872=CIRCLE('',#4866,0.0118110236220472);
#1873=CIRCLE('',#4868,0.0118110236220473);
#1874=CIRCLE('',#4870,0.0118110236220472);
#1875=CIRCLE('',#4871,0.0118110236220472);
#1876=CIRCLE('',#4873,0.0118110236220472);
#1877=CIRCLE('',#4875,0.0118110236220473);
#1878=CIRCLE('',#4877,0.0118110236220473);
#1879=CIRCLE('',#4880,0.0118110236220472);
#1880=CIRCLE('',#4884,0.0118110236220472);
#1881=CIRCLE('',#4885,0.0118110236220472);
#1882=CIRCLE('',#4887,0.0118110236220472);
#1883=CIRCLE('',#4888,0.0118110236220472);
#1884=CIRCLE('',#4890,0.0118110236220472);
#1885=CIRCLE('',#4892,0.0118110236220473);
#1886=CIRCLE('',#4893,0.0118110236220472);
#1887=CIRCLE('',#4895,0.0118110236220473);
#1888=CIRCLE('',#4897,0.0118110236220472);
#1889=CIRCLE('',#4898,0.0118110236220472);
#1890=CIRCLE('',#4900,0.0118110236220472);
#1891=CIRCLE('',#4902,0.0118110236220473);
#1892=CIRCLE('',#4904,0.0118110236220473);
#1893=CIRCLE('',#4906,0.0118110236220472);
#1894=CIRCLE('',#4910,0.0118110236220472);
#1895=CIRCLE('',#4911,0.0118110236220472);
#1896=CIRCLE('',#4913,0.0118110236220472);
#1897=CIRCLE('',#4914,0.0118110236220472);
#1898=CIRCLE('',#4916,0.0118110236220473);
#1899=CIRCLE('',#4918,0.0118110236220472);
#1900=CIRCLE('',#4919,0.0118110236220472);
#1901=CIRCLE('',#4921,0.0118110236220473);
#1902=CIRCLE('',#4923,0.0118110236220472);
#1903=CIRCLE('',#4924,0.0118110236220472);
#1904=CIRCLE('',#4926,0.0118110236220472);
#1905=CIRCLE('',#4928,0.0118110236220473);
#1906=CIRCLE('',#4930,0.0118110236220473);
#1907=CIRCLE('',#4933,0.0118110236220472);
#1908=CIRCLE('',#4937,0.0118110236220472);
#1909=CIRCLE('',#4938,0.0118110236220472);
#1910=CIRCLE('',#4940,0.0118110236220472);
#1911=CIRCLE('',#4941,0.0118110236220472);
#1912=CIRCLE('',#4943,0.0118110236220472);
#1913=CIRCLE('',#4945,0.0118110236220472);
#1914=CIRCLE('',#4946,0.0118110236220472);
#1915=CIRCLE('',#4948,0.0118110236220473);
#1916=CIRCLE('',#4950,0.0118110236220472);
#1917=CIRCLE('',#4951,0.0118110236220472);
#1918=CIRCLE('',#4953,0.0118110236220473);
#1919=CIRCLE('',#4955,0.0118110236220472);
#1920=CIRCLE('',#4957,0.0118110236220473);
#1921=CIRCLE('',#4960,0.0118110236220473);
#1922=CIRCLE('',#4974,0.0118110236220473);
#1923=CIRCLE('',#4977,0.0118110236220473);
#1924=CIRCLE('',#4979,0.0118110236220472);
#1925=CIRCLE('',#4981,0.0118110236220472);
#1926=CIRCLE('',#4983,0.0118110236220473);
#1927=CIRCLE('',#4986,0.0118110236220472);
#1928=CIRCLE('',#4988,0.0118110236220472);
#1929=CIRCLE('',#4991,0.0118110236220473);
#1930=CIRCLE('',#5032,0.00984251968503937);
#1931=CIRCLE('',#5033,0.00984251968503937);
#1932=CIRCLE('',#5036,0.00984251968503937);
#1933=CIRCLE('',#5037,0.00984251968503937);
#1934=CIRCLE('',#5041,0.00984251968503937);
#1935=CIRCLE('',#5042,0.00984251968503937);
#1936=CIRCLE('',#5045,0.00984251968503937);
#1937=CIRCLE('',#5046,0.00984251968503937);
#1938=CIRCLE('',#5054,0.00984251968503937);
#1939=CIRCLE('',#5055,0.00984251968503937);
#1940=CIRCLE('',#5058,0.00984251968503937);
#1941=CIRCLE('',#5059,0.00984251968503937);
#1942=CIRCLE('',#5114,0.0078740157480315);
#1943=CIRCLE('',#5115,0.0078740157480315);
#1944=CIRCLE('',#5117,0.0078740157480315);
#1945=CIRCLE('',#5118,0.0078740157480315);
#1946=CIRCLE('',#5119,0.0078740157480315);
#1947=CIRCLE('',#5120,0.0078740157480315);
#1948=CIRCLE('',#5121,0.0078740157480315);
#1949=CIRCLE('',#5124,0.0078740157480315);
#1950=CIRCLE('',#5126,0.0078740157480315);
#1951=CIRCLE('',#5127,0.0078740157480315);
#1952=CIRCLE('',#5130,0.0078740157480315);
#1953=CIRCLE('',#5131,0.0078740157480315);
#1954=CIRCLE('',#5132,0.0078740157480315);
#1955=CIRCLE('',#5133,0.0078740157480315);
#1956=CIRCLE('',#5134,0.0078740157480315);
#1957=CIRCLE('',#5136,0.0078740157480315);
#1958=CIRCLE('',#5139,0.0078740157480315);
#1959=CIRCLE('',#5140,0.0078740157480315);
#1960=CIRCLE('',#5141,0.0078740157480315);
#1961=CIRCLE('',#5142,0.0078740157480315);
#1962=CIRCLE('',#5144,0.0078740157480315);
#1963=CIRCLE('',#5147,0.0078740157480315);
#1964=CIRCLE('',#5153,0.0078740157480315);
#1965=CIRCLE('',#5155,0.0078740157480315);
#1966=CIRCLE('',#5160,0.0078740157480315);
#1967=CIRCLE('',#5162,0.0078740157480315);
#1968=CIRCLE('',#5164,0.0078740157480315);
#1969=CIRCLE('',#5174,0.0078740157480315);
#1970=CIRCLE('',#5175,0.0078740157480315);
#1971=CIRCLE('',#5180,0.0078740157480315);
#1972=CIRCLE('',#5181,0.0078740157480315);
#1973=CIRCLE('',#5183,0.00787401574803149);
#1974=CIRCLE('',#5184,0.00787401574803149);
#1975=CIRCLE('',#5185,0.0078740157480315);
#1976=CIRCLE('',#5187,0.0078740157480315);
#1977=CIRCLE('',#5188,0.0078740157480315);
#1978=CIRCLE('',#5193,0.00787401574803149);
#1979=CIRCLE('',#5196,0.0078740157480315);
#1980=CIRCLE('',#5198,0.0078740157480315);
#1981=CIRCLE('',#5200,0.00787401574803149);
#1982=VERTEX_POINT('',#6520);
#1983=VERTEX_POINT('',#6521);
#1984=VERTEX_POINT('',#6523);
#1985=VERTEX_POINT('',#6525);
#1986=VERTEX_POINT('',#6529);
#1987=VERTEX_POINT('',#6531);
#1988=VERTEX_POINT('',#6533);
#1989=VERTEX_POINT('',#6539);
#1990=VERTEX_POINT('',#6541);
#1991=VERTEX_POINT('',#6543);
#1992=VERTEX_POINT('',#6549);
#1993=VERTEX_POINT('',#6552);
#1994=VERTEX_POINT('',#6560);
#1995=VERTEX_POINT('',#6562);
#1996=VERTEX_POINT('',#6566);
#1997=VERTEX_POINT('',#6568);
#1998=VERTEX_POINT('',#6570);
#1999=VERTEX_POINT('',#6572);
#2000=VERTEX_POINT('',#6574);
#2001=VERTEX_POINT('',#6576);
#2002=VERTEX_POINT('',#6578);
#2003=VERTEX_POINT('',#6580);
#2004=VERTEX_POINT('',#6582);
#2005=VERTEX_POINT('',#6586);
#2006=VERTEX_POINT('',#6590);
#2007=VERTEX_POINT('',#6595);
#2008=VERTEX_POINT('',#6596);
#2009=VERTEX_POINT('',#6598);
#2010=VERTEX_POINT('',#6600);
#2011=VERTEX_POINT('',#6604);
#2012=VERTEX_POINT('',#6606);
#2013=VERTEX_POINT('',#6608);
#2014=VERTEX_POINT('',#6615);
#2015=VERTEX_POINT('',#6621);
#2016=VERTEX_POINT('',#6624);
#2017=VERTEX_POINT('',#6632);
#2018=VERTEX_POINT('',#6636);
#2019=VERTEX_POINT('',#6640);
#2020=VERTEX_POINT('',#6642);
#2021=VERTEX_POINT('',#6644);
#2022=VERTEX_POINT('',#6646);
#2023=VERTEX_POINT('',#6648);
#2024=VERTEX_POINT('',#6654);
#2025=VERTEX_POINT('',#6655);
#2026=VERTEX_POINT('',#6657);
#2027=VERTEX_POINT('',#6659);
#2028=VERTEX_POINT('',#6663);
#2029=VERTEX_POINT('',#6665);
#2030=VERTEX_POINT('',#6667);
#2031=VERTEX_POINT('',#6673);
#2032=VERTEX_POINT('',#6675);
#2033=VERTEX_POINT('',#6677);
#2034=VERTEX_POINT('',#6683);
#2035=VERTEX_POINT('',#6686);
#2036=VERTEX_POINT('',#6694);
#2037=VERTEX_POINT('',#6696);
#2038=VERTEX_POINT('',#6700);
#2039=VERTEX_POINT('',#6704);
#2040=VERTEX_POINT('',#6708);
#2041=VERTEX_POINT('',#6710);
#2042=VERTEX_POINT('',#6712);
#2043=VERTEX_POINT('',#6714);
#2044=VERTEX_POINT('',#6716);
#2045=VERTEX_POINT('',#6718);
#2046=VERTEX_POINT('',#6720);
#2047=VERTEX_POINT('',#6725);
#2048=VERTEX_POINT('',#6726);
#2049=VERTEX_POINT('',#6728);
#2050=VERTEX_POINT('',#6730);
#2051=VERTEX_POINT('',#6734);
#2052=VERTEX_POINT('',#6736);
#2053=VERTEX_POINT('',#6738);
#2054=VERTEX_POINT('',#6744);
#2055=VERTEX_POINT('',#6746);
#2056=VERTEX_POINT('',#6748);
#2057=VERTEX_POINT('',#6754);
#2058=VERTEX_POINT('',#6757);
#2059=VERTEX_POINT('',#6765);
#2060=VERTEX_POINT('',#6767);
#2061=VERTEX_POINT('',#6771);
#2062=VERTEX_POINT('',#6775);
#2063=VERTEX_POINT('',#6779);
#2064=VERTEX_POINT('',#6784);
#2065=VERTEX_POINT('',#6785);
#2066=VERTEX_POINT('',#6787);
#2067=VERTEX_POINT('',#6789);
#2068=VERTEX_POINT('',#6793);
#2069=VERTEX_POINT('',#6794);
#2070=VERTEX_POINT('',#6796);
#2071=VERTEX_POINT('',#6798);
#2072=VERTEX_POINT('',#6802);
#2073=VERTEX_POINT('',#6804);
#2074=VERTEX_POINT('',#6808);
#2075=VERTEX_POINT('',#6810);
#2076=VERTEX_POINT('',#6814);
#2077=VERTEX_POINT('',#6815);
#2078=VERTEX_POINT('',#6817);
#2079=VERTEX_POINT('',#6819);
#2080=VERTEX_POINT('',#6826);
#2081=VERTEX_POINT('',#6828);
#2082=VERTEX_POINT('',#6830);
#2083=VERTEX_POINT('',#6832);
#2084=VERTEX_POINT('',#6834);
#2085=VERTEX_POINT('',#6836);
#2086=VERTEX_POINT('',#6838);
#2087=VERTEX_POINT('',#6840);
#2088=VERTEX_POINT('',#6842);
#2089=VERTEX_POINT('',#6844);
#2090=VERTEX_POINT('',#6848);
#2091=VERTEX_POINT('',#6850);
#2092=VERTEX_POINT('',#6852);
#2093=VERTEX_POINT('',#6854);
#2094=VERTEX_POINT('',#6858);
#2095=VERTEX_POINT('',#6861);
#2096=VERTEX_POINT('',#6864);
#2097=VERTEX_POINT('',#6866);
#2098=VERTEX_POINT('',#6870);
#2099=VERTEX_POINT('',#6873);
#2100=VERTEX_POINT('',#6876);
#2101=VERTEX_POINT('',#6880);
#2102=VERTEX_POINT('',#6882);
#2103=VERTEX_POINT('',#6888);
#2104=VERTEX_POINT('',#6892);
#2105=VERTEX_POINT('',#6894);
#2106=VERTEX_POINT('',#6898);
#2107=VERTEX_POINT('',#6902);
#2108=VERTEX_POINT('',#6906);
#2109=VERTEX_POINT('',#6910);
#2110=VERTEX_POINT('',#6914);
#2111=VERTEX_POINT('',#6916);
#2112=VERTEX_POINT('',#6922);
#2113=VERTEX_POINT('',#6931);
#2114=VERTEX_POINT('',#6937);
#2115=VERTEX_POINT('',#6938);
#2116=VERTEX_POINT('',#6940);
#2117=VERTEX_POINT('',#6942);
#2118=VERTEX_POINT('',#6946);
#2119=VERTEX_POINT('',#6948);
#2120=VERTEX_POINT('',#6952);
#2121=VERTEX_POINT('',#6954);
#2122=VERTEX_POINT('',#6958);
#2123=VERTEX_POINT('',#6960);
#2124=VERTEX_POINT('',#6966);
#2125=VERTEX_POINT('',#6968);
#2126=VERTEX_POINT('',#6970);
#2127=VERTEX_POINT('',#6972);
#2128=VERTEX_POINT('',#6976);
#2129=VERTEX_POINT('',#6978);
#2130=VERTEX_POINT('',#6980);
#2131=VERTEX_POINT('',#6982);
#2132=VERTEX_POINT('',#6989);
#2133=VERTEX_POINT('',#6996);
#2134=VERTEX_POINT('',#7004);
#2135=VERTEX_POINT('',#7006);
#2136=VERTEX_POINT('',#7015);
#2137=VERTEX_POINT('',#7017);
#2138=VERTEX_POINT('',#7022);
#2139=VERTEX_POINT('',#7023);
#2140=VERTEX_POINT('',#7026);
#2141=VERTEX_POINT('',#7032);
#2142=VERTEX_POINT('',#7036);
#2143=VERTEX_POINT('',#7041);
#2144=VERTEX_POINT('',#7053);
#2145=VERTEX_POINT('',#7057);
#2146=VERTEX_POINT('',#7066);
#2147=VERTEX_POINT('',#7067);
#2148=VERTEX_POINT('',#7069);
#2149=VERTEX_POINT('',#7071);
#2150=VERTEX_POINT('',#7075);
#2151=VERTEX_POINT('',#7077);
#2152=VERTEX_POINT('',#7081);
#2153=VERTEX_POINT('',#7083);
#2154=VERTEX_POINT('',#7087);
#2155=VERTEX_POINT('',#7089);
#2156=VERTEX_POINT('',#7093);
#2157=VERTEX_POINT('',#7095);
#2158=VERTEX_POINT('',#7099);
#2159=VERTEX_POINT('',#7100);
#2160=VERTEX_POINT('',#7102);
#2161=VERTEX_POINT('',#7104);
#2162=VERTEX_POINT('',#7108);
#2163=VERTEX_POINT('',#7110);
#2164=VERTEX_POINT('',#7114);
#2165=VERTEX_POINT('',#7116);
#2166=VERTEX_POINT('',#7120);
#2167=VERTEX_POINT('',#7122);
#2168=VERTEX_POINT('',#7126);
#2169=VERTEX_POINT('',#7128);
#2170=VERTEX_POINT('',#7132);
#2171=VERTEX_POINT('',#7134);
#2172=VERTEX_POINT('',#7138);
#2173=VERTEX_POINT('',#7140);
#2174=VERTEX_POINT('',#7144);
#2175=VERTEX_POINT('',#7146);
#2176=VERTEX_POINT('',#7150);
#2177=VERTEX_POINT('',#7152);
#2178=VERTEX_POINT('',#7156);
#2179=VERTEX_POINT('',#7157);
#2180=VERTEX_POINT('',#7159);
#2181=VERTEX_POINT('',#7161);
#2182=VERTEX_POINT('',#7165);
#2183=VERTEX_POINT('',#7167);
#2184=VERTEX_POINT('',#7171);
#2185=VERTEX_POINT('',#7173);
#2186=VERTEX_POINT('',#7177);
#2187=VERTEX_POINT('',#7179);
#2188=VERTEX_POINT('',#7183);
#2189=VERTEX_POINT('',#7185);
#2190=VERTEX_POINT('',#7189);
#2191=VERTEX_POINT('',#7191);
#2192=VERTEX_POINT('',#7195);
#2193=VERTEX_POINT('',#7197);
#2194=VERTEX_POINT('',#7225);
#2195=VERTEX_POINT('',#7226);
#2196=VERTEX_POINT('',#7231);
#2197=VERTEX_POINT('',#7233);
#2198=VERTEX_POINT('',#7250);
#2199=VERTEX_POINT('',#7252);
#2200=VERTEX_POINT('',#7275);
#2201=VERTEX_POINT('',#7277);
#2202=VERTEX_POINT('',#7281);
#2203=VERTEX_POINT('',#7283);
#2204=VERTEX_POINT('',#7300);
#2205=VERTEX_POINT('',#7302);
#2206=VERTEX_POINT('',#7319);
#2207=VERTEX_POINT('',#7338);
#2208=VERTEX_POINT('',#7349);
#2209=VERTEX_POINT('',#7386);
#2210=VERTEX_POINT('',#7387);
#2211=VERTEX_POINT('',#7397);
#2212=VERTEX_POINT('',#7465);
#2213=VERTEX_POINT('',#7470);
#2214=VERTEX_POINT('',#7477);
#2215=VERTEX_POINT('',#7484);
#2216=VERTEX_POINT('',#7495);
#2217=VERTEX_POINT('',#7526);
#2218=VERTEX_POINT('',#7528);
#2219=VERTEX_POINT('',#7563);
#2220=VERTEX_POINT('',#7564);
#2221=VERTEX_POINT('',#7570);
#2222=VERTEX_POINT('',#7572);
#2223=VERTEX_POINT('',#7590);
#2224=VERTEX_POINT('',#7599);
#2225=VERTEX_POINT('',#7650);
#2226=VERTEX_POINT('',#7667);
#2227=VERTEX_POINT('',#7681);
#2228=VERTEX_POINT('',#7724);
#2229=VERTEX_POINT('',#7733);
#2230=VERTEX_POINT('',#7796);
#2231=VERTEX_POINT('',#7803);
#2232=VERTEX_POINT('',#7810);
#2233=VERTEX_POINT('',#7820);
#2234=VERTEX_POINT('',#7845);
#2235=VERTEX_POINT('',#7847);
#2236=VERTEX_POINT('',#7909);
#2237=VERTEX_POINT('',#7924);
#2238=VERTEX_POINT('',#7978);
#2239=VERTEX_POINT('',#7979);
#2240=VERTEX_POINT('',#7981);
#2241=VERTEX_POINT('',#7983);
#2242=VERTEX_POINT('',#7987);
#2243=VERTEX_POINT('',#7988);
#2244=VERTEX_POINT('',#7990);
#2245=VERTEX_POINT('',#7992);
#2246=VERTEX_POINT('',#7996);
#2247=VERTEX_POINT('',#7997);
#2248=VERTEX_POINT('',#7999);
#2249=VERTEX_POINT('',#8001);
#2250=VERTEX_POINT('',#8005);
#2251=VERTEX_POINT('',#8006);
#2252=VERTEX_POINT('',#8008);
#2253=VERTEX_POINT('',#8010);
#2254=VERTEX_POINT('',#8014);
#2255=VERTEX_POINT('',#8016);
#2256=VERTEX_POINT('',#8029);
#2257=VERTEX_POINT('',#8031);
#2258=VERTEX_POINT('',#8035);
#2259=VERTEX_POINT('',#8039);
#2260=VERTEX_POINT('',#8040);
#2261=VERTEX_POINT('',#8042);
#2262=VERTEX_POINT('',#8044);
#2263=VERTEX_POINT('',#8048);
#2264=VERTEX_POINT('',#8050);
#2265=VERTEX_POINT('',#8054);
#2266=VERTEX_POINT('',#8056);
#2267=VERTEX_POINT('',#8064);
#2268=VERTEX_POINT('',#8065);
#2269=VERTEX_POINT('',#8067);
#2270=VERTEX_POINT('',#8069);
#2271=VERTEX_POINT('',#8072);
#2272=VERTEX_POINT('',#8076);
#2273=VERTEX_POINT('',#8077);
#2274=VERTEX_POINT('',#8082);
#2275=VERTEX_POINT('',#8086);
#2276=VERTEX_POINT('',#8096);
#2277=VERTEX_POINT('',#8097);
#2278=VERTEX_POINT('',#8099);
#2279=VERTEX_POINT('',#8101);
#2280=VERTEX_POINT('',#8105);
#2281=VERTEX_POINT('',#8107);
#2282=VERTEX_POINT('',#8109);
#2283=VERTEX_POINT('',#8111);
#2284=VERTEX_POINT('',#8113);
#2285=VERTEX_POINT('',#8115);
#2286=VERTEX_POINT('',#8117);
#2287=VERTEX_POINT('',#8119);
#2288=VERTEX_POINT('',#8121);
#2289=VERTEX_POINT('',#8123);
#2290=VERTEX_POINT('',#8125);
#2291=VERTEX_POINT('',#8127);
#2292=VERTEX_POINT('',#8129);
#2293=VERTEX_POINT('',#8131);
#2294=VERTEX_POINT('',#8134);
#2295=VERTEX_POINT('',#8135);
#2296=VERTEX_POINT('',#8137);
#2297=VERTEX_POINT('',#8139);
#2298=VERTEX_POINT('',#8143);
#2299=VERTEX_POINT('',#8147);
#2300=VERTEX_POINT('',#8151);
#2301=VERTEX_POINT('',#8152);
#2302=VERTEX_POINT('',#8154);
#2303=VERTEX_POINT('',#8156);
#2304=VERTEX_POINT('',#8160);
#2305=VERTEX_POINT('',#8162);
#2306=VERTEX_POINT('',#8166);
#2307=VERTEX_POINT('',#8168);
#2308=VERTEX_POINT('',#8170);
#2309=VERTEX_POINT('',#8172);
#2310=VERTEX_POINT('',#8174);
#2311=VERTEX_POINT('',#8176);
#2312=VERTEX_POINT('',#8178);
#2313=VERTEX_POINT('',#8180);
#2314=VERTEX_POINT('',#8182);
#2315=VERTEX_POINT('',#8184);
#2316=VERTEX_POINT('',#8186);
#2317=VERTEX_POINT('',#8188);
#2318=VERTEX_POINT('',#8190);
#2319=VERTEX_POINT('',#8193);
#2320=VERTEX_POINT('',#8194);
#2321=VERTEX_POINT('',#8196);
#2322=VERTEX_POINT('',#8198);
#2323=VERTEX_POINT('',#8202);
#2324=VERTEX_POINT('',#8204);
#2325=VERTEX_POINT('',#8208);
#2326=VERTEX_POINT('',#8212);
#2327=VERTEX_POINT('',#8214);
#2328=VERTEX_POINT('',#8216);
#2329=VERTEX_POINT('',#8218);
#2330=VERTEX_POINT('',#8220);
#2331=VERTEX_POINT('',#8222);
#2332=VERTEX_POINT('',#8224);
#2333=VERTEX_POINT('',#8226);
#2334=VERTEX_POINT('',#8228);
#2335=VERTEX_POINT('',#8230);
#2336=VERTEX_POINT('',#8234);
#2337=VERTEX_POINT('',#8235);
#2338=VERTEX_POINT('',#8237);
#2339=VERTEX_POINT('',#8239);
#2340=VERTEX_POINT('',#8243);
#2341=VERTEX_POINT('',#8244);
#2342=VERTEX_POINT('',#8249);
#2343=VERTEX_POINT('',#8253);
#2344=VERTEX_POINT('',#8265);
#2345=VERTEX_POINT('',#8267);
#2346=VERTEX_POINT('',#8271);
#2347=VERTEX_POINT('',#8273);
#2348=VERTEX_POINT('',#8275);
#2349=VERTEX_POINT('',#8286);
#2350=VERTEX_POINT('',#8288);
#2351=VERTEX_POINT('',#8292);
#2352=VERTEX_POINT('',#8293);
#2353=VERTEX_POINT('',#8298);
#2354=VERTEX_POINT('',#8300);
#2355=VERTEX_POINT('',#8302);
#2356=VERTEX_POINT('',#8306);
#2357=VERTEX_POINT('',#8308);
#2358=VERTEX_POINT('',#8315);
#2359=VERTEX_POINT('',#8321);
#2360=VERTEX_POINT('',#8330);
#2361=VERTEX_POINT('',#8331);
#2362=VERTEX_POINT('',#8333);
#2363=VERTEX_POINT('',#8335);
#2364=VERTEX_POINT('',#8339);
#2365=VERTEX_POINT('',#8341);
#2366=VERTEX_POINT('',#8345);
#2367=VERTEX_POINT('',#8347);
#2368=VERTEX_POINT('',#8349);
#2369=VERTEX_POINT('',#8351);
#2370=VERTEX_POINT('',#8355);
#2371=VERTEX_POINT('',#8356);
#2372=VERTEX_POINT('',#8373);
#2373=VERTEX_POINT('',#8375);
#2374=VERTEX_POINT('',#8394);
#2375=VERTEX_POINT('',#8402);
#2376=VERTEX_POINT('',#8404);
#2377=VERTEX_POINT('',#8407);
#2378=VERTEX_POINT('',#8410);
#2379=VERTEX_POINT('',#8411);
#2380=VERTEX_POINT('',#8413);
#2381=VERTEX_POINT('',#8415);
#2382=VERTEX_POINT('',#8419);
#2383=VERTEX_POINT('',#8420);
#2384=VERTEX_POINT('',#8422);
#2385=VERTEX_POINT('',#8424);
#2386=VERTEX_POINT('',#8428);
#2387=VERTEX_POINT('',#8430);
#2388=VERTEX_POINT('',#8434);
#2389=VERTEX_POINT('',#8436);
#2390=VERTEX_POINT('',#8438);
#2391=VERTEX_POINT('',#8440);
#2392=VERTEX_POINT('',#8444);
#2393=VERTEX_POINT('',#8461);
#2394=VERTEX_POINT('',#8486);
#2395=VERTEX_POINT('',#8490);
#2396=VERTEX_POINT('',#8498);
#2397=VERTEX_POINT('',#8502);
#2398=VERTEX_POINT('',#8511);
#2399=VERTEX_POINT('',#8513);
#2400=VERTEX_POINT('',#8519);
#2401=VERTEX_POINT('',#8523);
#2402=VERTEX_POINT('',#8525);
#2403=VERTEX_POINT('',#8531);
#2404=VERTEX_POINT('',#8543);
#2405=VERTEX_POINT('',#8544);
#2406=VERTEX_POINT('',#8546);
#2407=VERTEX_POINT('',#8548);
#2408=VERTEX_POINT('',#8562);
#2409=VERTEX_POINT('',#8563);
#2410=VERTEX_POINT('',#8565);
#2411=VERTEX_POINT('',#8567);
#2412=VERTEX_POINT('',#8571);
#2413=VERTEX_POINT('',#8573);
#2414=VERTEX_POINT('',#8577);
#2415=VERTEX_POINT('',#8579);
#2416=VERTEX_POINT('',#8586);
#2417=VERTEX_POINT('',#8587);
#2418=VERTEX_POINT('',#8589);
#2419=VERTEX_POINT('',#8591);
#2420=VERTEX_POINT('',#8595);
#2421=VERTEX_POINT('',#8597);
#2422=VERTEX_POINT('',#8601);
#2423=VERTEX_POINT('',#8603);
#2424=EDGE_CURVE('',#1982,#1983,#1866,.T.);
#2425=EDGE_CURVE('',#1983,#1984,#820,.T.);
#2426=EDGE_CURVE('',#1984,#1985,#1867,.T.);
#2427=EDGE_CURVE('',#1985,#1982,#821,.T.);
#2428=EDGE_CURVE('',#1986,#1984,#1868,.T.);
#2429=EDGE_CURVE('',#1984,#1987,#822,.T.);
#2430=EDGE_CURVE('',#1987,#1988,#1869,.T.);
#2431=EDGE_CURVE('',#1988,#1986,#823,.T.);
#2432=EDGE_CURVE('',#1986,#1985,#1870,.T.);
#2433=EDGE_CURVE('',#1989,#1987,#1871,.T.);
#2434=EDGE_CURVE('',#1987,#1990,#824,.T.);
#2435=EDGE_CURVE('',#1990,#1991,#1872,.T.);
#2436=EDGE_CURVE('',#1991,#1989,#825,.T.);
#2437=EDGE_CURVE('',#1989,#1988,#1873,.T.);
#2438=EDGE_CURVE('',#1992,#1990,#1874,.T.);
#2439=EDGE_CURVE('',#1990,#1983,#826,.T.);
#2440=EDGE_CURVE('',#1983,#1993,#1875,.T.);
#2441=EDGE_CURVE('',#1993,#1992,#827,.T.);
#2442=EDGE_CURVE('',#1992,#1991,#1876,.T.);
#2443=EDGE_CURVE('',#1982,#1993,#1877,.T.);
#2444=EDGE_CURVE('',#1994,#1989,#828,.T.);
#2445=EDGE_CURVE('',#1995,#1994,#1878,.T.);
#2446=EDGE_CURVE('',#1995,#1988,#829,.T.);
#2447=EDGE_CURVE('',#1996,#1991,#830,.T.);
#2448=EDGE_CURVE('',#1997,#1996,#831,.T.);
#2449=EDGE_CURVE('',#1997,#1998,#832,.T.);
#2450=EDGE_CURVE('',#1999,#1998,#833,.T.);
#2451=EDGE_CURVE('',#2000,#1999,#834,.T.);
#2452=EDGE_CURVE('',#2001,#2000,#835,.T.);
#2453=EDGE_CURVE('',#2001,#2002,#836,.T.);
#2454=EDGE_CURVE('',#2002,#2003,#837,.T.);
#2455=EDGE_CURVE('',#2004,#2003,#838,.T.);
#2456=EDGE_CURVE('',#1994,#2004,#839,.T.);
#2457=EDGE_CURVE('',#2005,#1992,#840,.T.);
#2458=EDGE_CURVE('',#1996,#2005,#1879,.T.);
#2459=EDGE_CURVE('',#2006,#1993,#841,.T.);
#2460=EDGE_CURVE('',#2005,#2006,#842,.T.);
#2461=EDGE_CURVE('',#2007,#2008,#1880,.T.);
#2462=EDGE_CURVE('',#2008,#2009,#843,.T.);
#2463=EDGE_CURVE('',#2009,#2010,#1881,.T.);
#2464=EDGE_CURVE('',#2010,#2007,#844,.T.);
#2465=EDGE_CURVE('',#2011,#2009,#1882,.T.);
#2466=EDGE_CURVE('',#2009,#2012,#845,.T.);
#2467=EDGE_CURVE('',#2012,#2013,#1883,.T.);
#2468=EDGE_CURVE('',#2013,#2011,#846,.T.);
#2469=EDGE_CURVE('',#2011,#2010,#1884,.T.);
#2470=EDGE_CURVE('',#1998,#2012,#1885,.T.);
#2471=EDGE_CURVE('',#2012,#2014,#847,.T.);
#2472=EDGE_CURVE('',#2014,#1999,#1886,.T.);
#2473=EDGE_CURVE('',#1998,#2013,#1887,.T.);
#2474=EDGE_CURVE('',#2015,#2014,#1888,.T.);
#2475=EDGE_CURVE('',#2014,#2008,#848,.T.);
#2476=EDGE_CURVE('',#2008,#2016,#1889,.T.);
#2477=EDGE_CURVE('',#2016,#2015,#849,.T.);
#2478=EDGE_CURVE('',#2015,#1999,#1890,.T.);
#2479=EDGE_CURVE('',#2007,#2016,#1891,.T.);
#2480=EDGE_CURVE('',#2017,#1997,#1892,.T.);
#2481=EDGE_CURVE('',#2017,#2013,#850,.T.);
#2482=EDGE_CURVE('',#2018,#2015,#851,.T.);
#2483=EDGE_CURVE('',#2000,#2018,#1893,.T.);
#2484=EDGE_CURVE('',#2019,#2016,#852,.T.);
#2485=EDGE_CURVE('',#2020,#2019,#853,.T.);
#2486=EDGE_CURVE('',#2020,#2021,#854,.T.);
#2487=EDGE_CURVE('',#2021,#2022,#855,.T.);
#2488=EDGE_CURVE('',#2022,#2023,#856,.T.);
#2489=EDGE_CURVE('',#2023,#2002,#857,.T.);
#2490=EDGE_CURVE('',#2018,#2001,#858,.T.);
#2491=EDGE_CURVE('',#2024,#2025,#1894,.T.);
#2492=EDGE_CURVE('',#2025,#2026,#859,.T.);
#2493=EDGE_CURVE('',#2026,#2027,#1895,.T.);
#2494=EDGE_CURVE('',#2027,#2024,#860,.T.);
#2495=EDGE_CURVE('',#2028,#2026,#1896,.T.);
#2496=EDGE_CURVE('',#2026,#2029,#861,.T.);
#2497=EDGE_CURVE('',#2029,#2030,#1897,.T.);
#2498=EDGE_CURVE('',#2030,#2028,#862,.T.);
#2499=EDGE_CURVE('',#2028,#2027,#1898,.T.);
#2500=EDGE_CURVE('',#2031,#2029,#1899,.T.);
#2501=EDGE_CURVE('',#2029,#2032,#863,.T.);
#2502=EDGE_CURVE('',#2032,#2033,#1900,.T.);
#2503=EDGE_CURVE('',#2033,#2031,#864,.T.);
#2504=EDGE_CURVE('',#2031,#2030,#1901,.T.);
#2505=EDGE_CURVE('',#2034,#2032,#1902,.T.);
#2506=EDGE_CURVE('',#2032,#2025,#865,.T.);
#2507=EDGE_CURVE('',#2025,#2035,#1903,.T.);
#2508=EDGE_CURVE('',#2035,#2034,#866,.T.);
#2509=EDGE_CURVE('',#2034,#2033,#1904,.T.);
#2510=EDGE_CURVE('',#2024,#2035,#1905,.T.);
#2511=EDGE_CURVE('',#2036,#2031,#867,.T.);
#2512=EDGE_CURVE('',#2037,#2036,#1906,.T.);
#2513=EDGE_CURVE('',#2037,#2030,#868,.T.);
#2514=EDGE_CURVE('',#2038,#2033,#869,.T.);
#2515=EDGE_CURVE('',#2036,#2038,#870,.T.);
#2516=EDGE_CURVE('',#2039,#2034,#871,.T.);
#2517=EDGE_CURVE('',#2038,#2039,#1907,.T.);
#2518=EDGE_CURVE('',#2040,#2035,#872,.T.);
#2519=EDGE_CURVE('',#2041,#2040,#873,.T.);
#2520=EDGE_CURVE('',#2041,#2042,#874,.T.);
#2521=EDGE_CURVE('',#2042,#2043,#875,.T.);
#2522=EDGE_CURVE('',#2043,#2044,#876,.T.);
#2523=EDGE_CURVE('',#2044,#2045,#877,.T.);
#2524=EDGE_CURVE('',#2045,#2046,#878,.T.);
#2525=EDGE_CURVE('',#2039,#2046,#879,.T.);
#2526=EDGE_CURVE('',#2047,#2048,#1908,.T.);
#2527=EDGE_CURVE('',#2048,#2049,#880,.T.);
#2528=EDGE_CURVE('',#2049,#2050,#1909,.T.);
#2529=EDGE_CURVE('',#2050,#2047,#881,.T.);
#2530=EDGE_CURVE('',#2051,#2049,#1910,.T.);
#2531=EDGE_CURVE('',#2049,#2052,#882,.T.);
#2532=EDGE_CURVE('',#2052,#2053,#1911,.T.);
#2533=EDGE_CURVE('',#2053,#2051,#883,.T.);
#2534=EDGE_CURVE('',#2051,#2050,#1912,.T.);
#2535=EDGE_CURVE('',#2054,#2052,#1913,.T.);
#2536=EDGE_CURVE('',#2052,#2055,#884,.T.);
#2537=EDGE_CURVE('',#2055,#2056,#1914,.T.);
#2538=EDGE_CURVE('',#2056,#2054,#885,.T.);
#2539=EDGE_CURVE('',#2054,#2053,#1915,.T.);
#2540=EDGE_CURVE('',#2057,#2055,#1916,.T.);
#2541=EDGE_CURVE('',#2055,#2048,#886,.T.);
#2542=EDGE_CURVE('',#2048,#2058,#1917,.T.);
#2543=EDGE_CURVE('',#2058,#2057,#887,.T.);
#2544=EDGE_CURVE('',#2057,#2056,#1918,.T.);
#2545=EDGE_CURVE('',#2047,#2058,#1919,.T.);
#2546=EDGE_CURVE('',#2059,#2054,#888,.T.);
#2547=EDGE_CURVE('',#2060,#2059,#1920,.T.);
#2548=EDGE_CURVE('',#2060,#2053,#889,.T.);
#2549=EDGE_CURVE('',#2061,#2056,#890,.T.);
#2550=EDGE_CURVE('',#2059,#2061,#891,.T.);
#2551=EDGE_CURVE('',#2062,#2057,#892,.T.);
#2552=EDGE_CURVE('',#2061,#2062,#1921,.T.);
#2553=EDGE_CURVE('',#2063,#2058,#893,.T.);
#2554=EDGE_CURVE('',#2062,#2063,#894,.T.);
#2555=EDGE_CURVE('',#2064,#2065,#895,.T.);
#2556=EDGE_CURVE('',#2066,#2064,#896,.T.);
#2557=EDGE_CURVE('',#2067,#2066,#897,.T.);
#2558=EDGE_CURVE('',#2067,#2065,#898,.T.);
#2559=EDGE_CURVE('',#2068,#2069,#899,.T.);
#2560=EDGE_CURVE('',#2068,#2070,#900,.T.);
#2561=EDGE_CURVE('',#2071,#2070,#901,.T.);
#2562=EDGE_CURVE('',#2069,#2071,#902,.T.);
#2563=EDGE_CURVE('',#2065,#2072,#903,.T.);
#2564=EDGE_CURVE('',#2073,#2067,#904,.T.);
#2565=EDGE_CURVE('',#2073,#2072,#905,.T.);
#2566=EDGE_CURVE('',#2072,#2074,#906,.T.);
#2567=EDGE_CURVE('',#2075,#2073,#907,.T.);
#2568=EDGE_CURVE('',#2074,#2075,#908,.T.);
#2569=EDGE_CURVE('',#2076,#2077,#909,.T.);
#2570=EDGE_CURVE('',#2078,#2076,#910,.T.);
#2571=EDGE_CURVE('',#2079,#2078,#911,.T.);
#2572=EDGE_CURVE('',#2077,#2079,#912,.T.);
#2573=EDGE_CURVE('',#2077,#2068,#913,.T.);
#2574=EDGE_CURVE('',#2070,#2079,#914,.T.);
#2575=EDGE_CURVE('',#2080,#2078,#915,.T.);
#2576=EDGE_CURVE('',#2081,#2080,#916,.T.);
#2577=EDGE_CURVE('',#2082,#2081,#917,.T.);
#2578=EDGE_CURVE('',#2082,#2083,#918,.T.);
#2579=EDGE_CURVE('',#2083,#2084,#919,.T.);
#2580=EDGE_CURVE('',#2084,#2085,#920,.T.);
#2581=EDGE_CURVE('',#2085,#2086,#921,.T.);
#2582=EDGE_CURVE('',#2086,#2087,#922,.T.);
#2583=EDGE_CURVE('',#2088,#2087,#923,.T.);
#2584=EDGE_CURVE('',#2089,#2088,#924,.T.);
#2585=EDGE_CURVE('',#2071,#2089,#925,.T.);
#2586=EDGE_CURVE('',#2090,#2074,#926,.T.);
#2587=EDGE_CURVE('',#2090,#2091,#927,.T.);
#2588=EDGE_CURVE('',#2092,#2091,#928,.T.);
#2589=EDGE_CURVE('',#2093,#2092,#929,.T.);
#2590=EDGE_CURVE('',#2064,#2093,#930,.T.);
#2591=EDGE_CURVE('',#2076,#2094,#931,.T.);
#2592=EDGE_CURVE('',#2094,#2090,#932,.T.);
#2593=EDGE_CURVE('',#2075,#2095,#933,.T.);
#2594=EDGE_CURVE('',#2095,#2043,#934,.T.);
#2595=EDGE_CURVE('',#2096,#2042,#935,.T.);
#2596=EDGE_CURVE('',#2097,#2096,#936,.T.);
#2597=EDGE_CURVE('',#2097,#2080,#937,.T.);
#2598=EDGE_CURVE('',#2089,#2098,#938,.T.);
#2599=EDGE_CURVE('',#2003,#2098,#939,.T.);
#2600=EDGE_CURVE('',#2023,#2099,#940,.T.);
#2601=EDGE_CURVE('',#2099,#2066,#941,.T.);
#2602=EDGE_CURVE('',#2093,#2100,#942,.T.);
#2603=EDGE_CURVE('',#2100,#2069,#943,.T.);
#2604=EDGE_CURVE('',#2101,#2028,#944,.T.);
#2605=EDGE_CURVE('',#2102,#2101,#1922,.T.);
#2606=EDGE_CURVE('',#2102,#2027,#945,.T.);
#2607=EDGE_CURVE('',#2101,#2037,#946,.T.);
#2608=EDGE_CURVE('',#2103,#2024,#947,.T.);
#2609=EDGE_CURVE('',#2040,#2103,#1923,.T.);
#2610=EDGE_CURVE('',#2104,#2051,#948,.T.);
#2611=EDGE_CURVE('',#2105,#2104,#1924,.T.);
#2612=EDGE_CURVE('',#2105,#2050,#949,.T.);
#2613=EDGE_CURVE('',#2106,#2047,#950,.T.);
#2614=EDGE_CURVE('',#2063,#2106,#1925,.T.);
#2615=EDGE_CURVE('',#2107,#1982,#951,.T.);
#2616=EDGE_CURVE('',#2006,#2107,#1926,.T.);
#2617=EDGE_CURVE('',#2108,#1985,#952,.T.);
#2618=EDGE_CURVE('',#2107,#2108,#953,.T.);
#2619=EDGE_CURVE('',#2109,#1986,#954,.T.);
#2620=EDGE_CURVE('',#2108,#2109,#1927,.T.);
#2621=EDGE_CURVE('',#2110,#2011,#955,.T.);
#2622=EDGE_CURVE('',#2111,#2110,#1928,.T.);
#2623=EDGE_CURVE('',#2111,#2010,#956,.T.);
#2624=EDGE_CURVE('',#2110,#2017,#957,.T.);
#2625=EDGE_CURVE('',#2112,#2007,#958,.T.);
#2626=EDGE_CURVE('',#2019,#2112,#1929,.T.);
#2627=EDGE_CURVE('',#2112,#2111,#959,.T.);
#2628=EDGE_CURVE('',#2004,#1995,#960,.T.);
#2629=EDGE_CURVE('',#2104,#2113,#961,.T.);
#2630=EDGE_CURVE('',#2113,#2105,#962,.T.);
#2631=EDGE_CURVE('',#2103,#2041,#963,.T.);
#2632=EDGE_CURVE('',#2114,#2115,#964,.T.);
#2633=EDGE_CURVE('',#2115,#2116,#965,.T.);
#2634=EDGE_CURVE('',#2116,#2117,#966,.T.);
#2635=EDGE_CURVE('',#2117,#2114,#967,.T.);
#2636=EDGE_CURVE('',#2118,#2116,#968,.T.);
#2637=EDGE_CURVE('',#2118,#2119,#969,.T.);
#2638=EDGE_CURVE('',#2119,#2117,#970,.T.);
#2639=EDGE_CURVE('',#2084,#2120,#971,.T.);
#2640=EDGE_CURVE('',#2120,#2121,#972,.T.);
#2641=EDGE_CURVE('',#2121,#2085,#973,.T.);
#2642=EDGE_CURVE('',#2120,#2122,#974,.T.);
#2643=EDGE_CURVE('',#2122,#2123,#975,.T.);
#2644=EDGE_CURVE('',#2123,#2121,#976,.T.);
#2645=EDGE_CURVE('',#2122,#2083,#977,.T.);
#2646=EDGE_CURVE('',#2124,#2082,#978,.T.);
#2647=EDGE_CURVE('',#2125,#2124,#979,.T.);
#2648=EDGE_CURVE('',#2126,#2125,#980,.T.);
#2649=EDGE_CURVE('',#2126,#2127,#981,.T.);
#2650=EDGE_CURVE('',#2083,#2127,#982,.T.);
#2651=EDGE_CURVE('',#2086,#2128,#983,.T.);
#2652=EDGE_CURVE('',#2128,#2129,#984,.T.);
#2653=EDGE_CURVE('',#2130,#2129,#985,.T.);
#2654=EDGE_CURVE('',#2131,#2130,#986,.T.);
#2655=EDGE_CURVE('',#2087,#2131,#987,.T.);
#2656=EDGE_CURVE('',#2129,#2126,#988,.T.);
#2657=EDGE_CURVE('',#2127,#2128,#989,.T.);
#2658=EDGE_CURVE('',#2132,#2131,#990,.T.);
#2659=EDGE_CURVE('',#2132,#2088,#991,.T.);
#2660=EDGE_CURVE('',#2123,#2086,#992,.T.);
#2661=EDGE_CURVE('',#2133,#2081,#993,.T.);
#2662=EDGE_CURVE('',#2124,#2133,#994,.T.);
#2663=EDGE_CURVE('',#2133,#2097,#995,.T.);
#2664=EDGE_CURVE('',#2098,#2132,#996,.T.);
#2665=EDGE_CURVE('',#2046,#2134,#997,.T.);
#2666=EDGE_CURVE('',#2134,#2135,#998,.T.);
#2667=EDGE_CURVE('',#2135,#2020,#999,.T.);
#2668=EDGE_CURVE('',#2109,#2130,#1000,.T.);
#2669=EDGE_CURVE('',#2125,#2060,#1001,.T.);
#2670=EDGE_CURVE('',#2106,#2102,#1002,.T.);
#2671=EDGE_CURVE('',#2113,#2096,#1003,.T.);
#2672=EDGE_CURVE('',#2119,#2136,#1004,.T.);
#2673=EDGE_CURVE('',#2119,#2137,#1005,.T.);
#2674=EDGE_CURVE('',#2134,#2137,#1006,.T.);
#2675=EDGE_CURVE('',#2136,#2045,#1007,.T.);
#2676=EDGE_CURVE('',#2138,#2139,#1008,.T.);
#2677=EDGE_CURVE('',#2021,#2138,#1009,.T.);
#2678=EDGE_CURVE('',#2140,#2135,#1010,.T.);
#2679=EDGE_CURVE('',#2139,#2140,#1011,.T.);
#2680=EDGE_CURVE('',#2137,#2140,#1012,.T.);
#2681=EDGE_CURVE('',#2141,#2138,#1013,.T.);
#2682=EDGE_CURVE('',#2022,#2141,#1014,.T.);
#2683=EDGE_CURVE('',#2044,#2142,#1015,.T.);
#2684=EDGE_CURVE('',#2136,#2142,#1016,.T.);
#2685=EDGE_CURVE('',#2114,#2139,#1017,.T.);
#2686=EDGE_CURVE('',#2143,#2139,#1018,.T.);
#2687=EDGE_CURVE('',#2115,#2143,#1019,.T.);
#2688=EDGE_CURVE('',#2143,#2118,#1020,.T.);
#2689=EDGE_CURVE('',#2142,#2095,#1021,.T.);
#2690=EDGE_CURVE('',#2099,#2141,#1022,.T.);
#2691=EDGE_CURVE('',#2091,#2144,#1023,.T.);
#2692=EDGE_CURVE('',#2094,#2144,#1024,.T.);
#2693=EDGE_CURVE('',#2100,#2145,#1025,.T.);
#2694=EDGE_CURVE('',#2144,#2145,#1026,.T.);
#2695=EDGE_CURVE('',#2145,#2092,#1027,.T.);
#2696=EDGE_CURVE('',#2146,#2147,#1028,.T.);
#2697=EDGE_CURVE('',#2148,#2147,#1029,.T.);
#2698=EDGE_CURVE('',#2149,#2148,#1030,.T.);
#2699=EDGE_CURVE('',#2146,#2149,#1031,.T.);
#2700=EDGE_CURVE('',#2147,#2150,#1930,.T.);
#2701=EDGE_CURVE('',#2151,#2150,#1032,.T.);
#2702=EDGE_CURVE('',#2148,#2151,#1931,.T.);
#2703=EDGE_CURVE('',#2150,#2152,#1033,.T.);
#2704=EDGE_CURVE('',#2153,#2152,#1034,.T.);
#2705=EDGE_CURVE('',#2151,#2153,#1035,.T.);
#2706=EDGE_CURVE('',#2152,#2154,#1932,.T.);
#2707=EDGE_CURVE('',#2155,#2154,#1036,.T.);
#2708=EDGE_CURVE('',#2153,#2155,#1933,.T.);
#2709=EDGE_CURVE('',#2154,#2156,#1037,.T.);
#2710=EDGE_CURVE('',#2157,#2156,#1038,.T.);
#2711=EDGE_CURVE('',#2155,#2157,#1039,.T.);
#2712=EDGE_CURVE('',#2158,#2159,#1040,.T.);
#2713=EDGE_CURVE('',#2160,#2159,#1041,.T.);
#2714=EDGE_CURVE('',#2161,#2160,#1042,.T.);
#2715=EDGE_CURVE('',#2158,#2161,#1043,.T.);
#2716=EDGE_CURVE('',#2159,#2162,#1934,.T.);
#2717=EDGE_CURVE('',#2163,#2162,#1044,.T.);
#2718=EDGE_CURVE('',#2160,#2163,#1935,.T.);
#2719=EDGE_CURVE('',#2162,#2164,#1045,.T.);
#2720=EDGE_CURVE('',#2165,#2164,#1046,.T.);
#2721=EDGE_CURVE('',#2163,#2165,#1047,.T.);
#2722=EDGE_CURVE('',#2164,#2166,#1936,.T.);
#2723=EDGE_CURVE('',#2167,#2166,#1048,.T.);
#2724=EDGE_CURVE('',#2165,#2167,#1937,.T.);
#2725=EDGE_CURVE('',#2166,#2168,#1049,.T.);
#2726=EDGE_CURVE('',#2169,#2168,#1050,.T.);
#2727=EDGE_CURVE('',#2167,#2169,#1051,.T.);
#2728=EDGE_CURVE('',#2170,#2156,#1052,.T.);
#2729=EDGE_CURVE('',#2171,#2170,#1053,.T.);
#2730=EDGE_CURVE('',#2157,#2171,#1054,.T.);
#2731=EDGE_CURVE('',#2172,#2149,#1055,.T.);
#2732=EDGE_CURVE('',#2173,#2172,#1056,.T.);
#2733=EDGE_CURVE('',#2146,#2173,#1057,.T.);
#2734=EDGE_CURVE('',#2174,#2168,#1058,.T.);
#2735=EDGE_CURVE('',#2175,#2174,#1059,.T.);
#2736=EDGE_CURVE('',#2169,#2175,#1060,.T.);
#2737=EDGE_CURVE('',#2176,#2161,#1061,.T.);
#2738=EDGE_CURVE('',#2177,#2176,#1062,.T.);
#2739=EDGE_CURVE('',#2158,#2177,#1063,.T.);
#2740=EDGE_CURVE('',#2178,#2179,#1064,.T.);
#2741=EDGE_CURVE('',#2180,#2179,#1065,.T.);
#2742=EDGE_CURVE('',#2181,#2180,#1066,.T.);
#2743=EDGE_CURVE('',#2178,#2181,#1067,.T.);
#2744=EDGE_CURVE('',#2179,#2182,#1938,.T.);
#2745=EDGE_CURVE('',#2183,#2182,#1068,.T.);
#2746=EDGE_CURVE('',#2180,#2183,#1939,.T.);
#2747=EDGE_CURVE('',#2182,#2184,#1069,.T.);
#2748=EDGE_CURVE('',#2185,#2184,#1070,.T.);
#2749=EDGE_CURVE('',#2183,#2185,#1071,.T.);
#2750=EDGE_CURVE('',#2184,#2186,#1940,.T.);
#2751=EDGE_CURVE('',#2187,#2186,#1072,.T.);
#2752=EDGE_CURVE('',#2185,#2187,#1941,.T.);
#2753=EDGE_CURVE('',#2186,#2188,#1073,.T.);
#2754=EDGE_CURVE('',#2189,#2188,#1074,.T.);
#2755=EDGE_CURVE('',#2187,#2189,#1075,.T.);
#2756=EDGE_CURVE('',#2190,#2188,#1076,.T.);
#2757=EDGE_CURVE('',#2191,#2190,#1077,.T.);
#2758=EDGE_CURVE('',#2189,#2191,#1078,.T.);
#2759=EDGE_CURVE('',#2192,#2181,#1079,.T.);
#2760=EDGE_CURVE('',#2193,#2192,#1080,.T.);
#2761=EDGE_CURVE('',#2178,#2193,#1081,.T.);
#2762=EDGE_CURVE('',#2194,#2195,#31,.T.);
#2763=EDGE_CURVE('',#2195,#2196,#23,.T.);
#2764=EDGE_CURVE('',#2196,#2197,#32,.T.);
#2765=EDGE_CURVE('',#2197,#2198,#24,.T.);
#2766=EDGE_CURVE('',#2199,#2198,#33,.T.);
#2767=EDGE_CURVE('',#2199,#2194,#34,.F.);
#2768=EDGE_CURVE('',#2197,#2200,#1082,.T.);
#2769=EDGE_CURVE('',#2201,#2200,#25,.T.);
#2770=EDGE_CURVE('',#2198,#2201,#1083,.T.);
#2771=EDGE_CURVE('',#2196,#2202,#1084,.T.);
#2772=EDGE_CURVE('',#2203,#2202,#35,.T.);
#2773=EDGE_CURVE('',#2204,#2203,#1085,.T.);
#2774=EDGE_CURVE('',#2205,#2204,#36,.T.);
#2775=EDGE_CURVE('',#2206,#2205,#1086,.T.);
#2776=EDGE_CURVE('',#2200,#2206,#37,.T.);
#2777=EDGE_CURVE('',#2207,#2195,#38,.T.);
#2778=EDGE_CURVE('',#2208,#2207,#39,.T.);
#2779=EDGE_CURVE('',#2202,#2208,#26,.T.);
#2780=EDGE_CURVE('',#2209,#2210,#40,.F.);
#2781=EDGE_CURVE('',#2210,#2203,#27,.T.);
#2782=EDGE_CURVE('',#2208,#2211,#41,.T.);
#2783=EDGE_CURVE('',#2209,#2211,#42,.T.);
#2784=EDGE_CURVE('',#2207,#2212,#43,.T.);
#2785=EDGE_CURVE('',#2213,#2212,#44,.T.);
#2786=EDGE_CURVE('',#2213,#2214,#45,.F.);
#2787=EDGE_CURVE('',#2214,#2215,#46,.T.);
#2788=EDGE_CURVE('',#2216,#2215,#47,.T.);
#2789=EDGE_CURVE('',#2211,#2216,#48,.T.);
#2790=EDGE_CURVE('',#2217,#2214,#1087,.T.);
#2791=EDGE_CURVE('',#2218,#2217,#49,.T.);
#2792=EDGE_CURVE('',#2215,#2218,#1088,.T.);
#2793=EDGE_CURVE('',#2219,#2220,#50,.T.);
#2794=EDGE_CURVE('',#2220,#2205,#28,.T.);
#2795=EDGE_CURVE('',#2204,#2221,#29,.T.);
#2796=EDGE_CURVE('',#2222,#2221,#51,.T.);
#2797=EDGE_CURVE('',#2222,#2219,#52,.F.);
#2798=EDGE_CURVE('',#2223,#2220,#53,.T.);
#2799=EDGE_CURVE('',#2224,#2223,#54,.T.);
#2800=EDGE_CURVE('',#2206,#2224,#30,.T.);
#2801=EDGE_CURVE('',#2219,#2225,#55,.F.);
#2802=EDGE_CURVE('',#2225,#2218,#56,.F.);
#2803=EDGE_CURVE('',#2226,#2217,#57,.T.);
#2804=EDGE_CURVE('',#2227,#2226,#58,.T.);
#2805=EDGE_CURVE('',#2223,#2227,#59,.T.);
#2806=EDGE_CURVE('',#2228,#2201,#60,.F.);
#2807=EDGE_CURVE('',#2224,#2229,#61,.T.);
#2808=EDGE_CURVE('',#2228,#2229,#62,.T.);
#2809=EDGE_CURVE('',#2230,#2227,#63,.T.);
#2810=EDGE_CURVE('',#2230,#2231,#64,.F.);
#2811=EDGE_CURVE('',#2231,#2232,#65,.T.);
#2812=EDGE_CURVE('',#2233,#2232,#66,.T.);
#2813=EDGE_CURVE('',#2229,#2233,#67,.T.);
#2814=EDGE_CURVE('',#2234,#2231,#1089,.T.);
#2815=EDGE_CURVE('',#2235,#2234,#68,.T.);
#2816=EDGE_CURVE('',#2232,#2235,#1090,.T.);
#2817=EDGE_CURVE('',#2194,#2236,#69,.F.);
#2818=EDGE_CURVE('',#2236,#2235,#70,.F.);
#2819=EDGE_CURVE('',#2237,#2234,#71,.T.);
#2820=EDGE_CURVE('',#2212,#2237,#72,.T.);
#2821=EDGE_CURVE('',#2222,#2173,#1091,.T.);
#2822=EDGE_CURVE('',#2225,#2172,#1092,.T.);
#2823=EDGE_CURVE('',#2228,#2192,#1093,.T.);
#2824=EDGE_CURVE('',#2233,#2193,#1094,.T.);
#2825=EDGE_CURVE('',#2199,#2191,#1095,.T.);
#2826=EDGE_CURVE('',#2236,#2190,#1096,.T.);
#2827=EDGE_CURVE('',#2216,#2171,#1097,.T.);
#2828=EDGE_CURVE('',#2209,#2170,#1098,.T.);
#2829=EDGE_CURVE('',#2213,#2174,#1099,.T.);
#2830=EDGE_CURVE('',#2237,#2175,#1100,.T.);
#2831=EDGE_CURVE('',#2221,#2210,#1101,.T.);
#2832=EDGE_CURVE('',#2230,#2176,#1102,.T.);
#2833=EDGE_CURVE('',#2226,#2177,#1103,.T.);
#2834=EDGE_CURVE('',#2238,#2239,#1104,.T.);
#2835=EDGE_CURVE('',#2240,#2238,#1105,.T.);
#2836=EDGE_CURVE('',#2241,#2240,#1106,.T.);
#2837=EDGE_CURVE('',#2241,#2239,#1107,.T.);
#2838=EDGE_CURVE('',#2242,#2243,#1108,.T.);
#2839=EDGE_CURVE('',#2244,#2242,#1109,.T.);
#2840=EDGE_CURVE('',#2245,#2244,#1110,.T.);
#2841=EDGE_CURVE('',#2243,#2245,#1111,.T.);
#2842=EDGE_CURVE('',#2246,#2247,#1112,.T.);
#2843=EDGE_CURVE('',#2248,#2246,#1113,.T.);
#2844=EDGE_CURVE('',#2249,#2248,#1114,.T.);
#2845=EDGE_CURVE('',#2247,#2249,#1115,.T.);
#2846=EDGE_CURVE('',#2250,#2251,#1116,.T.);
#2847=EDGE_CURVE('',#2252,#2250,#1117,.T.);
#2848=EDGE_CURVE('',#2253,#2252,#1118,.T.);
#2849=EDGE_CURVE('',#2251,#2253,#1119,.T.);
#2850=EDGE_CURVE('',#2251,#2254,#1120,.T.);
#2851=EDGE_CURVE('',#2255,#2253,#1121,.T.);
#2852=EDGE_CURVE('',#2254,#2255,#1122,.T.);
#2853=EDGE_CURVE('',#2239,#2242,#1123,.T.);
#2854=EDGE_CURVE('',#2244,#2241,#1124,.T.);
#2855=EDGE_CURVE('',#2243,#2246,#1125,.T.);
#2856=EDGE_CURVE('',#2248,#2245,#1126,.T.);
#2857=EDGE_CURVE('',#2247,#2250,#1127,.T.);
#2858=EDGE_CURVE('',#2252,#2249,#1128,.T.);
#2859=EDGE_CURVE('',#2256,#2238,#1129,.T.);
#2860=EDGE_CURVE('',#2257,#2256,#1130,.T.);
#2861=EDGE_CURVE('',#2257,#2240,#1131,.T.);
#2862=EDGE_CURVE('',#2258,#2254,#1132,.T.);
#2863=EDGE_CURVE('',#2256,#2258,#1133,.T.);
#2864=EDGE_CURVE('',#2259,#2260,#1134,.T.);
#2865=EDGE_CURVE('',#2261,#2260,#1135,.T.);
#2866=EDGE_CURVE('',#2262,#2261,#1136,.T.);
#2867=EDGE_CURVE('',#2262,#2259,#1137,.T.);
#2868=EDGE_CURVE('',#2260,#2263,#1138,.T.);
#2869=EDGE_CURVE('',#2264,#2263,#1139,.T.);
#2870=EDGE_CURVE('',#2261,#2264,#1140,.T.);
#2871=EDGE_CURVE('',#2263,#2265,#1141,.T.);
#2872=EDGE_CURVE('',#2266,#2265,#1142,.T.);
#2873=EDGE_CURVE('',#2264,#2266,#1143,.T.);
#2874=EDGE_CURVE('',#2265,#2259,#1144,.T.);
#2875=EDGE_CURVE('',#2266,#2262,#1145,.T.);
#2876=EDGE_CURVE('',#2267,#2268,#1146,.T.);
#2877=EDGE_CURVE('',#2268,#2269,#1147,.T.);
#2878=EDGE_CURVE('',#2269,#2270,#1148,.T.);
#2879=EDGE_CURVE('',#2270,#2267,#1149,.T.);
#2880=EDGE_CURVE('',#2258,#2271,#1150,.T.);
#2881=EDGE_CURVE('',#2271,#2257,#1151,.T.);
#2882=EDGE_CURVE('',#2272,#2273,#1152,.T.);
#2883=EDGE_CURVE('',#2269,#2273,#1153,.T.);
#2884=EDGE_CURVE('',#2268,#2272,#1154,.T.);
#2885=EDGE_CURVE('',#2273,#2274,#1155,.T.);
#2886=EDGE_CURVE('',#2270,#2274,#1156,.T.);
#2887=EDGE_CURVE('',#2274,#2275,#1157,.T.);
#2888=EDGE_CURVE('',#2267,#2275,#1158,.T.);
#2889=EDGE_CURVE('',#2275,#2272,#1159,.T.);
#2890=EDGE_CURVE('',#2271,#2255,#1160,.T.);
#2891=EDGE_CURVE('',#2276,#2277,#1942,.T.);
#2892=EDGE_CURVE('',#2277,#2278,#1161,.T.);
#2893=EDGE_CURVE('',#2278,#2279,#1943,.T.);
#2894=EDGE_CURVE('',#2279,#2276,#1162,.T.);
#2895=EDGE_CURVE('',#2280,#2278,#1163,.T.);
#2896=EDGE_CURVE('',#2281,#2280,#1944,.T.);
#2897=EDGE_CURVE('',#2281,#2282,#1164,.T.);
#2898=EDGE_CURVE('',#2283,#2282,#1945,.T.);
#2899=EDGE_CURVE('',#2284,#2283,#1165,.T.);
#2900=EDGE_CURVE('',#2285,#2284,#1946,.T.);
#2901=EDGE_CURVE('',#2286,#2285,#1166,.T.);
#2902=EDGE_CURVE('',#2286,#2287,#1167,.T.);
#2903=EDGE_CURVE('',#2288,#2287,#1947,.T.);
#2904=EDGE_CURVE('',#2289,#2288,#1168,.T.);
#2905=EDGE_CURVE('',#2290,#2289,#1169,.T.);
#2906=EDGE_CURVE('',#2290,#2291,#1170,.T.);
#2907=EDGE_CURVE('',#2292,#2291,#1948,.T.);
#2908=EDGE_CURVE('',#2292,#2293,#1171,.T.);
#2909=EDGE_CURVE('',#2293,#2279,#1172,.T.);
#2910=EDGE_CURVE('',#2294,#2295,#1173,.T.);
#2911=EDGE_CURVE('',#2295,#2296,#1174,.T.);
#2912=EDGE_CURVE('',#2296,#2297,#1175,.T.);
#2913=EDGE_CURVE('',#2297,#2294,#1176,.T.);
#2914=EDGE_CURVE('',#2277,#2298,#1177,.T.);
#2915=EDGE_CURVE('',#2280,#2298,#1178,.T.);
#2916=EDGE_CURVE('',#2298,#2299,#1949,.T.);
#2917=EDGE_CURVE('',#2299,#2281,#1179,.T.);
#2918=EDGE_CURVE('',#2300,#2301,#1950,.T.);
#2919=EDGE_CURVE('',#2301,#2302,#1180,.T.);
#2920=EDGE_CURVE('',#2302,#2303,#1951,.T.);
#2921=EDGE_CURVE('',#2303,#2300,#1181,.T.);
#2922=EDGE_CURVE('',#2304,#2303,#1182,.T.);
#2923=EDGE_CURVE('',#2305,#2304,#1183,.T.);
#2924=EDGE_CURVE('',#2300,#2305,#1184,.T.);
#2925=EDGE_CURVE('',#2306,#2302,#1185,.T.);
#2926=EDGE_CURVE('',#2307,#2306,#1952,.T.);
#2927=EDGE_CURVE('',#2308,#2307,#1186,.T.);
#2928=EDGE_CURVE('',#2308,#2309,#1187,.T.);
#2929=EDGE_CURVE('',#2310,#2309,#1953,.T.);
#2930=EDGE_CURVE('',#2311,#2310,#1188,.T.);
#2931=EDGE_CURVE('',#2312,#2311,#1189,.T.);
#2932=EDGE_CURVE('',#2312,#2313,#1190,.T.);
#2933=EDGE_CURVE('',#2314,#2313,#1954,.T.);
#2934=EDGE_CURVE('',#2314,#2315,#1191,.T.);
#2935=EDGE_CURVE('',#2315,#2316,#1192,.T.);
#2936=EDGE_CURVE('',#2317,#2316,#1955,.T.);
#2937=EDGE_CURVE('',#2318,#2317,#1193,.T.);
#2938=EDGE_CURVE('',#2304,#2318,#1956,.T.);
#2939=EDGE_CURVE('',#2319,#2320,#1194,.T.);
#2940=EDGE_CURVE('',#2320,#2321,#1195,.T.);
#2941=EDGE_CURVE('',#2321,#2322,#1196,.T.);
#2942=EDGE_CURVE('',#2322,#2319,#1197,.T.);
#2943=EDGE_CURVE('',#2306,#2323,#1198,.T.);
#2944=EDGE_CURVE('',#2323,#2324,#1957,.T.);
#2945=EDGE_CURVE('',#2324,#2307,#1199,.T.);
#2946=EDGE_CURVE('',#2325,#2324,#1200,.T.);
#2947=EDGE_CURVE('',#2308,#2325,#1201,.T.);
#2948=EDGE_CURVE('',#2326,#2305,#1958,.T.);
#2949=EDGE_CURVE('',#2327,#2326,#1202,.T.);
#2950=EDGE_CURVE('',#2328,#2327,#1959,.T.);
#2951=EDGE_CURVE('',#2329,#2328,#1203,.T.);
#2952=EDGE_CURVE('',#2330,#2329,#1204,.T.);
#2953=EDGE_CURVE('',#2331,#2330,#1960,.T.);
#2954=EDGE_CURVE('',#2332,#2331,#1205,.T.);
#2955=EDGE_CURVE('',#2333,#2332,#1206,.T.);
#2956=EDGE_CURVE('',#2334,#2333,#1207,.T.);
#2957=EDGE_CURVE('',#2335,#2334,#1961,.T.);
#2958=EDGE_CURVE('',#2325,#2335,#1208,.T.);
#2959=EDGE_CURVE('',#2301,#2323,#1209,.T.);
#2960=EDGE_CURVE('',#2336,#2337,#1210,.T.);
#2961=EDGE_CURVE('',#2337,#2338,#1211,.T.);
#2962=EDGE_CURVE('',#2338,#2339,#1212,.T.);
#2963=EDGE_CURVE('',#2339,#2336,#1213,.T.);
#2964=EDGE_CURVE('',#2340,#2341,#1962,.T.);
#2965=EDGE_CURVE('',#2341,#2283,#1214,.T.);
#2966=EDGE_CURVE('',#2282,#2340,#1215,.T.);
#2967=EDGE_CURVE('',#2341,#2342,#1216,.T.);
#2968=EDGE_CURVE('',#2284,#2342,#1217,.T.);
#2969=EDGE_CURVE('',#2342,#2343,#1963,.T.);
#2970=EDGE_CURVE('',#2343,#2285,#1218,.T.);
#2971=EDGE_CURVE('',#2318,#2326,#1219,.T.);
#2972=EDGE_CURVE('',#2327,#2317,#1220,.T.);
#2973=EDGE_CURVE('',#2316,#2328,#1221,.T.);
#2974=EDGE_CURVE('',#2329,#2315,#1222,.T.);
#2975=EDGE_CURVE('',#2291,#2344,#1223,.T.);
#2976=EDGE_CURVE('',#2344,#2345,#1964,.T.);
#2977=EDGE_CURVE('',#2345,#2292,#1224,.T.);
#2978=EDGE_CURVE('',#2346,#2290,#1965,.T.);
#2979=EDGE_CURVE('',#2346,#2347,#1225,.T.);
#2980=EDGE_CURVE('',#2347,#2348,#1226,.T.);
#2981=EDGE_CURVE('',#2348,#2344,#1227,.T.);
#2982=EDGE_CURVE('',#2334,#2310,#1228,.T.);
#2983=EDGE_CURVE('',#2309,#2335,#1229,.T.);
#2984=EDGE_CURVE('',#2313,#2331,#1230,.T.);
#2985=EDGE_CURVE('',#2330,#2314,#1231,.T.);
#2986=EDGE_CURVE('',#2349,#2312,#1966,.T.);
#2987=EDGE_CURVE('',#2349,#2350,#1232,.T.);
#2988=EDGE_CURVE('',#2350,#2332,#1233,.T.);
#2989=EDGE_CURVE('',#2351,#2352,#1967,.T.);
#2990=EDGE_CURVE('',#2352,#2288,#1234,.T.);
#2991=EDGE_CURVE('',#2287,#2351,#1235,.T.);
#2992=EDGE_CURVE('',#2352,#2353,#1236,.T.);
#2993=EDGE_CURVE('',#2353,#2354,#1237,.T.);
#2994=EDGE_CURVE('',#2354,#2355,#1238,.T.);
#2995=EDGE_CURVE('',#2289,#2355,#1968,.T.);
#2996=EDGE_CURVE('',#2356,#2296,#1239,.T.);
#2997=EDGE_CURVE('',#2357,#2356,#1240,.T.);
#2998=EDGE_CURVE('',#2357,#2297,#1241,.T.);
#2999=EDGE_CURVE('',#2322,#2338,#1242,.T.);
#3000=EDGE_CURVE('',#2321,#2339,#1243,.T.);
#3001=EDGE_CURVE('',#2358,#2357,#1244,.T.);
#3002=EDGE_CURVE('',#2358,#2294,#1245,.T.);
#3003=EDGE_CURVE('',#2320,#2336,#1246,.T.);
#3004=EDGE_CURVE('',#2359,#2295,#1247,.T.);
#3005=EDGE_CURVE('',#2356,#2359,#1248,.T.);
#3006=EDGE_CURVE('',#2359,#2358,#1249,.T.);
#3007=EDGE_CURVE('',#2319,#2337,#1250,.T.);
#3008=EDGE_CURVE('',#2360,#2361,#1969,.T.);
#3009=EDGE_CURVE('',#2361,#2362,#1251,.T.);
#3010=EDGE_CURVE('',#2362,#2363,#1970,.T.);
#3011=EDGE_CURVE('',#2363,#2360,#1252,.T.);
#3012=EDGE_CURVE('',#2363,#2364,#1253,.T.);
#3013=EDGE_CURVE('',#2364,#2365,#1254,.T.);
#3014=EDGE_CURVE('',#2365,#2360,#1255,.T.);
#3015=EDGE_CURVE('',#2366,#2362,#1256,.T.);
#3016=EDGE_CURVE('',#2367,#2366,#1257,.T.);
#3017=EDGE_CURVE('',#2368,#2367,#1258,.T.);
#3018=EDGE_CURVE('',#2368,#2369,#1259,.T.);
#3019=EDGE_CURVE('',#2369,#2364,#1260,.T.);
#3020=EDGE_CURVE('',#2370,#2371,#73,.T.);
#3021=EDGE_CURVE('',#2371,#2372,#1261,.T.);
#3022=EDGE_CURVE('',#2372,#2373,#74,.T.);
#3023=EDGE_CURVE('',#2373,#2370,#1262,.T.);
#3024=EDGE_CURVE('',#2374,#2370,#1971,.T.);
#3025=EDGE_CURVE('',#2333,#2374,#1263,.T.);
#3026=EDGE_CURVE('',#2366,#2333,#1972,.T.);
#3027=EDGE_CURVE('',#2371,#2366,#1264,.T.);
#3028=EDGE_CURVE('',#2373,#2347,#1973,.T.);
#3029=EDGE_CURVE('',#2355,#2346,#1265,.T.);
#3030=EDGE_CURVE('',#2354,#2375,#1974,.T.);
#3031=EDGE_CURVE('',#2376,#2375,#1266,.T.);
#3032=EDGE_CURVE('',#2376,#2350,#1975,.T.);
#3033=EDGE_CURVE('',#2377,#2349,#1267,.T.);
#3034=EDGE_CURVE('',#2374,#2377,#1268,.T.);
#3035=EDGE_CURVE('',#2378,#2379,#1269,.T.);
#3036=EDGE_CURVE('',#2379,#2380,#1270,.T.);
#3037=EDGE_CURVE('',#2380,#2381,#1271,.T.);
#3038=EDGE_CURVE('',#2381,#2378,#1272,.T.);
#3039=EDGE_CURVE('',#2382,#2383,#1976,.T.);
#3040=EDGE_CURVE('',#2383,#2384,#1273,.T.);
#3041=EDGE_CURVE('',#2384,#2385,#1977,.T.);
#3042=EDGE_CURVE('',#2385,#2382,#1274,.T.);
#3043=EDGE_CURVE('',#2385,#2386,#1275,.T.);
#3044=EDGE_CURVE('',#2387,#2386,#1276,.T.);
#3045=EDGE_CURVE('',#2387,#2382,#1277,.T.);
#3046=EDGE_CURVE('',#2388,#2384,#1278,.T.);
#3047=EDGE_CURVE('',#2389,#2388,#1279,.T.);
#3048=EDGE_CURVE('',#2390,#2389,#1280,.T.);
#3049=EDGE_CURVE('',#2390,#2391,#1281,.T.);
#3050=EDGE_CURVE('',#2386,#2391,#1282,.T.);
#3051=EDGE_CURVE('',#2375,#2392,#75,.T.);
#3052=EDGE_CURVE('',#2392,#2393,#1283,.T.);
#3053=EDGE_CURVE('',#2393,#2376,#76,.T.);
#3054=EDGE_CURVE('',#2388,#2353,#1978,.T.);
#3055=EDGE_CURVE('',#2392,#2388,#1284,.T.);
#3056=EDGE_CURVE('',#2311,#2377,#1979,.T.);
#3057=EDGE_CURVE('',#2394,#2393,#1285,.T.);
#3058=EDGE_CURVE('',#2332,#2394,#1980,.T.);
#3059=EDGE_CURVE('',#2395,#2372,#1286,.T.);
#3060=EDGE_CURVE('',#2348,#2395,#1981,.T.);
#3061=EDGE_CURVE('',#2340,#2299,#1287,.T.);
#3062=EDGE_CURVE('',#2396,#2293,#1288,.T.);
#3063=EDGE_CURVE('',#2396,#2276,#1289,.T.);
#3064=EDGE_CURVE('',#2397,#2343,#1290,.T.);
#3065=EDGE_CURVE('',#2286,#2397,#1291,.T.);
#3066=EDGE_CURVE('',#2345,#2396,#1292,.T.);
#3067=EDGE_CURVE('',#2397,#2351,#1293,.T.);
#3068=EDGE_CURVE('',#2391,#2398,#1294,.T.);
#3069=EDGE_CURVE('',#2399,#2390,#1295,.T.);
#3070=EDGE_CURVE('',#2399,#2398,#1296,.T.);
#3071=EDGE_CURVE('',#2398,#2387,#1297,.T.);
#3072=EDGE_CURVE('',#2400,#2389,#1298,.T.);
#3073=EDGE_CURVE('',#2399,#2400,#1299,.T.);
#3074=EDGE_CURVE('',#2401,#2369,#1300,.T.);
#3075=EDGE_CURVE('',#2402,#2368,#1301,.T.);
#3076=EDGE_CURVE('',#2402,#2401,#1302,.T.);
#3077=EDGE_CURVE('',#2365,#2401,#1303,.T.);
#3078=EDGE_CURVE('',#2403,#2367,#1304,.T.);
#3079=EDGE_CURVE('',#2402,#2403,#1305,.T.);
#3080=EDGE_CURVE('',#2394,#2400,#1306,.T.);
#3081=EDGE_CURVE('',#2383,#2394,#1307,.T.);
#3082=EDGE_CURVE('',#2353,#2348,#1308,.T.);
#3083=EDGE_CURVE('',#2395,#2403,#1309,.T.);
#3084=EDGE_CURVE('',#2361,#2395,#1310,.T.);
#3085=EDGE_CURVE('',#2404,#2405,#1311,.T.);
#3086=EDGE_CURVE('',#2406,#2404,#1312,.T.);
#3087=EDGE_CURVE('',#2407,#2406,#1313,.T.);
#3088=EDGE_CURVE('',#2405,#2407,#1314,.T.);
#3089=EDGE_CURVE('',#2381,#2407,#1315,.T.);
#3090=EDGE_CURVE('',#2380,#2405,#1316,.T.);
#3091=EDGE_CURVE('',#2378,#2406,#1317,.T.);
#3092=EDGE_CURVE('',#2379,#2404,#1318,.T.);
#3093=EDGE_CURVE('',#2408,#2409,#1319,.T.);
#3094=EDGE_CURVE('',#2410,#2408,#1320,.T.);
#3095=EDGE_CURVE('',#2411,#2410,#1321,.T.);
#3096=EDGE_CURVE('',#2411,#2409,#1322,.T.);
#3097=EDGE_CURVE('',#2409,#2412,#1323,.T.);
#3098=EDGE_CURVE('',#2413,#2411,#1324,.T.);
#3099=EDGE_CURVE('',#2413,#2412,#1325,.T.);
#3100=EDGE_CURVE('',#2412,#2414,#1326,.T.);
#3101=EDGE_CURVE('',#2415,#2413,#1327,.T.);
#3102=EDGE_CURVE('',#2415,#2414,#1328,.T.);
#3103=EDGE_CURVE('',#2414,#2408,#1329,.T.);
#3104=EDGE_CURVE('',#2410,#2415,#1330,.T.);
#3105=EDGE_CURVE('',#2416,#2417,#1331,.T.);
#3106=EDGE_CURVE('',#2418,#2417,#1332,.T.);
#3107=EDGE_CURVE('',#2419,#2418,#1333,.T.);
#3108=EDGE_CURVE('',#2419,#2416,#1334,.T.);
#3109=EDGE_CURVE('',#2417,#2420,#1335,.T.);
#3110=EDGE_CURVE('',#2421,#2420,#1336,.T.);
#3111=EDGE_CURVE('',#2418,#2421,#1337,.T.);
#3112=EDGE_CURVE('',#2420,#2422,#1338,.T.);
#3113=EDGE_CURVE('',#2423,#2422,#1339,.T.);
#3114=EDGE_CURVE('',#2421,#2423,#1340,.T.);
#3115=EDGE_CURVE('',#2422,#2416,#1341,.T.);
#3116=EDGE_CURVE('',#2423,#2419,#1342,.T.);
#3117=ORIENTED_EDGE('',*,*,#2424,.T.);
#3118=ORIENTED_EDGE('',*,*,#2425,.T.);
#3119=ORIENTED_EDGE('',*,*,#2426,.T.);
#3120=ORIENTED_EDGE('',*,*,#2427,.T.);
#3121=ORIENTED_EDGE('',*,*,#2428,.T.);
#3122=ORIENTED_EDGE('',*,*,#2429,.T.);
#3123=ORIENTED_EDGE('',*,*,#2430,.T.);
#3124=ORIENTED_EDGE('',*,*,#2431,.T.);
#3125=ORIENTED_EDGE('',*,*,#2428,.F.);
#3126=ORIENTED_EDGE('',*,*,#2432,.T.);
#3127=ORIENTED_EDGE('',*,*,#2426,.F.);
#3128=ORIENTED_EDGE('',*,*,#2433,.T.);
#3129=ORIENTED_EDGE('',*,*,#2434,.T.);
#3130=ORIENTED_EDGE('',*,*,#2435,.T.);
#3131=ORIENTED_EDGE('',*,*,#2436,.T.);
#3132=ORIENTED_EDGE('',*,*,#2433,.F.);
#3133=ORIENTED_EDGE('',*,*,#2437,.T.);
#3134=ORIENTED_EDGE('',*,*,#2430,.F.);
#3135=ORIENTED_EDGE('',*,*,#2438,.T.);
#3136=ORIENTED_EDGE('',*,*,#2439,.T.);
#3137=ORIENTED_EDGE('',*,*,#2440,.T.);
#3138=ORIENTED_EDGE('',*,*,#2441,.T.);
#3139=ORIENTED_EDGE('',*,*,#2438,.F.);
#3140=ORIENTED_EDGE('',*,*,#2442,.T.);
#3141=ORIENTED_EDGE('',*,*,#2435,.F.);
#3142=ORIENTED_EDGE('',*,*,#2424,.F.);
#3143=ORIENTED_EDGE('',*,*,#2443,.T.);
#3144=ORIENTED_EDGE('',*,*,#2440,.F.);
#3145=ORIENTED_EDGE('',*,*,#2437,.F.);
#3146=ORIENTED_EDGE('',*,*,#2444,.F.);
#3147=ORIENTED_EDGE('',*,*,#2445,.F.);
#3148=ORIENTED_EDGE('',*,*,#2446,.T.);
#3149=ORIENTED_EDGE('',*,*,#2436,.F.);
#3150=ORIENTED_EDGE('',*,*,#2447,.F.);
#3151=ORIENTED_EDGE('',*,*,#2448,.F.);
#3152=ORIENTED_EDGE('',*,*,#2449,.T.);
#3153=ORIENTED_EDGE('',*,*,#2450,.F.);
#3154=ORIENTED_EDGE('',*,*,#2451,.F.);
#3155=ORIENTED_EDGE('',*,*,#2452,.F.);
#3156=ORIENTED_EDGE('',*,*,#2453,.T.);
#3157=ORIENTED_EDGE('',*,*,#2454,.T.);
#3158=ORIENTED_EDGE('',*,*,#2455,.F.);
#3159=ORIENTED_EDGE('',*,*,#2456,.F.);
#3160=ORIENTED_EDGE('',*,*,#2444,.T.);
#3161=ORIENTED_EDGE('',*,*,#2442,.F.);
#3162=ORIENTED_EDGE('',*,*,#2457,.F.);
#3163=ORIENTED_EDGE('',*,*,#2458,.F.);
#3164=ORIENTED_EDGE('',*,*,#2447,.T.);
#3165=ORIENTED_EDGE('',*,*,#2441,.F.);
#3166=ORIENTED_EDGE('',*,*,#2459,.F.);
#3167=ORIENTED_EDGE('',*,*,#2460,.F.);
#3168=ORIENTED_EDGE('',*,*,#2457,.T.);
#3169=ORIENTED_EDGE('',*,*,#2425,.F.);
#3170=ORIENTED_EDGE('',*,*,#2439,.F.);
#3171=ORIENTED_EDGE('',*,*,#2434,.F.);
#3172=ORIENTED_EDGE('',*,*,#2429,.F.);
#3173=ORIENTED_EDGE('',*,*,#2461,.T.);
#3174=ORIENTED_EDGE('',*,*,#2462,.T.);
#3175=ORIENTED_EDGE('',*,*,#2463,.T.);
#3176=ORIENTED_EDGE('',*,*,#2464,.T.);
#3177=ORIENTED_EDGE('',*,*,#2465,.T.);
#3178=ORIENTED_EDGE('',*,*,#2466,.T.);
#3179=ORIENTED_EDGE('',*,*,#2467,.T.);
#3180=ORIENTED_EDGE('',*,*,#2468,.T.);
#3181=ORIENTED_EDGE('',*,*,#2465,.F.);
#3182=ORIENTED_EDGE('',*,*,#2469,.T.);
#3183=ORIENTED_EDGE('',*,*,#2463,.F.);
#3184=ORIENTED_EDGE('',*,*,#2470,.T.);
#3185=ORIENTED_EDGE('',*,*,#2471,.T.);
#3186=ORIENTED_EDGE('',*,*,#2472,.T.);
#3187=ORIENTED_EDGE('',*,*,#2450,.T.);
#3188=ORIENTED_EDGE('',*,*,#2470,.F.);
#3189=ORIENTED_EDGE('',*,*,#2473,.T.);
#3190=ORIENTED_EDGE('',*,*,#2467,.F.);
#3191=ORIENTED_EDGE('',*,*,#2474,.T.);
#3192=ORIENTED_EDGE('',*,*,#2475,.T.);
#3193=ORIENTED_EDGE('',*,*,#2476,.T.);
#3194=ORIENTED_EDGE('',*,*,#2477,.T.);
#3195=ORIENTED_EDGE('',*,*,#2474,.F.);
#3196=ORIENTED_EDGE('',*,*,#2478,.T.);
#3197=ORIENTED_EDGE('',*,*,#2472,.F.);
#3198=ORIENTED_EDGE('',*,*,#2461,.F.);
#3199=ORIENTED_EDGE('',*,*,#2479,.T.);
#3200=ORIENTED_EDGE('',*,*,#2476,.F.);
#3201=ORIENTED_EDGE('',*,*,#2473,.F.);
#3202=ORIENTED_EDGE('',*,*,#2449,.F.);
#3203=ORIENTED_EDGE('',*,*,#2480,.F.);
#3204=ORIENTED_EDGE('',*,*,#2481,.T.);
#3205=ORIENTED_EDGE('',*,*,#2478,.F.);
#3206=ORIENTED_EDGE('',*,*,#2482,.F.);
#3207=ORIENTED_EDGE('',*,*,#2483,.F.);
#3208=ORIENTED_EDGE('',*,*,#2451,.T.);
#3209=ORIENTED_EDGE('',*,*,#2477,.F.);
#3210=ORIENTED_EDGE('',*,*,#2484,.F.);
#3211=ORIENTED_EDGE('',*,*,#2485,.F.);
#3212=ORIENTED_EDGE('',*,*,#2486,.T.);
#3213=ORIENTED_EDGE('',*,*,#2487,.T.);
#3214=ORIENTED_EDGE('',*,*,#2488,.T.);
#3215=ORIENTED_EDGE('',*,*,#2489,.T.);
#3216=ORIENTED_EDGE('',*,*,#2453,.F.);
#3217=ORIENTED_EDGE('',*,*,#2490,.F.);
#3218=ORIENTED_EDGE('',*,*,#2482,.T.);
#3219=ORIENTED_EDGE('',*,*,#2462,.F.);
#3220=ORIENTED_EDGE('',*,*,#2475,.F.);
#3221=ORIENTED_EDGE('',*,*,#2471,.F.);
#3222=ORIENTED_EDGE('',*,*,#2466,.F.);
#3223=ORIENTED_EDGE('',*,*,#2491,.T.);
#3224=ORIENTED_EDGE('',*,*,#2492,.T.);
#3225=ORIENTED_EDGE('',*,*,#2493,.T.);
#3226=ORIENTED_EDGE('',*,*,#2494,.T.);
#3227=ORIENTED_EDGE('',*,*,#2495,.T.);
#3228=ORIENTED_EDGE('',*,*,#2496,.T.);
#3229=ORIENTED_EDGE('',*,*,#2497,.T.);
#3230=ORIENTED_EDGE('',*,*,#2498,.T.);
#3231=ORIENTED_EDGE('',*,*,#2495,.F.);
#3232=ORIENTED_EDGE('',*,*,#2499,.T.);
#3233=ORIENTED_EDGE('',*,*,#2493,.F.);
#3234=ORIENTED_EDGE('',*,*,#2500,.T.);
#3235=ORIENTED_EDGE('',*,*,#2501,.T.);
#3236=ORIENTED_EDGE('',*,*,#2502,.T.);
#3237=ORIENTED_EDGE('',*,*,#2503,.T.);
#3238=ORIENTED_EDGE('',*,*,#2500,.F.);
#3239=ORIENTED_EDGE('',*,*,#2504,.T.);
#3240=ORIENTED_EDGE('',*,*,#2497,.F.);
#3241=ORIENTED_EDGE('',*,*,#2505,.T.);
#3242=ORIENTED_EDGE('',*,*,#2506,.T.);
#3243=ORIENTED_EDGE('',*,*,#2507,.T.);
#3244=ORIENTED_EDGE('',*,*,#2508,.T.);
#3245=ORIENTED_EDGE('',*,*,#2505,.F.);
#3246=ORIENTED_EDGE('',*,*,#2509,.T.);
#3247=ORIENTED_EDGE('',*,*,#2502,.F.);
#3248=ORIENTED_EDGE('',*,*,#2491,.F.);
#3249=ORIENTED_EDGE('',*,*,#2510,.T.);
#3250=ORIENTED_EDGE('',*,*,#2507,.F.);
#3251=ORIENTED_EDGE('',*,*,#2504,.F.);
#3252=ORIENTED_EDGE('',*,*,#2511,.F.);
#3253=ORIENTED_EDGE('',*,*,#2512,.F.);
#3254=ORIENTED_EDGE('',*,*,#2513,.T.);
#3255=ORIENTED_EDGE('',*,*,#2503,.F.);
#3256=ORIENTED_EDGE('',*,*,#2514,.F.);
#3257=ORIENTED_EDGE('',*,*,#2515,.F.);
#3258=ORIENTED_EDGE('',*,*,#2511,.T.);
#3259=ORIENTED_EDGE('',*,*,#2509,.F.);
#3260=ORIENTED_EDGE('',*,*,#2516,.F.);
#3261=ORIENTED_EDGE('',*,*,#2517,.F.);
#3262=ORIENTED_EDGE('',*,*,#2514,.T.);
#3263=ORIENTED_EDGE('',*,*,#2508,.F.);
#3264=ORIENTED_EDGE('',*,*,#2518,.F.);
#3265=ORIENTED_EDGE('',*,*,#2519,.F.);
#3266=ORIENTED_EDGE('',*,*,#2520,.T.);
#3267=ORIENTED_EDGE('',*,*,#2521,.T.);
#3268=ORIENTED_EDGE('',*,*,#2522,.T.);
#3269=ORIENTED_EDGE('',*,*,#2523,.T.);
#3270=ORIENTED_EDGE('',*,*,#2524,.T.);
#3271=ORIENTED_EDGE('',*,*,#2525,.F.);
#3272=ORIENTED_EDGE('',*,*,#2516,.T.);
#3273=ORIENTED_EDGE('',*,*,#2492,.F.);
#3274=ORIENTED_EDGE('',*,*,#2506,.F.);
#3275=ORIENTED_EDGE('',*,*,#2501,.F.);
#3276=ORIENTED_EDGE('',*,*,#2496,.F.);
#3277=ORIENTED_EDGE('',*,*,#2526,.T.);
#3278=ORIENTED_EDGE('',*,*,#2527,.T.);
#3279=ORIENTED_EDGE('',*,*,#2528,.T.);
#3280=ORIENTED_EDGE('',*,*,#2529,.T.);
#3281=ORIENTED_EDGE('',*,*,#2530,.T.);
#3282=ORIENTED_EDGE('',*,*,#2531,.T.);
#3283=ORIENTED_EDGE('',*,*,#2532,.T.);
#3284=ORIENTED_EDGE('',*,*,#2533,.T.);
#3285=ORIENTED_EDGE('',*,*,#2530,.F.);
#3286=ORIENTED_EDGE('',*,*,#2534,.T.);
#3287=ORIENTED_EDGE('',*,*,#2528,.F.);
#3288=ORIENTED_EDGE('',*,*,#2535,.T.);
#3289=ORIENTED_EDGE('',*,*,#2536,.T.);
#3290=ORIENTED_EDGE('',*,*,#2537,.T.);
#3291=ORIENTED_EDGE('',*,*,#2538,.T.);
#3292=ORIENTED_EDGE('',*,*,#2535,.F.);
#3293=ORIENTED_EDGE('',*,*,#2539,.T.);
#3294=ORIENTED_EDGE('',*,*,#2532,.F.);
#3295=ORIENTED_EDGE('',*,*,#2540,.T.);
#3296=ORIENTED_EDGE('',*,*,#2541,.T.);
#3297=ORIENTED_EDGE('',*,*,#2542,.T.);
#3298=ORIENTED_EDGE('',*,*,#2543,.T.);
#3299=ORIENTED_EDGE('',*,*,#2540,.F.);
#3300=ORIENTED_EDGE('',*,*,#2544,.T.);
#3301=ORIENTED_EDGE('',*,*,#2537,.F.);
#3302=ORIENTED_EDGE('',*,*,#2526,.F.);
#3303=ORIENTED_EDGE('',*,*,#2545,.T.);
#3304=ORIENTED_EDGE('',*,*,#2542,.F.);
#3305=ORIENTED_EDGE('',*,*,#2539,.F.);
#3306=ORIENTED_EDGE('',*,*,#2546,.F.);
#3307=ORIENTED_EDGE('',*,*,#2547,.F.);
#3308=ORIENTED_EDGE('',*,*,#2548,.T.);
#3309=ORIENTED_EDGE('',*,*,#2538,.F.);
#3310=ORIENTED_EDGE('',*,*,#2549,.F.);
#3311=ORIENTED_EDGE('',*,*,#2550,.F.);
#3312=ORIENTED_EDGE('',*,*,#2546,.T.);
#3313=ORIENTED_EDGE('',*,*,#2544,.F.);
#3314=ORIENTED_EDGE('',*,*,#2551,.F.);
#3315=ORIENTED_EDGE('',*,*,#2552,.F.);
#3316=ORIENTED_EDGE('',*,*,#2549,.T.);
#3317=ORIENTED_EDGE('',*,*,#2543,.F.);
#3318=ORIENTED_EDGE('',*,*,#2553,.F.);
#3319=ORIENTED_EDGE('',*,*,#2554,.F.);
#3320=ORIENTED_EDGE('',*,*,#2551,.T.);
#3321=ORIENTED_EDGE('',*,*,#2527,.F.);
#3322=ORIENTED_EDGE('',*,*,#2541,.F.);
#3323=ORIENTED_EDGE('',*,*,#2536,.F.);
#3324=ORIENTED_EDGE('',*,*,#2531,.F.);
#3325=ORIENTED_EDGE('',*,*,#2555,.F.);
#3326=ORIENTED_EDGE('',*,*,#2556,.F.);
#3327=ORIENTED_EDGE('',*,*,#2557,.F.);
#3328=ORIENTED_EDGE('',*,*,#2558,.T.);
#3329=ORIENTED_EDGE('',*,*,#2559,.F.);
#3330=ORIENTED_EDGE('',*,*,#2560,.T.);
#3331=ORIENTED_EDGE('',*,*,#2561,.F.);
#3332=ORIENTED_EDGE('',*,*,#2562,.F.);
#3333=ORIENTED_EDGE('',*,*,#2563,.F.);
#3334=ORIENTED_EDGE('',*,*,#2558,.F.);
#3335=ORIENTED_EDGE('',*,*,#2564,.F.);
#3336=ORIENTED_EDGE('',*,*,#2565,.T.);
#3337=ORIENTED_EDGE('',*,*,#2566,.F.);
#3338=ORIENTED_EDGE('',*,*,#2565,.F.);
#3339=ORIENTED_EDGE('',*,*,#2567,.F.);
#3340=ORIENTED_EDGE('',*,*,#2568,.F.);
#3341=ORIENTED_EDGE('',*,*,#2569,.F.);
#3342=ORIENTED_EDGE('',*,*,#2570,.F.);
#3343=ORIENTED_EDGE('',*,*,#2571,.F.);
#3344=ORIENTED_EDGE('',*,*,#2572,.F.);
#3345=ORIENTED_EDGE('',*,*,#2573,.F.);
#3346=ORIENTED_EDGE('',*,*,#2572,.T.);
#3347=ORIENTED_EDGE('',*,*,#2574,.F.);
#3348=ORIENTED_EDGE('',*,*,#2560,.F.);
#3349=ORIENTED_EDGE('',*,*,#2561,.T.);
#3350=ORIENTED_EDGE('',*,*,#2574,.T.);
#3351=ORIENTED_EDGE('',*,*,#2571,.T.);
#3352=ORIENTED_EDGE('',*,*,#2575,.F.);
#3353=ORIENTED_EDGE('',*,*,#2576,.F.);
#3354=ORIENTED_EDGE('',*,*,#2577,.F.);
#3355=ORIENTED_EDGE('',*,*,#2578,.T.);
#3356=ORIENTED_EDGE('',*,*,#2579,.T.);
#3357=ORIENTED_EDGE('',*,*,#2580,.T.);
#3358=ORIENTED_EDGE('',*,*,#2581,.T.);
#3359=ORIENTED_EDGE('',*,*,#2582,.T.);
#3360=ORIENTED_EDGE('',*,*,#2583,.F.);
#3361=ORIENTED_EDGE('',*,*,#2584,.F.);
#3362=ORIENTED_EDGE('',*,*,#2585,.F.);
#3363=ORIENTED_EDGE('',*,*,#2555,.T.);
#3364=ORIENTED_EDGE('',*,*,#2563,.T.);
#3365=ORIENTED_EDGE('',*,*,#2566,.T.);
#3366=ORIENTED_EDGE('',*,*,#2586,.F.);
#3367=ORIENTED_EDGE('',*,*,#2587,.T.);
#3368=ORIENTED_EDGE('',*,*,#2588,.F.);
#3369=ORIENTED_EDGE('',*,*,#2589,.F.);
#3370=ORIENTED_EDGE('',*,*,#2590,.F.);
#3371=ORIENTED_EDGE('',*,*,#2570,.T.);
#3372=ORIENTED_EDGE('',*,*,#2591,.T.);
#3373=ORIENTED_EDGE('',*,*,#2592,.T.);
#3374=ORIENTED_EDGE('',*,*,#2586,.T.);
#3375=ORIENTED_EDGE('',*,*,#2568,.T.);
#3376=ORIENTED_EDGE('',*,*,#2593,.T.);
#3377=ORIENTED_EDGE('',*,*,#2594,.T.);
#3378=ORIENTED_EDGE('',*,*,#2521,.F.);
#3379=ORIENTED_EDGE('',*,*,#2595,.F.);
#3380=ORIENTED_EDGE('',*,*,#2596,.F.);
#3381=ORIENTED_EDGE('',*,*,#2597,.T.);
#3382=ORIENTED_EDGE('',*,*,#2575,.T.);
#3383=ORIENTED_EDGE('',*,*,#2562,.T.);
#3384=ORIENTED_EDGE('',*,*,#2585,.T.);
#3385=ORIENTED_EDGE('',*,*,#2598,.T.);
#3386=ORIENTED_EDGE('',*,*,#2599,.F.);
#3387=ORIENTED_EDGE('',*,*,#2454,.F.);
#3388=ORIENTED_EDGE('',*,*,#2489,.F.);
#3389=ORIENTED_EDGE('',*,*,#2600,.T.);
#3390=ORIENTED_EDGE('',*,*,#2601,.T.);
#3391=ORIENTED_EDGE('',*,*,#2556,.T.);
#3392=ORIENTED_EDGE('',*,*,#2590,.T.);
#3393=ORIENTED_EDGE('',*,*,#2602,.T.);
#3394=ORIENTED_EDGE('',*,*,#2603,.T.);
#3395=ORIENTED_EDGE('',*,*,#2499,.F.);
#3396=ORIENTED_EDGE('',*,*,#2604,.F.);
#3397=ORIENTED_EDGE('',*,*,#2605,.F.);
#3398=ORIENTED_EDGE('',*,*,#2606,.T.);
#3399=ORIENTED_EDGE('',*,*,#2498,.F.);
#3400=ORIENTED_EDGE('',*,*,#2513,.F.);
#3401=ORIENTED_EDGE('',*,*,#2607,.F.);
#3402=ORIENTED_EDGE('',*,*,#2604,.T.);
#3403=ORIENTED_EDGE('',*,*,#2510,.F.);
#3404=ORIENTED_EDGE('',*,*,#2608,.F.);
#3405=ORIENTED_EDGE('',*,*,#2609,.F.);
#3406=ORIENTED_EDGE('',*,*,#2518,.T.);
#3407=ORIENTED_EDGE('',*,*,#2534,.F.);
#3408=ORIENTED_EDGE('',*,*,#2610,.F.);
#3409=ORIENTED_EDGE('',*,*,#2611,.F.);
#3410=ORIENTED_EDGE('',*,*,#2612,.T.);
#3411=ORIENTED_EDGE('',*,*,#2545,.F.);
#3412=ORIENTED_EDGE('',*,*,#2613,.F.);
#3413=ORIENTED_EDGE('',*,*,#2614,.F.);
#3414=ORIENTED_EDGE('',*,*,#2553,.T.);
#3415=ORIENTED_EDGE('',*,*,#2443,.F.);
#3416=ORIENTED_EDGE('',*,*,#2615,.F.);
#3417=ORIENTED_EDGE('',*,*,#2616,.F.);
#3418=ORIENTED_EDGE('',*,*,#2459,.T.);
#3419=ORIENTED_EDGE('',*,*,#2427,.F.);
#3420=ORIENTED_EDGE('',*,*,#2617,.F.);
#3421=ORIENTED_EDGE('',*,*,#2618,.F.);
#3422=ORIENTED_EDGE('',*,*,#2615,.T.);
#3423=ORIENTED_EDGE('',*,*,#2432,.F.);
#3424=ORIENTED_EDGE('',*,*,#2619,.F.);
#3425=ORIENTED_EDGE('',*,*,#2620,.F.);
#3426=ORIENTED_EDGE('',*,*,#2617,.T.);
#3427=ORIENTED_EDGE('',*,*,#2469,.F.);
#3428=ORIENTED_EDGE('',*,*,#2621,.F.);
#3429=ORIENTED_EDGE('',*,*,#2622,.F.);
#3430=ORIENTED_EDGE('',*,*,#2623,.T.);
#3431=ORIENTED_EDGE('',*,*,#2468,.F.);
#3432=ORIENTED_EDGE('',*,*,#2481,.F.);
#3433=ORIENTED_EDGE('',*,*,#2624,.F.);
#3434=ORIENTED_EDGE('',*,*,#2621,.T.);
#3435=ORIENTED_EDGE('',*,*,#2479,.F.);
#3436=ORIENTED_EDGE('',*,*,#2625,.F.);
#3437=ORIENTED_EDGE('',*,*,#2626,.F.);
#3438=ORIENTED_EDGE('',*,*,#2484,.T.);
#3439=ORIENTED_EDGE('',*,*,#2464,.F.);
#3440=ORIENTED_EDGE('',*,*,#2623,.F.);
#3441=ORIENTED_EDGE('',*,*,#2627,.F.);
#3442=ORIENTED_EDGE('',*,*,#2625,.T.);
#3443=ORIENTED_EDGE('',*,*,#2483,.T.);
#3444=ORIENTED_EDGE('',*,*,#2490,.T.);
#3445=ORIENTED_EDGE('',*,*,#2452,.T.);
#3446=ORIENTED_EDGE('',*,*,#2445,.T.);
#3447=ORIENTED_EDGE('',*,*,#2456,.T.);
#3448=ORIENTED_EDGE('',*,*,#2628,.T.);
#3449=ORIENTED_EDGE('',*,*,#2611,.T.);
#3450=ORIENTED_EDGE('',*,*,#2629,.T.);
#3451=ORIENTED_EDGE('',*,*,#2630,.T.);
#3452=ORIENTED_EDGE('',*,*,#2609,.T.);
#3453=ORIENTED_EDGE('',*,*,#2631,.T.);
#3454=ORIENTED_EDGE('',*,*,#2519,.T.);
#3455=ORIENTED_EDGE('',*,*,#2632,.T.);
#3456=ORIENTED_EDGE('',*,*,#2633,.T.);
#3457=ORIENTED_EDGE('',*,*,#2634,.T.);
#3458=ORIENTED_EDGE('',*,*,#2635,.T.);
#3459=ORIENTED_EDGE('',*,*,#2634,.F.);
#3460=ORIENTED_EDGE('',*,*,#2636,.F.);
#3461=ORIENTED_EDGE('',*,*,#2637,.T.);
#3462=ORIENTED_EDGE('',*,*,#2638,.T.);
#3463=ORIENTED_EDGE('',*,*,#2639,.T.);
#3464=ORIENTED_EDGE('',*,*,#2640,.T.);
#3465=ORIENTED_EDGE('',*,*,#2641,.T.);
#3466=ORIENTED_EDGE('',*,*,#2580,.F.);
#3467=ORIENTED_EDGE('',*,*,#2640,.F.);
#3468=ORIENTED_EDGE('',*,*,#2642,.T.);
#3469=ORIENTED_EDGE('',*,*,#2643,.T.);
#3470=ORIENTED_EDGE('',*,*,#2644,.T.);
#3471=ORIENTED_EDGE('',*,*,#2639,.F.);
#3472=ORIENTED_EDGE('',*,*,#2579,.F.);
#3473=ORIENTED_EDGE('',*,*,#2645,.F.);
#3474=ORIENTED_EDGE('',*,*,#2642,.F.);
#3475=ORIENTED_EDGE('',*,*,#2578,.F.);
#3476=ORIENTED_EDGE('',*,*,#2646,.F.);
#3477=ORIENTED_EDGE('',*,*,#2647,.F.);
#3478=ORIENTED_EDGE('',*,*,#2648,.F.);
#3479=ORIENTED_EDGE('',*,*,#2649,.T.);
#3480=ORIENTED_EDGE('',*,*,#2650,.F.);
#3481=ORIENTED_EDGE('',*,*,#2582,.F.);
#3482=ORIENTED_EDGE('',*,*,#2651,.T.);
#3483=ORIENTED_EDGE('',*,*,#2652,.T.);
#3484=ORIENTED_EDGE('',*,*,#2653,.F.);
#3485=ORIENTED_EDGE('',*,*,#2654,.F.);
#3486=ORIENTED_EDGE('',*,*,#2655,.F.);
#3487=ORIENTED_EDGE('',*,*,#2649,.F.);
#3488=ORIENTED_EDGE('',*,*,#2656,.F.);
#3489=ORIENTED_EDGE('',*,*,#2652,.F.);
#3490=ORIENTED_EDGE('',*,*,#2657,.F.);
#3491=ORIENTED_EDGE('',*,*,#2655,.T.);
#3492=ORIENTED_EDGE('',*,*,#2658,.F.);
#3493=ORIENTED_EDGE('',*,*,#2659,.T.);
#3494=ORIENTED_EDGE('',*,*,#2583,.T.);
#3495=ORIENTED_EDGE('',*,*,#2641,.F.);
#3496=ORIENTED_EDGE('',*,*,#2644,.F.);
#3497=ORIENTED_EDGE('',*,*,#2660,.T.);
#3498=ORIENTED_EDGE('',*,*,#2581,.F.);
#3499=ORIENTED_EDGE('',*,*,#2660,.F.);
#3500=ORIENTED_EDGE('',*,*,#2643,.F.);
#3501=ORIENTED_EDGE('',*,*,#2645,.T.);
#3502=ORIENTED_EDGE('',*,*,#2650,.T.);
#3503=ORIENTED_EDGE('',*,*,#2657,.T.);
#3504=ORIENTED_EDGE('',*,*,#2651,.F.);
#3505=ORIENTED_EDGE('',*,*,#2646,.T.);
#3506=ORIENTED_EDGE('',*,*,#2577,.T.);
#3507=ORIENTED_EDGE('',*,*,#2661,.F.);
#3508=ORIENTED_EDGE('',*,*,#2662,.F.);
#3509=ORIENTED_EDGE('',*,*,#2576,.T.);
#3510=ORIENTED_EDGE('',*,*,#2597,.F.);
#3511=ORIENTED_EDGE('',*,*,#2663,.F.);
#3512=ORIENTED_EDGE('',*,*,#2661,.T.);
#3513=ORIENTED_EDGE('',*,*,#2584,.T.);
#3514=ORIENTED_EDGE('',*,*,#2659,.F.);
#3515=ORIENTED_EDGE('',*,*,#2664,.F.);
#3516=ORIENTED_EDGE('',*,*,#2598,.F.);
#3517=ORIENTED_EDGE('',*,*,#2517,.T.);
#3518=ORIENTED_EDGE('',*,*,#2525,.T.);
#3519=ORIENTED_EDGE('',*,*,#2665,.T.);
#3520=ORIENTED_EDGE('',*,*,#2666,.T.);
#3521=ORIENTED_EDGE('',*,*,#2667,.T.);
#3522=ORIENTED_EDGE('',*,*,#2485,.T.);
#3523=ORIENTED_EDGE('',*,*,#2626,.T.);
#3524=ORIENTED_EDGE('',*,*,#2627,.T.);
#3525=ORIENTED_EDGE('',*,*,#2622,.T.);
#3526=ORIENTED_EDGE('',*,*,#2624,.T.);
#3527=ORIENTED_EDGE('',*,*,#2480,.T.);
#3528=ORIENTED_EDGE('',*,*,#2448,.T.);
#3529=ORIENTED_EDGE('',*,*,#2458,.T.);
#3530=ORIENTED_EDGE('',*,*,#2460,.T.);
#3531=ORIENTED_EDGE('',*,*,#2616,.T.);
#3532=ORIENTED_EDGE('',*,*,#2618,.T.);
#3533=ORIENTED_EDGE('',*,*,#2620,.T.);
#3534=ORIENTED_EDGE('',*,*,#2668,.T.);
#3535=ORIENTED_EDGE('',*,*,#2653,.T.);
#3536=ORIENTED_EDGE('',*,*,#2656,.T.);
#3537=ORIENTED_EDGE('',*,*,#2648,.T.);
#3538=ORIENTED_EDGE('',*,*,#2669,.T.);
#3539=ORIENTED_EDGE('',*,*,#2547,.T.);
#3540=ORIENTED_EDGE('',*,*,#2550,.T.);
#3541=ORIENTED_EDGE('',*,*,#2552,.T.);
#3542=ORIENTED_EDGE('',*,*,#2554,.T.);
#3543=ORIENTED_EDGE('',*,*,#2614,.T.);
#3544=ORIENTED_EDGE('',*,*,#2670,.T.);
#3545=ORIENTED_EDGE('',*,*,#2605,.T.);
#3546=ORIENTED_EDGE('',*,*,#2607,.T.);
#3547=ORIENTED_EDGE('',*,*,#2512,.T.);
#3548=ORIENTED_EDGE('',*,*,#2515,.T.);
#3549=ORIENTED_EDGE('',*,*,#2533,.F.);
#3550=ORIENTED_EDGE('',*,*,#2548,.F.);
#3551=ORIENTED_EDGE('',*,*,#2669,.F.);
#3552=ORIENTED_EDGE('',*,*,#2647,.T.);
#3553=ORIENTED_EDGE('',*,*,#2662,.T.);
#3554=ORIENTED_EDGE('',*,*,#2663,.T.);
#3555=ORIENTED_EDGE('',*,*,#2596,.T.);
#3556=ORIENTED_EDGE('',*,*,#2671,.F.);
#3557=ORIENTED_EDGE('',*,*,#2629,.F.);
#3558=ORIENTED_EDGE('',*,*,#2610,.T.);
#3559=ORIENTED_EDGE('',*,*,#2672,.F.);
#3560=ORIENTED_EDGE('',*,*,#2673,.T.);
#3561=ORIENTED_EDGE('',*,*,#2674,.F.);
#3562=ORIENTED_EDGE('',*,*,#2665,.F.);
#3563=ORIENTED_EDGE('',*,*,#2524,.F.);
#3564=ORIENTED_EDGE('',*,*,#2675,.F.);
#3565=ORIENTED_EDGE('',*,*,#2676,.F.);
#3566=ORIENTED_EDGE('',*,*,#2677,.F.);
#3567=ORIENTED_EDGE('',*,*,#2486,.F.);
#3568=ORIENTED_EDGE('',*,*,#2667,.F.);
#3569=ORIENTED_EDGE('',*,*,#2678,.F.);
#3570=ORIENTED_EDGE('',*,*,#2679,.F.);
#3571=ORIENTED_EDGE('',*,*,#2674,.T.);
#3572=ORIENTED_EDGE('',*,*,#2680,.T.);
#3573=ORIENTED_EDGE('',*,*,#2678,.T.);
#3574=ORIENTED_EDGE('',*,*,#2666,.F.);
#3575=ORIENTED_EDGE('',*,*,#2677,.T.);
#3576=ORIENTED_EDGE('',*,*,#2681,.F.);
#3577=ORIENTED_EDGE('',*,*,#2682,.F.);
#3578=ORIENTED_EDGE('',*,*,#2487,.F.);
#3579=ORIENTED_EDGE('',*,*,#2675,.T.);
#3580=ORIENTED_EDGE('',*,*,#2523,.F.);
#3581=ORIENTED_EDGE('',*,*,#2683,.T.);
#3582=ORIENTED_EDGE('',*,*,#2684,.F.);
#3583=ORIENTED_EDGE('',*,*,#2632,.F.);
#3584=ORIENTED_EDGE('',*,*,#2685,.T.);
#3585=ORIENTED_EDGE('',*,*,#2686,.F.);
#3586=ORIENTED_EDGE('',*,*,#2687,.F.);
#3587=ORIENTED_EDGE('',*,*,#2637,.F.);
#3588=ORIENTED_EDGE('',*,*,#2688,.F.);
#3589=ORIENTED_EDGE('',*,*,#2686,.T.);
#3590=ORIENTED_EDGE('',*,*,#2679,.T.);
#3591=ORIENTED_EDGE('',*,*,#2680,.F.);
#3592=ORIENTED_EDGE('',*,*,#2673,.F.);
#3593=ORIENTED_EDGE('',*,*,#2689,.F.);
#3594=ORIENTED_EDGE('',*,*,#2683,.F.);
#3595=ORIENTED_EDGE('',*,*,#2522,.F.);
#3596=ORIENTED_EDGE('',*,*,#2594,.F.);
#3597=ORIENTED_EDGE('',*,*,#2690,.F.);
#3598=ORIENTED_EDGE('',*,*,#2600,.F.);
#3599=ORIENTED_EDGE('',*,*,#2488,.F.);
#3600=ORIENTED_EDGE('',*,*,#2682,.T.);
#3601=ORIENTED_EDGE('',*,*,#2557,.T.);
#3602=ORIENTED_EDGE('',*,*,#2601,.F.);
#3603=ORIENTED_EDGE('',*,*,#2690,.T.);
#3604=ORIENTED_EDGE('',*,*,#2681,.T.);
#3605=ORIENTED_EDGE('',*,*,#2676,.T.);
#3606=ORIENTED_EDGE('',*,*,#2685,.F.);
#3607=ORIENTED_EDGE('',*,*,#2635,.F.);
#3608=ORIENTED_EDGE('',*,*,#2638,.F.);
#3609=ORIENTED_EDGE('',*,*,#2672,.T.);
#3610=ORIENTED_EDGE('',*,*,#2684,.T.);
#3611=ORIENTED_EDGE('',*,*,#2689,.T.);
#3612=ORIENTED_EDGE('',*,*,#2593,.F.);
#3613=ORIENTED_EDGE('',*,*,#2567,.T.);
#3614=ORIENTED_EDGE('',*,*,#2564,.T.);
#3615=ORIENTED_EDGE('',*,*,#2633,.F.);
#3616=ORIENTED_EDGE('',*,*,#2687,.T.);
#3617=ORIENTED_EDGE('',*,*,#2688,.T.);
#3618=ORIENTED_EDGE('',*,*,#2636,.T.);
#3619=ORIENTED_EDGE('',*,*,#2691,.F.);
#3620=ORIENTED_EDGE('',*,*,#2587,.F.);
#3621=ORIENTED_EDGE('',*,*,#2592,.F.);
#3622=ORIENTED_EDGE('',*,*,#2692,.T.);
#3623=ORIENTED_EDGE('',*,*,#2559,.T.);
#3624=ORIENTED_EDGE('',*,*,#2603,.F.);
#3625=ORIENTED_EDGE('',*,*,#2693,.T.);
#3626=ORIENTED_EDGE('',*,*,#2694,.F.);
#3627=ORIENTED_EDGE('',*,*,#2692,.F.);
#3628=ORIENTED_EDGE('',*,*,#2591,.F.);
#3629=ORIENTED_EDGE('',*,*,#2569,.T.);
#3630=ORIENTED_EDGE('',*,*,#2573,.T.);
#3631=ORIENTED_EDGE('',*,*,#2695,.F.);
#3632=ORIENTED_EDGE('',*,*,#2693,.F.);
#3633=ORIENTED_EDGE('',*,*,#2602,.F.);
#3634=ORIENTED_EDGE('',*,*,#2589,.T.);
#3635=ORIENTED_EDGE('',*,*,#2691,.T.);
#3636=ORIENTED_EDGE('',*,*,#2694,.T.);
#3637=ORIENTED_EDGE('',*,*,#2695,.T.);
#3638=ORIENTED_EDGE('',*,*,#2588,.T.);
#3639=ORIENTED_EDGE('',*,*,#2494,.F.);
#3640=ORIENTED_EDGE('',*,*,#2606,.F.);
#3641=ORIENTED_EDGE('',*,*,#2670,.F.);
#3642=ORIENTED_EDGE('',*,*,#2613,.T.);
#3643=ORIENTED_EDGE('',*,*,#2529,.F.);
#3644=ORIENTED_EDGE('',*,*,#2612,.F.);
#3645=ORIENTED_EDGE('',*,*,#2630,.F.);
#3646=ORIENTED_EDGE('',*,*,#2671,.T.);
#3647=ORIENTED_EDGE('',*,*,#2595,.T.);
#3648=ORIENTED_EDGE('',*,*,#2520,.F.);
#3649=ORIENTED_EDGE('',*,*,#2631,.F.);
#3650=ORIENTED_EDGE('',*,*,#2608,.T.);
#3651=ORIENTED_EDGE('',*,*,#2431,.F.);
#3652=ORIENTED_EDGE('',*,*,#2446,.F.);
#3653=ORIENTED_EDGE('',*,*,#2628,.F.);
#3654=ORIENTED_EDGE('',*,*,#2455,.T.);
#3655=ORIENTED_EDGE('',*,*,#2599,.T.);
#3656=ORIENTED_EDGE('',*,*,#2664,.T.);
#3657=ORIENTED_EDGE('',*,*,#2658,.T.);
#3658=ORIENTED_EDGE('',*,*,#2654,.T.);
#3659=ORIENTED_EDGE('',*,*,#2668,.F.);
#3660=ORIENTED_EDGE('',*,*,#2619,.T.);
#3661=ORIENTED_EDGE('',*,*,#2696,.T.);
#3662=ORIENTED_EDGE('',*,*,#2697,.F.);
#3663=ORIENTED_EDGE('',*,*,#2698,.F.);
#3664=ORIENTED_EDGE('',*,*,#2699,.F.);
#3665=ORIENTED_EDGE('',*,*,#2700,.T.);
#3666=ORIENTED_EDGE('',*,*,#2701,.F.);
#3667=ORIENTED_EDGE('',*,*,#2702,.F.);
#3668=ORIENTED_EDGE('',*,*,#2697,.T.);
#3669=ORIENTED_EDGE('',*,*,#2703,.T.);
#3670=ORIENTED_EDGE('',*,*,#2704,.F.);
#3671=ORIENTED_EDGE('',*,*,#2705,.F.);
#3672=ORIENTED_EDGE('',*,*,#2701,.T.);
#3673=ORIENTED_EDGE('',*,*,#2706,.T.);
#3674=ORIENTED_EDGE('',*,*,#2707,.F.);
#3675=ORIENTED_EDGE('',*,*,#2708,.F.);
#3676=ORIENTED_EDGE('',*,*,#2704,.T.);
#3677=ORIENTED_EDGE('',*,*,#2709,.T.);
#3678=ORIENTED_EDGE('',*,*,#2710,.F.);
#3679=ORIENTED_EDGE('',*,*,#2711,.F.);
#3680=ORIENTED_EDGE('',*,*,#2707,.T.);
#3681=ORIENTED_EDGE('',*,*,#2712,.T.);
#3682=ORIENTED_EDGE('',*,*,#2713,.F.);
#3683=ORIENTED_EDGE('',*,*,#2714,.F.);
#3684=ORIENTED_EDGE('',*,*,#2715,.F.);
#3685=ORIENTED_EDGE('',*,*,#2716,.T.);
#3686=ORIENTED_EDGE('',*,*,#2717,.F.);
#3687=ORIENTED_EDGE('',*,*,#2718,.F.);
#3688=ORIENTED_EDGE('',*,*,#2713,.T.);
#3689=ORIENTED_EDGE('',*,*,#2719,.T.);
#3690=ORIENTED_EDGE('',*,*,#2720,.F.);
#3691=ORIENTED_EDGE('',*,*,#2721,.F.);
#3692=ORIENTED_EDGE('',*,*,#2717,.T.);
#3693=ORIENTED_EDGE('',*,*,#2722,.T.);
#3694=ORIENTED_EDGE('',*,*,#2723,.F.);
#3695=ORIENTED_EDGE('',*,*,#2724,.F.);
#3696=ORIENTED_EDGE('',*,*,#2720,.T.);
#3697=ORIENTED_EDGE('',*,*,#2725,.T.);
#3698=ORIENTED_EDGE('',*,*,#2726,.F.);
#3699=ORIENTED_EDGE('',*,*,#2727,.F.);
#3700=ORIENTED_EDGE('',*,*,#2723,.T.);
#3701=ORIENTED_EDGE('',*,*,#2710,.T.);
#3702=ORIENTED_EDGE('',*,*,#2728,.F.);
#3703=ORIENTED_EDGE('',*,*,#2729,.F.);
#3704=ORIENTED_EDGE('',*,*,#2730,.F.);
#3705=ORIENTED_EDGE('',*,*,#2699,.T.);
#3706=ORIENTED_EDGE('',*,*,#2731,.F.);
#3707=ORIENTED_EDGE('',*,*,#2732,.F.);
#3708=ORIENTED_EDGE('',*,*,#2733,.F.);
#3709=ORIENTED_EDGE('',*,*,#2726,.T.);
#3710=ORIENTED_EDGE('',*,*,#2734,.F.);
#3711=ORIENTED_EDGE('',*,*,#2735,.F.);
#3712=ORIENTED_EDGE('',*,*,#2736,.F.);
#3713=ORIENTED_EDGE('',*,*,#2715,.T.);
#3714=ORIENTED_EDGE('',*,*,#2737,.F.);
#3715=ORIENTED_EDGE('',*,*,#2738,.F.);
#3716=ORIENTED_EDGE('',*,*,#2739,.F.);
#3717=ORIENTED_EDGE('',*,*,#2740,.T.);
#3718=ORIENTED_EDGE('',*,*,#2741,.F.);
#3719=ORIENTED_EDGE('',*,*,#2742,.F.);
#3720=ORIENTED_EDGE('',*,*,#2743,.F.);
#3721=ORIENTED_EDGE('',*,*,#2744,.T.);
#3722=ORIENTED_EDGE('',*,*,#2745,.F.);
#3723=ORIENTED_EDGE('',*,*,#2746,.F.);
#3724=ORIENTED_EDGE('',*,*,#2741,.T.);
#3725=ORIENTED_EDGE('',*,*,#2747,.T.);
#3726=ORIENTED_EDGE('',*,*,#2748,.F.);
#3727=ORIENTED_EDGE('',*,*,#2749,.F.);
#3728=ORIENTED_EDGE('',*,*,#2745,.T.);
#3729=ORIENTED_EDGE('',*,*,#2750,.T.);
#3730=ORIENTED_EDGE('',*,*,#2751,.F.);
#3731=ORIENTED_EDGE('',*,*,#2752,.F.);
#3732=ORIENTED_EDGE('',*,*,#2748,.T.);
#3733=ORIENTED_EDGE('',*,*,#2753,.T.);
#3734=ORIENTED_EDGE('',*,*,#2754,.F.);
#3735=ORIENTED_EDGE('',*,*,#2755,.F.);
#3736=ORIENTED_EDGE('',*,*,#2751,.T.);
#3737=ORIENTED_EDGE('',*,*,#2754,.T.);
#3738=ORIENTED_EDGE('',*,*,#2756,.F.);
#3739=ORIENTED_EDGE('',*,*,#2757,.F.);
#3740=ORIENTED_EDGE('',*,*,#2758,.F.);
#3741=ORIENTED_EDGE('',*,*,#2743,.T.);
#3742=ORIENTED_EDGE('',*,*,#2759,.F.);
#3743=ORIENTED_EDGE('',*,*,#2760,.F.);
#3744=ORIENTED_EDGE('',*,*,#2761,.F.);
#3745=ORIENTED_EDGE('',*,*,#2762,.T.);
#3746=ORIENTED_EDGE('',*,*,#2763,.T.);
#3747=ORIENTED_EDGE('',*,*,#2764,.T.);
#3748=ORIENTED_EDGE('',*,*,#2765,.T.);
#3749=ORIENTED_EDGE('',*,*,#2766,.F.);
#3750=ORIENTED_EDGE('',*,*,#2767,.T.);
#3751=ORIENTED_EDGE('',*,*,#2765,.F.);
#3752=ORIENTED_EDGE('',*,*,#2768,.T.);
#3753=ORIENTED_EDGE('',*,*,#2769,.F.);
#3754=ORIENTED_EDGE('',*,*,#2770,.F.);
#3755=ORIENTED_EDGE('',*,*,#2764,.F.);
#3756=ORIENTED_EDGE('',*,*,#2771,.T.);
#3757=ORIENTED_EDGE('',*,*,#2772,.F.);
#3758=ORIENTED_EDGE('',*,*,#2773,.F.);
#3759=ORIENTED_EDGE('',*,*,#2774,.F.);
#3760=ORIENTED_EDGE('',*,*,#2775,.F.);
#3761=ORIENTED_EDGE('',*,*,#2776,.F.);
#3762=ORIENTED_EDGE('',*,*,#2768,.F.);
#3763=ORIENTED_EDGE('',*,*,#2763,.F.);
#3764=ORIENTED_EDGE('',*,*,#2777,.F.);
#3765=ORIENTED_EDGE('',*,*,#2778,.F.);
#3766=ORIENTED_EDGE('',*,*,#2779,.F.);
#3767=ORIENTED_EDGE('',*,*,#2771,.F.);
#3768=ORIENTED_EDGE('',*,*,#2780,.T.);
#3769=ORIENTED_EDGE('',*,*,#2781,.T.);
#3770=ORIENTED_EDGE('',*,*,#2772,.T.);
#3771=ORIENTED_EDGE('',*,*,#2779,.T.);
#3772=ORIENTED_EDGE('',*,*,#2782,.T.);
#3773=ORIENTED_EDGE('',*,*,#2783,.F.);
#3774=ORIENTED_EDGE('',*,*,#2782,.F.);
#3775=ORIENTED_EDGE('',*,*,#2778,.T.);
#3776=ORIENTED_EDGE('',*,*,#2784,.T.);
#3777=ORIENTED_EDGE('',*,*,#2785,.F.);
#3778=ORIENTED_EDGE('',*,*,#2786,.T.);
#3779=ORIENTED_EDGE('',*,*,#2787,.T.);
#3780=ORIENTED_EDGE('',*,*,#2788,.F.);
#3781=ORIENTED_EDGE('',*,*,#2789,.F.);
#3782=ORIENTED_EDGE('',*,*,#2787,.F.);
#3783=ORIENTED_EDGE('',*,*,#2790,.F.);
#3784=ORIENTED_EDGE('',*,*,#2791,.F.);
#3785=ORIENTED_EDGE('',*,*,#2792,.F.);
#3786=ORIENTED_EDGE('',*,*,#2793,.T.);
#3787=ORIENTED_EDGE('',*,*,#2794,.T.);
#3788=ORIENTED_EDGE('',*,*,#2774,.T.);
#3789=ORIENTED_EDGE('',*,*,#2795,.T.);
#3790=ORIENTED_EDGE('',*,*,#2796,.F.);
#3791=ORIENTED_EDGE('',*,*,#2797,.T.);
#3792=ORIENTED_EDGE('',*,*,#2794,.F.);
#3793=ORIENTED_EDGE('',*,*,#2798,.F.);
#3794=ORIENTED_EDGE('',*,*,#2799,.F.);
#3795=ORIENTED_EDGE('',*,*,#2800,.F.);
#3796=ORIENTED_EDGE('',*,*,#2775,.T.);
#3797=ORIENTED_EDGE('',*,*,#2793,.F.);
#3798=ORIENTED_EDGE('',*,*,#2801,.T.);
#3799=ORIENTED_EDGE('',*,*,#2802,.T.);
#3800=ORIENTED_EDGE('',*,*,#2791,.T.);
#3801=ORIENTED_EDGE('',*,*,#2803,.F.);
#3802=ORIENTED_EDGE('',*,*,#2804,.F.);
#3803=ORIENTED_EDGE('',*,*,#2805,.F.);
#3804=ORIENTED_EDGE('',*,*,#2798,.T.);
#3805=ORIENTED_EDGE('',*,*,#2806,.T.);
#3806=ORIENTED_EDGE('',*,*,#2769,.T.);
#3807=ORIENTED_EDGE('',*,*,#2776,.T.);
#3808=ORIENTED_EDGE('',*,*,#2800,.T.);
#3809=ORIENTED_EDGE('',*,*,#2807,.T.);
#3810=ORIENTED_EDGE('',*,*,#2808,.F.);
#3811=ORIENTED_EDGE('',*,*,#2807,.F.);
#3812=ORIENTED_EDGE('',*,*,#2799,.T.);
#3813=ORIENTED_EDGE('',*,*,#2805,.T.);
#3814=ORIENTED_EDGE('',*,*,#2809,.F.);
#3815=ORIENTED_EDGE('',*,*,#2810,.T.);
#3816=ORIENTED_EDGE('',*,*,#2811,.T.);
#3817=ORIENTED_EDGE('',*,*,#2812,.F.);
#3818=ORIENTED_EDGE('',*,*,#2813,.F.);
#3819=ORIENTED_EDGE('',*,*,#2811,.F.);
#3820=ORIENTED_EDGE('',*,*,#2814,.F.);
#3821=ORIENTED_EDGE('',*,*,#2815,.F.);
#3822=ORIENTED_EDGE('',*,*,#2816,.F.);
#3823=ORIENTED_EDGE('',*,*,#2762,.F.);
#3824=ORIENTED_EDGE('',*,*,#2817,.T.);
#3825=ORIENTED_EDGE('',*,*,#2818,.T.);
#3826=ORIENTED_EDGE('',*,*,#2815,.T.);
#3827=ORIENTED_EDGE('',*,*,#2819,.F.);
#3828=ORIENTED_EDGE('',*,*,#2820,.F.);
#3829=ORIENTED_EDGE('',*,*,#2784,.F.);
#3830=ORIENTED_EDGE('',*,*,#2777,.T.);
#3831=ORIENTED_EDGE('',*,*,#2821,.T.);
#3832=ORIENTED_EDGE('',*,*,#2732,.T.);
#3833=ORIENTED_EDGE('',*,*,#2822,.F.);
#3834=ORIENTED_EDGE('',*,*,#2801,.F.);
#3835=ORIENTED_EDGE('',*,*,#2797,.F.);
#3836=ORIENTED_EDGE('',*,*,#2823,.F.);
#3837=ORIENTED_EDGE('',*,*,#2808,.T.);
#3838=ORIENTED_EDGE('',*,*,#2813,.T.);
#3839=ORIENTED_EDGE('',*,*,#2824,.T.);
#3840=ORIENTED_EDGE('',*,*,#2760,.T.);
#3841=ORIENTED_EDGE('',*,*,#2825,.T.);
#3842=ORIENTED_EDGE('',*,*,#2757,.T.);
#3843=ORIENTED_EDGE('',*,*,#2826,.F.);
#3844=ORIENTED_EDGE('',*,*,#2817,.F.);
#3845=ORIENTED_EDGE('',*,*,#2767,.F.);
#3846=ORIENTED_EDGE('',*,*,#2789,.T.);
#3847=ORIENTED_EDGE('',*,*,#2827,.T.);
#3848=ORIENTED_EDGE('',*,*,#2729,.T.);
#3849=ORIENTED_EDGE('',*,*,#2828,.F.);
#3850=ORIENTED_EDGE('',*,*,#2783,.T.);
#3851=ORIENTED_EDGE('',*,*,#2829,.F.);
#3852=ORIENTED_EDGE('',*,*,#2785,.T.);
#3853=ORIENTED_EDGE('',*,*,#2820,.T.);
#3854=ORIENTED_EDGE('',*,*,#2830,.T.);
#3855=ORIENTED_EDGE('',*,*,#2735,.T.);
#3856=ORIENTED_EDGE('',*,*,#2770,.T.);
#3857=ORIENTED_EDGE('',*,*,#2806,.F.);
#3858=ORIENTED_EDGE('',*,*,#2823,.T.);
#3859=ORIENTED_EDGE('',*,*,#2759,.T.);
#3860=ORIENTED_EDGE('',*,*,#2742,.T.);
#3861=ORIENTED_EDGE('',*,*,#2746,.T.);
#3862=ORIENTED_EDGE('',*,*,#2749,.T.);
#3863=ORIENTED_EDGE('',*,*,#2752,.T.);
#3864=ORIENTED_EDGE('',*,*,#2755,.T.);
#3865=ORIENTED_EDGE('',*,*,#2758,.T.);
#3866=ORIENTED_EDGE('',*,*,#2825,.F.);
#3867=ORIENTED_EDGE('',*,*,#2766,.T.);
#3868=ORIENTED_EDGE('',*,*,#2816,.T.);
#3869=ORIENTED_EDGE('',*,*,#2818,.F.);
#3870=ORIENTED_EDGE('',*,*,#2826,.T.);
#3871=ORIENTED_EDGE('',*,*,#2756,.T.);
#3872=ORIENTED_EDGE('',*,*,#2753,.F.);
#3873=ORIENTED_EDGE('',*,*,#2750,.F.);
#3874=ORIENTED_EDGE('',*,*,#2747,.F.);
#3875=ORIENTED_EDGE('',*,*,#2744,.F.);
#3876=ORIENTED_EDGE('',*,*,#2740,.F.);
#3877=ORIENTED_EDGE('',*,*,#2761,.T.);
#3878=ORIENTED_EDGE('',*,*,#2824,.F.);
#3879=ORIENTED_EDGE('',*,*,#2812,.T.);
#3880=ORIENTED_EDGE('',*,*,#2781,.F.);
#3881=ORIENTED_EDGE('',*,*,#2831,.F.);
#3882=ORIENTED_EDGE('',*,*,#2795,.F.);
#3883=ORIENTED_EDGE('',*,*,#2773,.T.);
#3884=ORIENTED_EDGE('',*,*,#2792,.T.);
#3885=ORIENTED_EDGE('',*,*,#2802,.F.);
#3886=ORIENTED_EDGE('',*,*,#2822,.T.);
#3887=ORIENTED_EDGE('',*,*,#2731,.T.);
#3888=ORIENTED_EDGE('',*,*,#2698,.T.);
#3889=ORIENTED_EDGE('',*,*,#2702,.T.);
#3890=ORIENTED_EDGE('',*,*,#2705,.T.);
#3891=ORIENTED_EDGE('',*,*,#2708,.T.);
#3892=ORIENTED_EDGE('',*,*,#2711,.T.);
#3893=ORIENTED_EDGE('',*,*,#2730,.T.);
#3894=ORIENTED_EDGE('',*,*,#2827,.F.);
#3895=ORIENTED_EDGE('',*,*,#2788,.T.);
#3896=ORIENTED_EDGE('',*,*,#2831,.T.);
#3897=ORIENTED_EDGE('',*,*,#2780,.F.);
#3898=ORIENTED_EDGE('',*,*,#2828,.T.);
#3899=ORIENTED_EDGE('',*,*,#2728,.T.);
#3900=ORIENTED_EDGE('',*,*,#2709,.F.);
#3901=ORIENTED_EDGE('',*,*,#2706,.F.);
#3902=ORIENTED_EDGE('',*,*,#2703,.F.);
#3903=ORIENTED_EDGE('',*,*,#2700,.F.);
#3904=ORIENTED_EDGE('',*,*,#2696,.F.);
#3905=ORIENTED_EDGE('',*,*,#2733,.T.);
#3906=ORIENTED_EDGE('',*,*,#2821,.F.);
#3907=ORIENTED_EDGE('',*,*,#2796,.T.);
#3908=ORIENTED_EDGE('',*,*,#2814,.T.);
#3909=ORIENTED_EDGE('',*,*,#2810,.F.);
#3910=ORIENTED_EDGE('',*,*,#2832,.T.);
#3911=ORIENTED_EDGE('',*,*,#2737,.T.);
#3912=ORIENTED_EDGE('',*,*,#2714,.T.);
#3913=ORIENTED_EDGE('',*,*,#2718,.T.);
#3914=ORIENTED_EDGE('',*,*,#2721,.T.);
#3915=ORIENTED_EDGE('',*,*,#2724,.T.);
#3916=ORIENTED_EDGE('',*,*,#2727,.T.);
#3917=ORIENTED_EDGE('',*,*,#2736,.T.);
#3918=ORIENTED_EDGE('',*,*,#2830,.F.);
#3919=ORIENTED_EDGE('',*,*,#2819,.T.);
#3920=ORIENTED_EDGE('',*,*,#2790,.T.);
#3921=ORIENTED_EDGE('',*,*,#2786,.F.);
#3922=ORIENTED_EDGE('',*,*,#2829,.T.);
#3923=ORIENTED_EDGE('',*,*,#2734,.T.);
#3924=ORIENTED_EDGE('',*,*,#2725,.F.);
#3925=ORIENTED_EDGE('',*,*,#2722,.F.);
#3926=ORIENTED_EDGE('',*,*,#2719,.F.);
#3927=ORIENTED_EDGE('',*,*,#2716,.F.);
#3928=ORIENTED_EDGE('',*,*,#2712,.F.);
#3929=ORIENTED_EDGE('',*,*,#2739,.T.);
#3930=ORIENTED_EDGE('',*,*,#2833,.F.);
#3931=ORIENTED_EDGE('',*,*,#2803,.T.);
#3932=ORIENTED_EDGE('',*,*,#2832,.F.);
#3933=ORIENTED_EDGE('',*,*,#2809,.T.);
#3934=ORIENTED_EDGE('',*,*,#2804,.T.);
#3935=ORIENTED_EDGE('',*,*,#2833,.T.);
#3936=ORIENTED_EDGE('',*,*,#2738,.T.);
#3937=ORIENTED_EDGE('',*,*,#2834,.F.);
#3938=ORIENTED_EDGE('',*,*,#2835,.F.);
#3939=ORIENTED_EDGE('',*,*,#2836,.F.);
#3940=ORIENTED_EDGE('',*,*,#2837,.T.);
#3941=ORIENTED_EDGE('',*,*,#2838,.F.);
#3942=ORIENTED_EDGE('',*,*,#2839,.F.);
#3943=ORIENTED_EDGE('',*,*,#2840,.F.);
#3944=ORIENTED_EDGE('',*,*,#2841,.F.);
#3945=ORIENTED_EDGE('',*,*,#2842,.F.);
#3946=ORIENTED_EDGE('',*,*,#2843,.F.);
#3947=ORIENTED_EDGE('',*,*,#2844,.F.);
#3948=ORIENTED_EDGE('',*,*,#2845,.F.);
#3949=ORIENTED_EDGE('',*,*,#2846,.F.);
#3950=ORIENTED_EDGE('',*,*,#2847,.F.);
#3951=ORIENTED_EDGE('',*,*,#2848,.F.);
#3952=ORIENTED_EDGE('',*,*,#2849,.F.);
#3953=ORIENTED_EDGE('',*,*,#2850,.F.);
#3954=ORIENTED_EDGE('',*,*,#2849,.T.);
#3955=ORIENTED_EDGE('',*,*,#2851,.F.);
#3956=ORIENTED_EDGE('',*,*,#2852,.F.);
#3957=ORIENTED_EDGE('',*,*,#2853,.F.);
#3958=ORIENTED_EDGE('',*,*,#2837,.F.);
#3959=ORIENTED_EDGE('',*,*,#2854,.F.);
#3960=ORIENTED_EDGE('',*,*,#2839,.T.);
#3961=ORIENTED_EDGE('',*,*,#2855,.F.);
#3962=ORIENTED_EDGE('',*,*,#2841,.T.);
#3963=ORIENTED_EDGE('',*,*,#2856,.F.);
#3964=ORIENTED_EDGE('',*,*,#2843,.T.);
#3965=ORIENTED_EDGE('',*,*,#2857,.F.);
#3966=ORIENTED_EDGE('',*,*,#2845,.T.);
#3967=ORIENTED_EDGE('',*,*,#2858,.F.);
#3968=ORIENTED_EDGE('',*,*,#2847,.T.);
#3969=ORIENTED_EDGE('',*,*,#2835,.T.);
#3970=ORIENTED_EDGE('',*,*,#2859,.F.);
#3971=ORIENTED_EDGE('',*,*,#2860,.F.);
#3972=ORIENTED_EDGE('',*,*,#2861,.T.);
#3973=ORIENTED_EDGE('',*,*,#2834,.T.);
#3974=ORIENTED_EDGE('',*,*,#2853,.T.);
#3975=ORIENTED_EDGE('',*,*,#2838,.T.);
#3976=ORIENTED_EDGE('',*,*,#2855,.T.);
#3977=ORIENTED_EDGE('',*,*,#2842,.T.);
#3978=ORIENTED_EDGE('',*,*,#2857,.T.);
#3979=ORIENTED_EDGE('',*,*,#2846,.T.);
#3980=ORIENTED_EDGE('',*,*,#2850,.T.);
#3981=ORIENTED_EDGE('',*,*,#2862,.F.);
#3982=ORIENTED_EDGE('',*,*,#2863,.F.);
#3983=ORIENTED_EDGE('',*,*,#2859,.T.);
#3984=ORIENTED_EDGE('',*,*,#2864,.T.);
#3985=ORIENTED_EDGE('',*,*,#2865,.F.);
#3986=ORIENTED_EDGE('',*,*,#2866,.F.);
#3987=ORIENTED_EDGE('',*,*,#2867,.T.);
#3988=ORIENTED_EDGE('',*,*,#2868,.T.);
#3989=ORIENTED_EDGE('',*,*,#2869,.F.);
#3990=ORIENTED_EDGE('',*,*,#2870,.F.);
#3991=ORIENTED_EDGE('',*,*,#2865,.T.);
#3992=ORIENTED_EDGE('',*,*,#2871,.T.);
#3993=ORIENTED_EDGE('',*,*,#2872,.F.);
#3994=ORIENTED_EDGE('',*,*,#2873,.F.);
#3995=ORIENTED_EDGE('',*,*,#2869,.T.);
#3996=ORIENTED_EDGE('',*,*,#2874,.T.);
#3997=ORIENTED_EDGE('',*,*,#2867,.F.);
#3998=ORIENTED_EDGE('',*,*,#2875,.F.);
#3999=ORIENTED_EDGE('',*,*,#2872,.T.);
#4000=ORIENTED_EDGE('',*,*,#2864,.F.);
#4001=ORIENTED_EDGE('',*,*,#2874,.F.);
#4002=ORIENTED_EDGE('',*,*,#2871,.F.);
#4003=ORIENTED_EDGE('',*,*,#2868,.F.);
#4004=ORIENTED_EDGE('',*,*,#2876,.T.);
#4005=ORIENTED_EDGE('',*,*,#2877,.T.);
#4006=ORIENTED_EDGE('',*,*,#2878,.T.);
#4007=ORIENTED_EDGE('',*,*,#2879,.T.);
#4008=ORIENTED_EDGE('',*,*,#2880,.T.);
#4009=ORIENTED_EDGE('',*,*,#2881,.T.);
#4010=ORIENTED_EDGE('',*,*,#2860,.T.);
#4011=ORIENTED_EDGE('',*,*,#2863,.T.);
#4012=ORIENTED_EDGE('',*,*,#2882,.T.);
#4013=ORIENTED_EDGE('',*,*,#2883,.F.);
#4014=ORIENTED_EDGE('',*,*,#2877,.F.);
#4015=ORIENTED_EDGE('',*,*,#2884,.T.);
#4016=ORIENTED_EDGE('',*,*,#2885,.T.);
#4017=ORIENTED_EDGE('',*,*,#2886,.F.);
#4018=ORIENTED_EDGE('',*,*,#2878,.F.);
#4019=ORIENTED_EDGE('',*,*,#2883,.T.);
#4020=ORIENTED_EDGE('',*,*,#2887,.T.);
#4021=ORIENTED_EDGE('',*,*,#2888,.F.);
#4022=ORIENTED_EDGE('',*,*,#2879,.F.);
#4023=ORIENTED_EDGE('',*,*,#2886,.T.);
#4024=ORIENTED_EDGE('',*,*,#2889,.T.);
#4025=ORIENTED_EDGE('',*,*,#2884,.F.);
#4026=ORIENTED_EDGE('',*,*,#2876,.F.);
#4027=ORIENTED_EDGE('',*,*,#2888,.T.);
#4028=ORIENTED_EDGE('',*,*,#2882,.F.);
#4029=ORIENTED_EDGE('',*,*,#2889,.F.);
#4030=ORIENTED_EDGE('',*,*,#2887,.F.);
#4031=ORIENTED_EDGE('',*,*,#2885,.F.);
#4032=ORIENTED_EDGE('',*,*,#2866,.T.);
#4033=ORIENTED_EDGE('',*,*,#2870,.T.);
#4034=ORIENTED_EDGE('',*,*,#2873,.T.);
#4035=ORIENTED_EDGE('',*,*,#2875,.T.);
#4036=ORIENTED_EDGE('',*,*,#2852,.T.);
#4037=ORIENTED_EDGE('',*,*,#2890,.F.);
#4038=ORIENTED_EDGE('',*,*,#2880,.F.);
#4039=ORIENTED_EDGE('',*,*,#2862,.T.);
#4040=ORIENTED_EDGE('',*,*,#2836,.T.);
#4041=ORIENTED_EDGE('',*,*,#2861,.F.);
#4042=ORIENTED_EDGE('',*,*,#2881,.F.);
#4043=ORIENTED_EDGE('',*,*,#2890,.T.);
#4044=ORIENTED_EDGE('',*,*,#2851,.T.);
#4045=ORIENTED_EDGE('',*,*,#2848,.T.);
#4046=ORIENTED_EDGE('',*,*,#2858,.T.);
#4047=ORIENTED_EDGE('',*,*,#2844,.T.);
#4048=ORIENTED_EDGE('',*,*,#2856,.T.);
#4049=ORIENTED_EDGE('',*,*,#2840,.T.);
#4050=ORIENTED_EDGE('',*,*,#2854,.T.);
#4051=ORIENTED_EDGE('',*,*,#2891,.T.);
#4052=ORIENTED_EDGE('',*,*,#2892,.T.);
#4053=ORIENTED_EDGE('',*,*,#2893,.T.);
#4054=ORIENTED_EDGE('',*,*,#2894,.T.);
#4055=ORIENTED_EDGE('',*,*,#2893,.F.);
#4056=ORIENTED_EDGE('',*,*,#2895,.F.);
#4057=ORIENTED_EDGE('',*,*,#2896,.F.);
#4058=ORIENTED_EDGE('',*,*,#2897,.T.);
#4059=ORIENTED_EDGE('',*,*,#2898,.F.);
#4060=ORIENTED_EDGE('',*,*,#2899,.F.);
#4061=ORIENTED_EDGE('',*,*,#2900,.F.);
#4062=ORIENTED_EDGE('',*,*,#2901,.F.);
#4063=ORIENTED_EDGE('',*,*,#2902,.T.);
#4064=ORIENTED_EDGE('',*,*,#2903,.F.);
#4065=ORIENTED_EDGE('',*,*,#2904,.F.);
#4066=ORIENTED_EDGE('',*,*,#2905,.F.);
#4067=ORIENTED_EDGE('',*,*,#2906,.T.);
#4068=ORIENTED_EDGE('',*,*,#2907,.F.);
#4069=ORIENTED_EDGE('',*,*,#2908,.T.);
#4070=ORIENTED_EDGE('',*,*,#2909,.T.);
#4071=ORIENTED_EDGE('',*,*,#2910,.T.);
#4072=ORIENTED_EDGE('',*,*,#2911,.T.);
#4073=ORIENTED_EDGE('',*,*,#2912,.T.);
#4074=ORIENTED_EDGE('',*,*,#2913,.T.);
#4075=ORIENTED_EDGE('',*,*,#2892,.F.);
#4076=ORIENTED_EDGE('',*,*,#2914,.T.);
#4077=ORIENTED_EDGE('',*,*,#2915,.F.);
#4078=ORIENTED_EDGE('',*,*,#2895,.T.);
#4079=ORIENTED_EDGE('',*,*,#2896,.T.);
#4080=ORIENTED_EDGE('',*,*,#2915,.T.);
#4081=ORIENTED_EDGE('',*,*,#2916,.T.);
#4082=ORIENTED_EDGE('',*,*,#2917,.T.);
#4083=ORIENTED_EDGE('',*,*,#2918,.T.);
#4084=ORIENTED_EDGE('',*,*,#2919,.T.);
#4085=ORIENTED_EDGE('',*,*,#2920,.T.);
#4086=ORIENTED_EDGE('',*,*,#2921,.T.);
#4087=ORIENTED_EDGE('',*,*,#2921,.F.);
#4088=ORIENTED_EDGE('',*,*,#2922,.F.);
#4089=ORIENTED_EDGE('',*,*,#2923,.F.);
#4090=ORIENTED_EDGE('',*,*,#2924,.F.);
#4091=ORIENTED_EDGE('',*,*,#2920,.F.);
#4092=ORIENTED_EDGE('',*,*,#2925,.F.);
#4093=ORIENTED_EDGE('',*,*,#2926,.F.);
#4094=ORIENTED_EDGE('',*,*,#2927,.F.);
#4095=ORIENTED_EDGE('',*,*,#2928,.T.);
#4096=ORIENTED_EDGE('',*,*,#2929,.F.);
#4097=ORIENTED_EDGE('',*,*,#2930,.F.);
#4098=ORIENTED_EDGE('',*,*,#2931,.F.);
#4099=ORIENTED_EDGE('',*,*,#2932,.T.);
#4100=ORIENTED_EDGE('',*,*,#2933,.F.);
#4101=ORIENTED_EDGE('',*,*,#2934,.T.);
#4102=ORIENTED_EDGE('',*,*,#2935,.T.);
#4103=ORIENTED_EDGE('',*,*,#2936,.F.);
#4104=ORIENTED_EDGE('',*,*,#2937,.F.);
#4105=ORIENTED_EDGE('',*,*,#2938,.F.);
#4106=ORIENTED_EDGE('',*,*,#2922,.T.);
#4107=ORIENTED_EDGE('',*,*,#2939,.T.);
#4108=ORIENTED_EDGE('',*,*,#2940,.T.);
#4109=ORIENTED_EDGE('',*,*,#2941,.T.);
#4110=ORIENTED_EDGE('',*,*,#2942,.T.);
#4111=ORIENTED_EDGE('',*,*,#2926,.T.);
#4112=ORIENTED_EDGE('',*,*,#2943,.T.);
#4113=ORIENTED_EDGE('',*,*,#2944,.T.);
#4114=ORIENTED_EDGE('',*,*,#2945,.T.);
#4115=ORIENTED_EDGE('',*,*,#2945,.F.);
#4116=ORIENTED_EDGE('',*,*,#2946,.F.);
#4117=ORIENTED_EDGE('',*,*,#2947,.F.);
#4118=ORIENTED_EDGE('',*,*,#2927,.T.);
#4119=ORIENTED_EDGE('',*,*,#2918,.F.);
#4120=ORIENTED_EDGE('',*,*,#2924,.T.);
#4121=ORIENTED_EDGE('',*,*,#2948,.F.);
#4122=ORIENTED_EDGE('',*,*,#2949,.F.);
#4123=ORIENTED_EDGE('',*,*,#2950,.F.);
#4124=ORIENTED_EDGE('',*,*,#2951,.F.);
#4125=ORIENTED_EDGE('',*,*,#2952,.F.);
#4126=ORIENTED_EDGE('',*,*,#2953,.F.);
#4127=ORIENTED_EDGE('',*,*,#2954,.F.);
#4128=ORIENTED_EDGE('',*,*,#2955,.F.);
#4129=ORIENTED_EDGE('',*,*,#2956,.F.);
#4130=ORIENTED_EDGE('',*,*,#2957,.F.);
#4131=ORIENTED_EDGE('',*,*,#2958,.F.);
#4132=ORIENTED_EDGE('',*,*,#2946,.T.);
#4133=ORIENTED_EDGE('',*,*,#2944,.F.);
#4134=ORIENTED_EDGE('',*,*,#2959,.F.);
#4135=ORIENTED_EDGE('',*,*,#2960,.T.);
#4136=ORIENTED_EDGE('',*,*,#2961,.T.);
#4137=ORIENTED_EDGE('',*,*,#2962,.T.);
#4138=ORIENTED_EDGE('',*,*,#2963,.T.);
#4139=ORIENTED_EDGE('',*,*,#2964,.T.);
#4140=ORIENTED_EDGE('',*,*,#2965,.T.);
#4141=ORIENTED_EDGE('',*,*,#2898,.T.);
#4142=ORIENTED_EDGE('',*,*,#2966,.T.);
#4143=ORIENTED_EDGE('',*,*,#2965,.F.);
#4144=ORIENTED_EDGE('',*,*,#2967,.T.);
#4145=ORIENTED_EDGE('',*,*,#2968,.F.);
#4146=ORIENTED_EDGE('',*,*,#2899,.T.);
#4147=ORIENTED_EDGE('',*,*,#2900,.T.);
#4148=ORIENTED_EDGE('',*,*,#2968,.T.);
#4149=ORIENTED_EDGE('',*,*,#2969,.T.);
#4150=ORIENTED_EDGE('',*,*,#2970,.T.);
#4151=ORIENTED_EDGE('',*,*,#2938,.T.);
#4152=ORIENTED_EDGE('',*,*,#2971,.T.);
#4153=ORIENTED_EDGE('',*,*,#2948,.T.);
#4154=ORIENTED_EDGE('',*,*,#2923,.T.);
#4155=ORIENTED_EDGE('',*,*,#2971,.F.);
#4156=ORIENTED_EDGE('',*,*,#2937,.T.);
#4157=ORIENTED_EDGE('',*,*,#2972,.F.);
#4158=ORIENTED_EDGE('',*,*,#2949,.T.);
#4159=ORIENTED_EDGE('',*,*,#2950,.T.);
#4160=ORIENTED_EDGE('',*,*,#2972,.T.);
#4161=ORIENTED_EDGE('',*,*,#2936,.T.);
#4162=ORIENTED_EDGE('',*,*,#2973,.T.);
#4163=ORIENTED_EDGE('',*,*,#2973,.F.);
#4164=ORIENTED_EDGE('',*,*,#2935,.F.);
#4165=ORIENTED_EDGE('',*,*,#2974,.F.);
#4166=ORIENTED_EDGE('',*,*,#2951,.T.);
#4167=ORIENTED_EDGE('',*,*,#2907,.T.);
#4168=ORIENTED_EDGE('',*,*,#2975,.T.);
#4169=ORIENTED_EDGE('',*,*,#2976,.T.);
#4170=ORIENTED_EDGE('',*,*,#2977,.T.);
#4171=ORIENTED_EDGE('',*,*,#2975,.F.);
#4172=ORIENTED_EDGE('',*,*,#2906,.F.);
#4173=ORIENTED_EDGE('',*,*,#2978,.F.);
#4174=ORIENTED_EDGE('',*,*,#2979,.T.);
#4175=ORIENTED_EDGE('',*,*,#2980,.T.);
#4176=ORIENTED_EDGE('',*,*,#2981,.T.);
#4177=ORIENTED_EDGE('',*,*,#2957,.T.);
#4178=ORIENTED_EDGE('',*,*,#2982,.T.);
#4179=ORIENTED_EDGE('',*,*,#2929,.T.);
#4180=ORIENTED_EDGE('',*,*,#2983,.T.);
#4181=ORIENTED_EDGE('',*,*,#2983,.F.);
#4182=ORIENTED_EDGE('',*,*,#2928,.F.);
#4183=ORIENTED_EDGE('',*,*,#2947,.T.);
#4184=ORIENTED_EDGE('',*,*,#2958,.T.);
#4185=ORIENTED_EDGE('',*,*,#2933,.T.);
#4186=ORIENTED_EDGE('',*,*,#2984,.T.);
#4187=ORIENTED_EDGE('',*,*,#2953,.T.);
#4188=ORIENTED_EDGE('',*,*,#2985,.T.);
#4189=ORIENTED_EDGE('',*,*,#2984,.F.);
#4190=ORIENTED_EDGE('',*,*,#2932,.F.);
#4191=ORIENTED_EDGE('',*,*,#2986,.F.);
#4192=ORIENTED_EDGE('',*,*,#2987,.T.);
#4193=ORIENTED_EDGE('',*,*,#2988,.T.);
#4194=ORIENTED_EDGE('',*,*,#2954,.T.);
#4195=ORIENTED_EDGE('',*,*,#2989,.T.);
#4196=ORIENTED_EDGE('',*,*,#2990,.T.);
#4197=ORIENTED_EDGE('',*,*,#2903,.T.);
#4198=ORIENTED_EDGE('',*,*,#2991,.T.);
#4199=ORIENTED_EDGE('',*,*,#2990,.F.);
#4200=ORIENTED_EDGE('',*,*,#2992,.T.);
#4201=ORIENTED_EDGE('',*,*,#2993,.T.);
#4202=ORIENTED_EDGE('',*,*,#2994,.T.);
#4203=ORIENTED_EDGE('',*,*,#2995,.F.);
#4204=ORIENTED_EDGE('',*,*,#2904,.T.);
#4205=ORIENTED_EDGE('',*,*,#2912,.F.);
#4206=ORIENTED_EDGE('',*,*,#2996,.F.);
#4207=ORIENTED_EDGE('',*,*,#2997,.F.);
#4208=ORIENTED_EDGE('',*,*,#2998,.T.);
#4209=ORIENTED_EDGE('',*,*,#2962,.F.);
#4210=ORIENTED_EDGE('',*,*,#2999,.F.);
#4211=ORIENTED_EDGE('',*,*,#2941,.F.);
#4212=ORIENTED_EDGE('',*,*,#3000,.T.);
#4213=ORIENTED_EDGE('',*,*,#2913,.F.);
#4214=ORIENTED_EDGE('',*,*,#2998,.F.);
#4215=ORIENTED_EDGE('',*,*,#3001,.F.);
#4216=ORIENTED_EDGE('',*,*,#3002,.T.);
#4217=ORIENTED_EDGE('',*,*,#2963,.F.);
#4218=ORIENTED_EDGE('',*,*,#3000,.F.);
#4219=ORIENTED_EDGE('',*,*,#2940,.F.);
#4220=ORIENTED_EDGE('',*,*,#3003,.T.);
#4221=ORIENTED_EDGE('',*,*,#2911,.F.);
#4222=ORIENTED_EDGE('',*,*,#3004,.F.);
#4223=ORIENTED_EDGE('',*,*,#3005,.F.);
#4224=ORIENTED_EDGE('',*,*,#2996,.T.);
#4225=ORIENTED_EDGE('',*,*,#2910,.F.);
#4226=ORIENTED_EDGE('',*,*,#3002,.F.);
#4227=ORIENTED_EDGE('',*,*,#3006,.F.);
#4228=ORIENTED_EDGE('',*,*,#3004,.T.);
#4229=ORIENTED_EDGE('',*,*,#2960,.F.);
#4230=ORIENTED_EDGE('',*,*,#3003,.F.);
#4231=ORIENTED_EDGE('',*,*,#2939,.F.);
#4232=ORIENTED_EDGE('',*,*,#3007,.T.);
#4233=ORIENTED_EDGE('',*,*,#2961,.F.);
#4234=ORIENTED_EDGE('',*,*,#3007,.F.);
#4235=ORIENTED_EDGE('',*,*,#2942,.F.);
#4236=ORIENTED_EDGE('',*,*,#2999,.T.);
#4237=ORIENTED_EDGE('',*,*,#3008,.T.);
#4238=ORIENTED_EDGE('',*,*,#3009,.T.);
#4239=ORIENTED_EDGE('',*,*,#3010,.T.);
#4240=ORIENTED_EDGE('',*,*,#3011,.T.);
#4241=ORIENTED_EDGE('',*,*,#3011,.F.);
#4242=ORIENTED_EDGE('',*,*,#3012,.T.);
#4243=ORIENTED_EDGE('',*,*,#3013,.T.);
#4244=ORIENTED_EDGE('',*,*,#3014,.T.);
#4245=ORIENTED_EDGE('',*,*,#3010,.F.);
#4246=ORIENTED_EDGE('',*,*,#3015,.F.);
#4247=ORIENTED_EDGE('',*,*,#3016,.F.);
#4248=ORIENTED_EDGE('',*,*,#3017,.F.);
#4249=ORIENTED_EDGE('',*,*,#3018,.T.);
#4250=ORIENTED_EDGE('',*,*,#3019,.T.);
#4251=ORIENTED_EDGE('',*,*,#3012,.F.);
#4252=ORIENTED_EDGE('',*,*,#3020,.T.);
#4253=ORIENTED_EDGE('',*,*,#3021,.T.);
#4254=ORIENTED_EDGE('',*,*,#3022,.T.);
#4255=ORIENTED_EDGE('',*,*,#3023,.T.);
#4256=ORIENTED_EDGE('',*,*,#3020,.F.);
#4257=ORIENTED_EDGE('',*,*,#3024,.F.);
#4258=ORIENTED_EDGE('',*,*,#3025,.F.);
#4259=ORIENTED_EDGE('',*,*,#3026,.F.);
#4260=ORIENTED_EDGE('',*,*,#3027,.F.);
#4261=ORIENTED_EDGE('',*,*,#3023,.F.);
#4262=ORIENTED_EDGE('',*,*,#3028,.T.);
#4263=ORIENTED_EDGE('',*,*,#2979,.F.);
#4264=ORIENTED_EDGE('',*,*,#3029,.F.);
#4265=ORIENTED_EDGE('',*,*,#2994,.F.);
#4266=ORIENTED_EDGE('',*,*,#3030,.T.);
#4267=ORIENTED_EDGE('',*,*,#3031,.F.);
#4268=ORIENTED_EDGE('',*,*,#3032,.T.);
#4269=ORIENTED_EDGE('',*,*,#2987,.F.);
#4270=ORIENTED_EDGE('',*,*,#3033,.F.);
#4271=ORIENTED_EDGE('',*,*,#3034,.F.);
#4272=ORIENTED_EDGE('',*,*,#3024,.T.);
#4273=ORIENTED_EDGE('',*,*,#3035,.T.);
#4274=ORIENTED_EDGE('',*,*,#3036,.T.);
#4275=ORIENTED_EDGE('',*,*,#3037,.T.);
#4276=ORIENTED_EDGE('',*,*,#3038,.T.);
#4277=ORIENTED_EDGE('',*,*,#3039,.T.);
#4278=ORIENTED_EDGE('',*,*,#3040,.T.);
#4279=ORIENTED_EDGE('',*,*,#3041,.T.);
#4280=ORIENTED_EDGE('',*,*,#3042,.T.);
#4281=ORIENTED_EDGE('',*,*,#3042,.F.);
#4282=ORIENTED_EDGE('',*,*,#3043,.T.);
#4283=ORIENTED_EDGE('',*,*,#3044,.F.);
#4284=ORIENTED_EDGE('',*,*,#3045,.T.);
#4285=ORIENTED_EDGE('',*,*,#3041,.F.);
#4286=ORIENTED_EDGE('',*,*,#3046,.F.);
#4287=ORIENTED_EDGE('',*,*,#3047,.F.);
#4288=ORIENTED_EDGE('',*,*,#3048,.F.);
#4289=ORIENTED_EDGE('',*,*,#3049,.T.);
#4290=ORIENTED_EDGE('',*,*,#3050,.F.);
#4291=ORIENTED_EDGE('',*,*,#3043,.F.);
#4292=ORIENTED_EDGE('',*,*,#3051,.T.);
#4293=ORIENTED_EDGE('',*,*,#3052,.T.);
#4294=ORIENTED_EDGE('',*,*,#3053,.T.);
#4295=ORIENTED_EDGE('',*,*,#3031,.T.);
#4296=ORIENTED_EDGE('',*,*,#3051,.F.);
#4297=ORIENTED_EDGE('',*,*,#3030,.F.);
#4298=ORIENTED_EDGE('',*,*,#2993,.F.);
#4299=ORIENTED_EDGE('',*,*,#3054,.F.);
#4300=ORIENTED_EDGE('',*,*,#3055,.F.);
#4301=ORIENTED_EDGE('',*,*,#2978,.T.);
#4302=ORIENTED_EDGE('',*,*,#2905,.T.);
#4303=ORIENTED_EDGE('',*,*,#2995,.T.);
#4304=ORIENTED_EDGE('',*,*,#3029,.T.);
#4305=ORIENTED_EDGE('',*,*,#2986,.T.);
#4306=ORIENTED_EDGE('',*,*,#2931,.T.);
#4307=ORIENTED_EDGE('',*,*,#3056,.T.);
#4308=ORIENTED_EDGE('',*,*,#3033,.T.);
#4309=ORIENTED_EDGE('',*,*,#3053,.F.);
#4310=ORIENTED_EDGE('',*,*,#3057,.F.);
#4311=ORIENTED_EDGE('',*,*,#3058,.F.);
#4312=ORIENTED_EDGE('',*,*,#2988,.F.);
#4313=ORIENTED_EDGE('',*,*,#3032,.F.);
#4314=ORIENTED_EDGE('',*,*,#3022,.F.);
#4315=ORIENTED_EDGE('',*,*,#3059,.F.);
#4316=ORIENTED_EDGE('',*,*,#3060,.F.);
#4317=ORIENTED_EDGE('',*,*,#2980,.F.);
#4318=ORIENTED_EDGE('',*,*,#3028,.F.);
#4319=ORIENTED_EDGE('',*,*,#2982,.F.);
#4320=ORIENTED_EDGE('',*,*,#2956,.T.);
#4321=ORIENTED_EDGE('',*,*,#3025,.T.);
#4322=ORIENTED_EDGE('',*,*,#3034,.T.);
#4323=ORIENTED_EDGE('',*,*,#3056,.F.);
#4324=ORIENTED_EDGE('',*,*,#2930,.T.);
#4325=ORIENTED_EDGE('',*,*,#2917,.F.);
#4326=ORIENTED_EDGE('',*,*,#3061,.F.);
#4327=ORIENTED_EDGE('',*,*,#2966,.F.);
#4328=ORIENTED_EDGE('',*,*,#2897,.F.);
#4329=ORIENTED_EDGE('',*,*,#2919,.F.);
#4330=ORIENTED_EDGE('',*,*,#2959,.T.);
#4331=ORIENTED_EDGE('',*,*,#2943,.F.);
#4332=ORIENTED_EDGE('',*,*,#2925,.T.);
#4333=ORIENTED_EDGE('',*,*,#2894,.F.);
#4334=ORIENTED_EDGE('',*,*,#2909,.F.);
#4335=ORIENTED_EDGE('',*,*,#3062,.F.);
#4336=ORIENTED_EDGE('',*,*,#3063,.T.);
#4337=ORIENTED_EDGE('',*,*,#2970,.F.);
#4338=ORIENTED_EDGE('',*,*,#3064,.F.);
#4339=ORIENTED_EDGE('',*,*,#3065,.F.);
#4340=ORIENTED_EDGE('',*,*,#2901,.T.);
#4341=ORIENTED_EDGE('',*,*,#2977,.F.);
#4342=ORIENTED_EDGE('',*,*,#3066,.T.);
#4343=ORIENTED_EDGE('',*,*,#3062,.T.);
#4344=ORIENTED_EDGE('',*,*,#2908,.F.);
#4345=ORIENTED_EDGE('',*,*,#2991,.F.);
#4346=ORIENTED_EDGE('',*,*,#2902,.F.);
#4347=ORIENTED_EDGE('',*,*,#3065,.T.);
#4348=ORIENTED_EDGE('',*,*,#3067,.T.);
#4349=ORIENTED_EDGE('',*,*,#2985,.F.);
#4350=ORIENTED_EDGE('',*,*,#2952,.T.);
#4351=ORIENTED_EDGE('',*,*,#2974,.T.);
#4352=ORIENTED_EDGE('',*,*,#2934,.F.);
#4353=ORIENTED_EDGE('',*,*,#3068,.F.);
#4354=ORIENTED_EDGE('',*,*,#3049,.F.);
#4355=ORIENTED_EDGE('',*,*,#3069,.F.);
#4356=ORIENTED_EDGE('',*,*,#3070,.T.);
#4357=ORIENTED_EDGE('',*,*,#3044,.T.);
#4358=ORIENTED_EDGE('',*,*,#3050,.T.);
#4359=ORIENTED_EDGE('',*,*,#3068,.T.);
#4360=ORIENTED_EDGE('',*,*,#3071,.T.);
#4361=ORIENTED_EDGE('',*,*,#3069,.T.);
#4362=ORIENTED_EDGE('',*,*,#3048,.T.);
#4363=ORIENTED_EDGE('',*,*,#3072,.F.);
#4364=ORIENTED_EDGE('',*,*,#3073,.F.);
#4365=ORIENTED_EDGE('',*,*,#3074,.T.);
#4366=ORIENTED_EDGE('',*,*,#3018,.F.);
#4367=ORIENTED_EDGE('',*,*,#3075,.F.);
#4368=ORIENTED_EDGE('',*,*,#3076,.T.);
#4369=ORIENTED_EDGE('',*,*,#3013,.F.);
#4370=ORIENTED_EDGE('',*,*,#3019,.F.);
#4371=ORIENTED_EDGE('',*,*,#3074,.F.);
#4372=ORIENTED_EDGE('',*,*,#3077,.F.);
#4373=ORIENTED_EDGE('',*,*,#3075,.T.);
#4374=ORIENTED_EDGE('',*,*,#3017,.T.);
#4375=ORIENTED_EDGE('',*,*,#3078,.F.);
#4376=ORIENTED_EDGE('',*,*,#3079,.F.);
#4377=ORIENTED_EDGE('',*,*,#3039,.F.);
#4378=ORIENTED_EDGE('',*,*,#3045,.F.);
#4379=ORIENTED_EDGE('',*,*,#3071,.F.);
#4380=ORIENTED_EDGE('',*,*,#3070,.F.);
#4381=ORIENTED_EDGE('',*,*,#3073,.T.);
#4382=ORIENTED_EDGE('',*,*,#3080,.F.);
#4383=ORIENTED_EDGE('',*,*,#3081,.F.);
#4384=ORIENTED_EDGE('',*,*,#2891,.F.);
#4385=ORIENTED_EDGE('',*,*,#3063,.F.);
#4386=ORIENTED_EDGE('',*,*,#3066,.F.);
#4387=ORIENTED_EDGE('',*,*,#2976,.F.);
#4388=ORIENTED_EDGE('',*,*,#2981,.F.);
#4389=ORIENTED_EDGE('',*,*,#3082,.F.);
#4390=ORIENTED_EDGE('',*,*,#2992,.F.);
#4391=ORIENTED_EDGE('',*,*,#2989,.F.);
#4392=ORIENTED_EDGE('',*,*,#3067,.F.);
#4393=ORIENTED_EDGE('',*,*,#3064,.T.);
#4394=ORIENTED_EDGE('',*,*,#2969,.F.);
#4395=ORIENTED_EDGE('',*,*,#2967,.F.);
#4396=ORIENTED_EDGE('',*,*,#2964,.F.);
#4397=ORIENTED_EDGE('',*,*,#3061,.T.);
#4398=ORIENTED_EDGE('',*,*,#2916,.F.);
#4399=ORIENTED_EDGE('',*,*,#2914,.F.);
#4400=ORIENTED_EDGE('',*,*,#3006,.T.);
#4401=ORIENTED_EDGE('',*,*,#3001,.T.);
#4402=ORIENTED_EDGE('',*,*,#2997,.T.);
#4403=ORIENTED_EDGE('',*,*,#3005,.T.);
#4404=ORIENTED_EDGE('',*,*,#3008,.F.);
#4405=ORIENTED_EDGE('',*,*,#3014,.F.);
#4406=ORIENTED_EDGE('',*,*,#3077,.T.);
#4407=ORIENTED_EDGE('',*,*,#3076,.F.);
#4408=ORIENTED_EDGE('',*,*,#3079,.T.);
#4409=ORIENTED_EDGE('',*,*,#3083,.F.);
#4410=ORIENTED_EDGE('',*,*,#3084,.F.);
#4411=ORIENTED_EDGE('',*,*,#3058,.T.);
#4412=ORIENTED_EDGE('',*,*,#3080,.T.);
#4413=ORIENTED_EDGE('',*,*,#3072,.T.);
#4414=ORIENTED_EDGE('',*,*,#3047,.T.);
#4415=ORIENTED_EDGE('',*,*,#3054,.T.);
#4416=ORIENTED_EDGE('',*,*,#3082,.T.);
#4417=ORIENTED_EDGE('',*,*,#3060,.T.);
#4418=ORIENTED_EDGE('',*,*,#3083,.T.);
#4419=ORIENTED_EDGE('',*,*,#3078,.T.);
#4420=ORIENTED_EDGE('',*,*,#3016,.T.);
#4421=ORIENTED_EDGE('',*,*,#3026,.T.);
#4422=ORIENTED_EDGE('',*,*,#2955,.T.);
#4423=ORIENTED_EDGE('',*,*,#3085,.F.);
#4424=ORIENTED_EDGE('',*,*,#3086,.F.);
#4425=ORIENTED_EDGE('',*,*,#3087,.F.);
#4426=ORIENTED_EDGE('',*,*,#3088,.F.);
#4427=ORIENTED_EDGE('',*,*,#3088,.T.);
#4428=ORIENTED_EDGE('',*,*,#3089,.F.);
#4429=ORIENTED_EDGE('',*,*,#3037,.F.);
#4430=ORIENTED_EDGE('',*,*,#3090,.T.);
#4431=ORIENTED_EDGE('',*,*,#3087,.T.);
#4432=ORIENTED_EDGE('',*,*,#3091,.F.);
#4433=ORIENTED_EDGE('',*,*,#3038,.F.);
#4434=ORIENTED_EDGE('',*,*,#3089,.T.);
#4435=ORIENTED_EDGE('',*,*,#3086,.T.);
#4436=ORIENTED_EDGE('',*,*,#3092,.F.);
#4437=ORIENTED_EDGE('',*,*,#3035,.F.);
#4438=ORIENTED_EDGE('',*,*,#3091,.T.);
#4439=ORIENTED_EDGE('',*,*,#3085,.T.);
#4440=ORIENTED_EDGE('',*,*,#3090,.F.);
#4441=ORIENTED_EDGE('',*,*,#3036,.F.);
#4442=ORIENTED_EDGE('',*,*,#3092,.T.);
#4443=ORIENTED_EDGE('',*,*,#3040,.F.);
#4444=ORIENTED_EDGE('',*,*,#3081,.T.);
#4445=ORIENTED_EDGE('',*,*,#3057,.T.);
#4446=ORIENTED_EDGE('',*,*,#3052,.F.);
#4447=ORIENTED_EDGE('',*,*,#3055,.T.);
#4448=ORIENTED_EDGE('',*,*,#3046,.T.);
#4449=ORIENTED_EDGE('',*,*,#3009,.F.);
#4450=ORIENTED_EDGE('',*,*,#3084,.T.);
#4451=ORIENTED_EDGE('',*,*,#3059,.T.);
#4452=ORIENTED_EDGE('',*,*,#3021,.F.);
#4453=ORIENTED_EDGE('',*,*,#3027,.T.);
#4454=ORIENTED_EDGE('',*,*,#3015,.T.);
#4455=ORIENTED_EDGE('',*,*,#3093,.F.);
#4456=ORIENTED_EDGE('',*,*,#3094,.F.);
#4457=ORIENTED_EDGE('',*,*,#3095,.F.);
#4458=ORIENTED_EDGE('',*,*,#3096,.T.);
#4459=ORIENTED_EDGE('',*,*,#3097,.F.);
#4460=ORIENTED_EDGE('',*,*,#3096,.F.);
#4461=ORIENTED_EDGE('',*,*,#3098,.F.);
#4462=ORIENTED_EDGE('',*,*,#3099,.T.);
#4463=ORIENTED_EDGE('',*,*,#3100,.F.);
#4464=ORIENTED_EDGE('',*,*,#3099,.F.);
#4465=ORIENTED_EDGE('',*,*,#3101,.F.);
#4466=ORIENTED_EDGE('',*,*,#3102,.T.);
#4467=ORIENTED_EDGE('',*,*,#3103,.F.);
#4468=ORIENTED_EDGE('',*,*,#3102,.F.);
#4469=ORIENTED_EDGE('',*,*,#3104,.F.);
#4470=ORIENTED_EDGE('',*,*,#3094,.T.);
#4471=ORIENTED_EDGE('',*,*,#3105,.T.);
#4472=ORIENTED_EDGE('',*,*,#3106,.F.);
#4473=ORIENTED_EDGE('',*,*,#3107,.F.);
#4474=ORIENTED_EDGE('',*,*,#3108,.T.);
#4475=ORIENTED_EDGE('',*,*,#3109,.T.);
#4476=ORIENTED_EDGE('',*,*,#3110,.F.);
#4477=ORIENTED_EDGE('',*,*,#3111,.F.);
#4478=ORIENTED_EDGE('',*,*,#3106,.T.);
#4479=ORIENTED_EDGE('',*,*,#3112,.T.);
#4480=ORIENTED_EDGE('',*,*,#3113,.F.);
#4481=ORIENTED_EDGE('',*,*,#3114,.F.);
#4482=ORIENTED_EDGE('',*,*,#3110,.T.);
#4483=ORIENTED_EDGE('',*,*,#3115,.T.);
#4484=ORIENTED_EDGE('',*,*,#3108,.F.);
#4485=ORIENTED_EDGE('',*,*,#3116,.F.);
#4486=ORIENTED_EDGE('',*,*,#3113,.T.);
#4487=ORIENTED_EDGE('',*,*,#3105,.F.);
#4488=ORIENTED_EDGE('',*,*,#3115,.F.);
#4489=ORIENTED_EDGE('',*,*,#3112,.F.);
#4490=ORIENTED_EDGE('',*,*,#3109,.F.);
#4491=ORIENTED_EDGE('',*,*,#3093,.T.);
#4492=ORIENTED_EDGE('',*,*,#3097,.T.);
#4493=ORIENTED_EDGE('',*,*,#3100,.T.);
#4494=ORIENTED_EDGE('',*,*,#3103,.T.);
#4495=ORIENTED_EDGE('',*,*,#3116,.T.);
#4496=ORIENTED_EDGE('',*,*,#3107,.T.);
#4497=ORIENTED_EDGE('',*,*,#3111,.T.);
#4498=ORIENTED_EDGE('',*,*,#3114,.T.);
#4499=ORIENTED_EDGE('',*,*,#3095,.T.);
#4500=ORIENTED_EDGE('',*,*,#3104,.T.);
#4501=ORIENTED_EDGE('',*,*,#3101,.T.);
#4502=ORIENTED_EDGE('',*,*,#3098,.T.);
#4503=CYLINDRICAL_SURFACE('',#4856,0.0118110236220472);
#4504=CYLINDRICAL_SURFACE('',#4859,0.0118110236220472);
#4505=CYLINDRICAL_SURFACE('',#4864,0.0118110236220472);
#4506=CYLINDRICAL_SURFACE('',#4869,0.0118110236220472);
#4507=CYLINDRICAL_SURFACE('',#4876,0.0118110236220473);
#4508=CYLINDRICAL_SURFACE('',#4879,0.0118110236220472);
#4509=CYLINDRICAL_SURFACE('',#4883,0.0118110236220472);
#4510=CYLINDRICAL_SURFACE('',#4886,0.0118110236220472);
#4511=CYLINDRICAL_SURFACE('',#4891,0.0118110236220472);
#4512=CYLINDRICAL_SURFACE('',#4896,0.0118110236220472);
#4513=CYLINDRICAL_SURFACE('',#4903,0.0118110236220473);
#4514=CYLINDRICAL_SURFACE('',#4905,0.0118110236220472);
#4515=CYLINDRICAL_SURFACE('',#4909,0.0118110236220472);
#4516=CYLINDRICAL_SURFACE('',#4912,0.0118110236220472);
#4517=CYLINDRICAL_SURFACE('',#4917,0.0118110236220472);
#4518=CYLINDRICAL_SURFACE('',#4922,0.0118110236220472);
#4519=CYLINDRICAL_SURFACE('',#4929,0.0118110236220473);
#4520=CYLINDRICAL_SURFACE('',#4932,0.0118110236220472);
#4521=CYLINDRICAL_SURFACE('',#4936,0.0118110236220472);
#4522=CYLINDRICAL_SURFACE('',#4939,0.0118110236220472);
#4523=CYLINDRICAL_SURFACE('',#4944,0.0118110236220472);
#4524=CYLINDRICAL_SURFACE('',#4949,0.0118110236220472);
#4525=CYLINDRICAL_SURFACE('',#4956,0.0118110236220473);
#4526=CYLINDRICAL_SURFACE('',#4959,0.0118110236220473);
#4527=CYLINDRICAL_SURFACE('',#4973,0.0118110236220473);
#4528=CYLINDRICAL_SURFACE('',#4976,0.0118110236220473);
#4529=CYLINDRICAL_SURFACE('',#4978,0.0118110236220472);
#4530=CYLINDRICAL_SURFACE('',#4980,0.0118110236220472);
#4531=CYLINDRICAL_SURFACE('',#4982,0.0118110236220473);
#4532=CYLINDRICAL_SURFACE('',#4985,0.0118110236220472);
#4533=CYLINDRICAL_SURFACE('',#4987,0.0118110236220472);
#4534=CYLINDRICAL_SURFACE('',#4990,0.0118110236220473);
#4535=CYLINDRICAL_SURFACE('',#5031,0.00984251968503937);
#4536=CYLINDRICAL_SURFACE('',#5035,0.00984251968503937);
#4537=CYLINDRICAL_SURFACE('',#5040,0.00984251968503937);
#4538=CYLINDRICAL_SURFACE('',#5044,0.00984251968503937);
#4539=CYLINDRICAL_SURFACE('',#5053,0.00984251968503937);
#4540=CYLINDRICAL_SURFACE('',#5057,0.00984251968503937);
#4541=CYLINDRICAL_SURFACE('',#5065,0.0511811023622047);
#4542=CYLINDRICAL_SURFACE('',#5068,0.0511811023622047);
#4543=CYLINDRICAL_SURFACE('',#5071,0.0511811023622047);
#4544=CYLINDRICAL_SURFACE('',#5074,0.0511811023622047);
#4545=CYLINDRICAL_SURFACE('',#5076,0.0511811023622047);
#4546=CYLINDRICAL_SURFACE('',#5084,0.0511811023622047);
#4547=CYLINDRICAL_SURFACE('',#5113,0.0078740157480315);
#4548=CYLINDRICAL_SURFACE('',#5123,0.0078740157480315);
#4549=CYLINDRICAL_SURFACE('',#5125,0.0078740157480315);
#4550=CYLINDRICAL_SURFACE('',#5135,0.0078740157480315);
#4551=CYLINDRICAL_SURFACE('',#5143,0.0078740157480315);
#4552=CYLINDRICAL_SURFACE('',#5146,0.0078740157480315);
#4553=CYLINDRICAL_SURFACE('',#5148,0.0078740157480315);
#4554=CYLINDRICAL_SURFACE('',#5150,0.0078740157480315);
#4555=CYLINDRICAL_SURFACE('',#5152,0.0078740157480315);
#4556=CYLINDRICAL_SURFACE('',#5156,0.0078740157480315);
#4557=CYLINDRICAL_SURFACE('',#5158,0.0078740157480315);
#4558=CYLINDRICAL_SURFACE('',#5161,0.0078740157480315);
#4559=CYLINDRICAL_SURFACE('',#5173,0.0078740157480315);
#4560=CYLINDRICAL_SURFACE('',#5178,0.0078740157480315);
#4561=CYLINDRICAL_SURFACE('',#5179,0.0078740157480315);
#4562=CYLINDRICAL_SURFACE('',#5186,0.0078740157480315);
#4563=CYLINDRICAL_SURFACE('',#5191,0.0078740157480315);
#4564=CYLINDRICAL_SURFACE('',#5192,0.00787401574803149);
#4565=CYLINDRICAL_SURFACE('',#5194,0.0078740157480315);
#4566=CYLINDRICAL_SURFACE('',#5195,0.0078740157480315);
#4567=CYLINDRICAL_SURFACE('',#5197,0.0078740157480315);
#4568=CYLINDRICAL_SURFACE('',#5199,0.00787401574803149);
#4569=ADVANCED_FACE('',(#284),#4503,.T.);
#4570=ADVANCED_FACE('',(#285),#4504,.T.);
#4571=ADVANCED_FACE('',(#286),#268,.T.);
#4572=ADVANCED_FACE('',(#287),#4505,.T.);
#4573=ADVANCED_FACE('',(#288),#269,.T.);
#4574=ADVANCED_FACE('',(#289),#4506,.T.);
#4575=ADVANCED_FACE('',(#290),#270,.T.);
#4576=ADVANCED_FACE('',(#291),#271,.T.);
#4577=ADVANCED_FACE('',(#292),#4507,.T.);
#4578=ADVANCED_FACE('',(#293),#95,.T.);
#4579=ADVANCED_FACE('',(#294),#4508,.T.);
#4580=ADVANCED_FACE('',(#295),#96,.T.);
#4581=ADVANCED_FACE('',(#296),#97,.F.);
#4582=ADVANCED_FACE('',(#297),#4509,.T.);
#4583=ADVANCED_FACE('',(#298),#4510,.T.);
#4584=ADVANCED_FACE('',(#299),#272,.T.);
#4585=ADVANCED_FACE('',(#300),#4511,.T.);
#4586=ADVANCED_FACE('',(#301),#273,.T.);
#4587=ADVANCED_FACE('',(#302),#4512,.T.);
#4588=ADVANCED_FACE('',(#303),#274,.T.);
#4589=ADVANCED_FACE('',(#304),#275,.T.);
#4590=ADVANCED_FACE('',(#305),#4513,.T.);
#4591=ADVANCED_FACE('',(#306),#4514,.T.);
#4592=ADVANCED_FACE('',(#307),#98,.T.);
#4593=ADVANCED_FACE('',(#308),#99,.F.);
#4594=ADVANCED_FACE('',(#309),#4515,.T.);
#4595=ADVANCED_FACE('',(#310),#4516,.T.);
#4596=ADVANCED_FACE('',(#311),#276,.T.);
#4597=ADVANCED_FACE('',(#312),#4517,.T.);
#4598=ADVANCED_FACE('',(#313),#277,.T.);
#4599=ADVANCED_FACE('',(#314),#4518,.T.);
#4600=ADVANCED_FACE('',(#315),#278,.T.);
#4601=ADVANCED_FACE('',(#316),#279,.T.);
#4602=ADVANCED_FACE('',(#317),#4519,.T.);
#4603=ADVANCED_FACE('',(#318),#100,.T.);
#4604=ADVANCED_FACE('',(#319),#4520,.T.);
#4605=ADVANCED_FACE('',(#320),#101,.T.);
#4606=ADVANCED_FACE('',(#321),#102,.F.);
#4607=ADVANCED_FACE('',(#322),#4521,.T.);
#4608=ADVANCED_FACE('',(#323),#4522,.T.);
#4609=ADVANCED_FACE('',(#324),#280,.T.);
#4610=ADVANCED_FACE('',(#325),#4523,.T.);
#4611=ADVANCED_FACE('',(#326),#281,.T.);
#4612=ADVANCED_FACE('',(#327),#4524,.T.);
#4613=ADVANCED_FACE('',(#328),#282,.T.);
#4614=ADVANCED_FACE('',(#329),#283,.T.);
#4615=ADVANCED_FACE('',(#330),#4525,.T.);
#4616=ADVANCED_FACE('',(#331),#103,.T.);
#4617=ADVANCED_FACE('',(#332),#4526,.T.);
#4618=ADVANCED_FACE('',(#333),#104,.T.);
#4619=ADVANCED_FACE('',(#334),#105,.F.);
#4620=ADVANCED_FACE('',(#335),#106,.F.);
#4621=ADVANCED_FACE('',(#336),#107,.F.);
#4622=ADVANCED_FACE('',(#337),#108,.F.);
#4623=ADVANCED_FACE('',(#338),#109,.F.);
#4624=ADVANCED_FACE('',(#339),#110,.F.);
#4625=ADVANCED_FACE('',(#340),#111,.F.);
#4626=ADVANCED_FACE('',(#341),#112,.T.);
#4627=ADVANCED_FACE('',(#342),#113,.F.);
#4628=ADVANCED_FACE('',(#343),#114,.T.);
#4629=ADVANCED_FACE('',(#344),#115,.T.);
#4630=ADVANCED_FACE('',(#345),#4527,.T.);
#4631=ADVANCED_FACE('',(#346),#116,.T.);
#4632=ADVANCED_FACE('',(#347),#4528,.T.);
#4633=ADVANCED_FACE('',(#348),#4529,.T.);
#4634=ADVANCED_FACE('',(#349),#4530,.T.);
#4635=ADVANCED_FACE('',(#350),#4531,.T.);
#4636=ADVANCED_FACE('',(#351),#117,.T.);
#4637=ADVANCED_FACE('',(#352),#4532,.T.);
#4638=ADVANCED_FACE('',(#353),#4533,.T.);
#4639=ADVANCED_FACE('',(#354),#118,.T.);
#4640=ADVANCED_FACE('',(#355),#4534,.T.);
#4641=ADVANCED_FACE('',(#356),#119,.T.);
#4642=ADVANCED_FACE('',(#357),#120,.F.);
#4643=ADVANCED_FACE('',(#358),#121,.F.);
#4644=ADVANCED_FACE('',(#359),#122,.F.);
#4645=ADVANCED_FACE('',(#360),#123,.F.);
#4646=ADVANCED_FACE('',(#361),#124,.T.);
#4647=ADVANCED_FACE('',(#362),#125,.T.);
#4648=ADVANCED_FACE('',(#363),#126,.T.);
#4649=ADVANCED_FACE('',(#364),#127,.T.);
#4650=ADVANCED_FACE('',(#365),#128,.F.);
#4651=ADVANCED_FACE('',(#366),#129,.T.);
#4652=ADVANCED_FACE('',(#367),#130,.T.);
#4653=ADVANCED_FACE('',(#368),#131,.T.);
#4654=ADVANCED_FACE('',(#369),#132,.T.);
#4655=ADVANCED_FACE('',(#370),#133,.F.);
#4656=ADVANCED_FACE('',(#371),#134,.F.);
#4657=ADVANCED_FACE('',(#372),#135,.T.);
#4658=ADVANCED_FACE('',(#373),#136,.T.);
#4659=ADVANCED_FACE('',(#374),#137,.T.);
#4660=ADVANCED_FACE('',(#375),#138,.F.);
#4661=ADVANCED_FACE('',(#376),#139,.T.);
#4662=ADVANCED_FACE('',(#377),#140,.F.);
#4663=ADVANCED_FACE('',(#378),#141,.F.);
#4664=ADVANCED_FACE('',(#379),#142,.F.);
#4665=ADVANCED_FACE('',(#380),#143,.F.);
#4666=ADVANCED_FACE('',(#381),#144,.F.);
#4667=ADVANCED_FACE('',(#382),#145,.T.);
#4668=ADVANCED_FACE('',(#383),#146,.T.);
#4669=ADVANCED_FACE('',(#384),#147,.F.);
#4670=ADVANCED_FACE('',(#385),#148,.F.);
#4671=ADVANCED_FACE('',(#386),#149,.F.);
#4672=ADVANCED_FACE('',(#387),#150,.T.);
#4673=ADVANCED_FACE('',(#388),#151,.F.);
#4674=ADVANCED_FACE('',(#389),#152,.F.);
#4675=ADVANCED_FACE('',(#390),#153,.F.);
#4676=ADVANCED_FACE('',(#391),#154,.T.);
#4677=ADVANCED_FACE('',(#392),#155,.T.);
#4678=ADVANCED_FACE('',(#393),#156,.T.);
#4679=ADVANCED_FACE('',(#394),#157,.T.);
#4680=ADVANCED_FACE('',(#395),#4535,.T.);
#4681=ADVANCED_FACE('',(#396),#158,.T.);
#4682=ADVANCED_FACE('',(#397),#4536,.T.);
#4683=ADVANCED_FACE('',(#398),#159,.T.);
#4684=ADVANCED_FACE('',(#399),#160,.T.);
#4685=ADVANCED_FACE('',(#400),#4537,.T.);
#4686=ADVANCED_FACE('',(#401),#161,.T.);
#4687=ADVANCED_FACE('',(#402),#4538,.T.);
#4688=ADVANCED_FACE('',(#403),#162,.T.);
#4689=ADVANCED_FACE('',(#404),#163,.F.);
#4690=ADVANCED_FACE('',(#405),#164,.F.);
#4691=ADVANCED_FACE('',(#406),#165,.F.);
#4692=ADVANCED_FACE('',(#407),#166,.F.);
#4693=ADVANCED_FACE('',(#408),#167,.T.);
#4694=ADVANCED_FACE('',(#409),#4539,.T.);
#4695=ADVANCED_FACE('',(#410),#168,.T.);
#4696=ADVANCED_FACE('',(#411),#4540,.T.);
#4697=ADVANCED_FACE('',(#412),#169,.T.);
#4698=ADVANCED_FACE('',(#413),#170,.F.);
#4699=ADVANCED_FACE('',(#414),#171,.F.);
#4700=ADVANCED_FACE('',(#415),#77,.F.);
#4701=ADVANCED_FACE('',(#416),#4541,.F.);
#4702=ADVANCED_FACE('',(#417),#172,.T.);
#4703=ADVANCED_FACE('',(#418),#4542,.F.);
#4704=ADVANCED_FACE('',(#419),#78,.F.);
#4705=ADVANCED_FACE('',(#420),#79,.F.);
#4706=ADVANCED_FACE('',(#421),#4543,.F.);
#4707=ADVANCED_FACE('',(#422),#80,.F.);
#4708=ADVANCED_FACE('',(#423),#4544,.F.);
#4709=ADVANCED_FACE('',(#424),#81,.F.);
#4710=ADVANCED_FACE('',(#425),#82,.F.);
#4711=ADVANCED_FACE('',(#426),#83,.F.);
#4712=ADVANCED_FACE('',(#427),#4545,.F.);
#4713=ADVANCED_FACE('',(#428),#84,.F.);
#4714=ADVANCED_FACE('',(#429),#173,.T.);
#4715=ADVANCED_FACE('',(#430),#174,.T.);
#4716=ADVANCED_FACE('',(#431),#175,.T.);
#4717=ADVANCED_FACE('',(#432),#176,.T.);
#4718=ADVANCED_FACE('',(#433),#177,.T.);
#4719=ADVANCED_FACE('',(#434),#178,.T.);
#4720=ADVANCED_FACE('',(#435),#179,.T.);
#4721=ADVANCED_FACE('',(#436),#4546,.F.);
#4722=ADVANCED_FACE('',(#437),#180,.T.);
#4723=ADVANCED_FACE('',(#438),#181,.T.);
#4724=ADVANCED_FACE('',(#439),#182,.T.);
#4725=ADVANCED_FACE('',(#440),#183,.T.);
#4726=ADVANCED_FACE('',(#441),#184,.T.);
#4727=ADVANCED_FACE('',(#442),#185,.F.);
#4728=ADVANCED_FACE('',(#443),#186,.F.);
#4729=ADVANCED_FACE('',(#444),#187,.F.);
#4730=ADVANCED_FACE('',(#445),#188,.F.);
#4731=ADVANCED_FACE('',(#446),#189,.F.);
#4732=ADVANCED_FACE('',(#447),#190,.F.);
#4733=ADVANCED_FACE('',(#448),#191,.F.);
#4734=ADVANCED_FACE('',(#449),#192,.F.);
#4735=ADVANCED_FACE('',(#450),#193,.T.);
#4736=ADVANCED_FACE('',(#451),#194,.T.);
#4737=ADVANCED_FACE('',(#452),#195,.T.);
#4738=ADVANCED_FACE('',(#453),#196,.T.);
#4739=ADVANCED_FACE('',(#454),#197,.T.);
#4740=ADVANCED_FACE('',(#455),#198,.T.);
#4741=ADVANCED_FACE('',(#456),#199,.F.);
#4742=ADVANCED_FACE('',(#457,#13),#200,.T.);
#4743=ADVANCED_FACE('',(#458),#201,.T.);
#4744=ADVANCED_FACE('',(#459),#202,.T.);
#4745=ADVANCED_FACE('',(#460),#203,.T.);
#4746=ADVANCED_FACE('',(#461),#204,.T.);
#4747=ADVANCED_FACE('',(#462,#14),#205,.F.);
#4748=ADVANCED_FACE('',(#463),#206,.T.);
#4749=ADVANCED_FACE('',(#464),#207,.T.);
#4750=ADVANCED_FACE('',(#465),#4547,.T.);
#4751=ADVANCED_FACE('',(#466,#15),#208,.T.);
#4752=ADVANCED_FACE('',(#467),#209,.T.);
#4753=ADVANCED_FACE('',(#468),#4548,.T.);
#4754=ADVANCED_FACE('',(#469),#4549,.T.);
#4755=ADVANCED_FACE('',(#470),#210,.F.);
#4756=ADVANCED_FACE('',(#471,#16),#211,.T.);
#4757=ADVANCED_FACE('',(#472),#4550,.T.);
#4758=ADVANCED_FACE('',(#473),#212,.T.);
#4759=ADVANCED_FACE('',(#474,#17),#213,.F.);
#4760=ADVANCED_FACE('',(#475),#4551,.T.);
#4761=ADVANCED_FACE('',(#476),#214,.T.);
#4762=ADVANCED_FACE('',(#477),#4552,.T.);
#4763=ADVANCED_FACE('',(#478),#4553,.T.);
#4764=ADVANCED_FACE('',(#479),#215,.T.);
#4765=ADVANCED_FACE('',(#480),#4554,.T.);
#4766=ADVANCED_FACE('',(#481),#216,.T.);
#4767=ADVANCED_FACE('',(#482),#4555,.T.);
#4768=ADVANCED_FACE('',(#483),#217,.T.);
#4769=ADVANCED_FACE('',(#484),#4556,.T.);
#4770=ADVANCED_FACE('',(#485),#218,.F.);
#4771=ADVANCED_FACE('',(#486),#4557,.T.);
#4772=ADVANCED_FACE('',(#487),#219,.T.);
#4773=ADVANCED_FACE('',(#488),#4558,.T.);
#4774=ADVANCED_FACE('',(#489),#220,.T.);
#4775=ADVANCED_FACE('',(#490),#221,.F.);
#4776=ADVANCED_FACE('',(#491),#222,.F.);
#4777=ADVANCED_FACE('',(#492),#223,.F.);
#4778=ADVANCED_FACE('',(#493),#224,.F.);
#4779=ADVANCED_FACE('',(#494),#225,.F.);
#4780=ADVANCED_FACE('',(#495),#226,.F.);
#4781=ADVANCED_FACE('',(#496),#227,.F.);
#4782=ADVANCED_FACE('',(#497),#228,.F.);
#4783=ADVANCED_FACE('',(#498),#4559,.T.);
#4784=ADVANCED_FACE('',(#499),#229,.F.);
#4785=ADVANCED_FACE('',(#500),#230,.F.);
#4786=ADVANCED_FACE('',(#501),#4560,.T.);
#4787=ADVANCED_FACE('',(#502),#4561,.F.);
#4788=ADVANCED_FACE('',(#503,#18),#231,.T.);
#4789=ADVANCED_FACE('',(#504),#4562,.T.);
#4790=ADVANCED_FACE('',(#505),#232,.F.);
#4791=ADVANCED_FACE('',(#506),#233,.F.);
#4792=ADVANCED_FACE('',(#507),#4563,.T.);
#4793=ADVANCED_FACE('',(#508),#4564,.F.);
#4794=ADVANCED_FACE('',(#509),#4565,.T.);
#4795=ADVANCED_FACE('',(#510),#4566,.T.);
#4796=ADVANCED_FACE('',(#511),#4567,.F.);
#4797=ADVANCED_FACE('',(#512),#4568,.F.);
#4798=ADVANCED_FACE('',(#513),#234,.T.);
#4799=ADVANCED_FACE('',(#514),#235,.F.);
#4800=ADVANCED_FACE('',(#515),#236,.T.);
#4801=ADVANCED_FACE('',(#516),#237,.T.);
#4802=ADVANCED_FACE('',(#517),#238,.T.);
#4803=ADVANCED_FACE('',(#518),#239,.F.);
#4804=ADVANCED_FACE('',(#519),#240,.F.);
#4805=ADVANCED_FACE('',(#520),#241,.F.);
#4806=ADVANCED_FACE('',(#521),#242,.F.);
#4807=ADVANCED_FACE('',(#522),#243,.T.);
#4808=ADVANCED_FACE('',(#523),#244,.F.);
#4809=ADVANCED_FACE('',(#524),#245,.T.);
#4810=ADVANCED_FACE('',(#525),#246,.F.);
#4811=ADVANCED_FACE('',(#526),#247,.F.);
#4812=ADVANCED_FACE('',(#527),#248,.F.);
#4813=ADVANCED_FACE('',(#528,#19),#249,.F.);
#4814=ADVANCED_FACE('',(#529),#250,.F.);
#4815=ADVANCED_FACE('',(#530,#20),#251,.F.);
#4816=ADVANCED_FACE('',(#531),#252,.F.);
#4817=ADVANCED_FACE('',(#532),#253,.F.);
#4818=ADVANCED_FACE('',(#533),#254,.F.);
#4819=ADVANCED_FACE('',(#534),#255,.F.);
#4820=ADVANCED_FACE('',(#535),#256,.T.);
#4821=ADVANCED_FACE('',(#536),#257,.T.);
#4822=ADVANCED_FACE('',(#537),#258,.F.);
#4823=ADVANCED_FACE('',(#538),#259,.F.);
#4824=ADVANCED_FACE('',(#539),#260,.F.);
#4825=ADVANCED_FACE('',(#540),#261,.F.);
#4826=ADVANCED_FACE('',(#541),#262,.T.);
#4827=ADVANCED_FACE('',(#542),#263,.T.);
#4828=ADVANCED_FACE('',(#543),#264,.T.);
#4829=ADVANCED_FACE('',(#544),#265,.T.);
#4830=ADVANCED_FACE('',(#545,#21),#266,.T.);
#4831=ADVANCED_FACE('',(#546,#22),#267,.F.);
#4832=CLOSED_SHELL('',(#4569,#4570,#4571,#4572,#4573,#4574,#4575,#4576,
#4577,#4578,#4579,#4580,#4581,#4582,#4583,#4584,#4585,#4586,#4587,#4588,
#4589,#4590,#4591,#4592,#4593,#4594,#4595,#4596,#4597,#4598,#4599,#4600,
#4601,#4602,#4603,#4604,#4605,#4606,#4607,#4608,#4609,#4610,#4611,#4612,
#4613,#4614,#4615,#4616,#4617,#4618,#4619,#4620,#4621,#4622,#4623,#4624,
#4625,#4626,#4627,#4628,#4629,#4630,#4631,#4632,#4633,#4634,#4635,#4636,
#4637,#4638,#4639,#4640,#4641,#4642,#4643,#4644,#4645,#4646,#4647,#4648,
#4649,#4650,#4651,#4652,#4653,#4654,#4655,#4656,#4657,#4658,#4659,#4660,
#4661,#4662,#4663,#4664,#4665,#4666,#4667,#4668,#4669,#4670,#4671,#4672,
#4673,#4674,#4675,#4676,#4677,#4678));
#4833=CLOSED_SHELL('',(#4679,#4680,#4681,#4682,#4683,#4684,#4685,#4686,
#4687,#4688,#4689,#4690,#4691,#4692,#4693,#4694,#4695,#4696,#4697,#4698,
#4699,#4700,#4701,#4702,#4703,#4704,#4705,#4706,#4707,#4708,#4709,#4710,
#4711,#4712,#4713,#4714,#4715,#4716,#4717,#4718,#4719,#4720,#4721,#4722,
#4723,#4724,#4725,#4726));
#4834=CLOSED_SHELL('',(#4727,#4728,#4729,#4730,#4731,#4732,#4733,#4734,
#4735,#4736,#4737,#4738,#4739,#4740,#4741,#4742,#4743,#4744,#4745,#4746,
#4747,#4748,#4749));
#4835=CLOSED_SHELL('',(#4750,#4751,#4752,#4753,#4754,#4755,#4756,#4757,
#4758,#4759,#4760,#4761,#4762,#4763,#4764,#4765,#4766,#4767,#4768,#4769,
#4770,#4771,#4772,#4773,#4774,#4775,#4776,#4777,#4778,#4779,#4780,#4781,
#4782,#4783,#4784,#4785,#4786,#4787,#4788,#4789,#4790,#4791,#4792,#4793,
#4794,#4795,#4796,#4797,#4798,#4799,#4800,#4801,#4802,#4803,#4804,#4805,
#4806,#4807,#4808,#4809,#4810,#4811,#4812,#4813,#4814,#4815,#4816,#4817,
#4818,#4819,#4820,#4821));
#4836=CLOSED_SHELL('',(#4822,#4823,#4824,#4825,#4826,#4827,#4828,#4829,
#4830,#4831));
#4837=DERIVED_UNIT_ELEMENT(#4839,1.);
#4838=DERIVED_UNIT_ELEMENT(#8618,3.);
#4839=(
MASS_UNIT()
NAMED_UNIT(*)
SI_UNIT($,.GRAM.)
);
#4840=DERIVED_UNIT((#4837,#4838));
#4841=MEASURE_REPRESENTATION_ITEM('density measure',
POSITIVE_RATIO_MEASURE(1.),#4840);
#4842=PROPERTY_DEFINITION_REPRESENTATION(#4847,#4844);
#4843=PROPERTY_DEFINITION_REPRESENTATION(#4848,#4845);
#4844=REPRESENTATION('material name',(#4846),#8613);
#4845=REPRESENTATION('density',(#4841),#8613);
#4846=DESCRIPTIVE_REPRESENTATION_ITEM('Generic','Generic');
#4847=PROPERTY_DEFINITION('material property','material name',#8626);
#4848=PROPERTY_DEFINITION('material property','density of part',#8626);
#4849=DATE_TIME_ROLE('creation_date');
#4850=APPLIED_DATE_AND_TIME_ASSIGNMENT(#4851,#4849,(#8626));
#4851=DATE_AND_TIME(#4852,#4853);
#4852=CALENDAR_DATE(2020,3,11);
#4853=LOCAL_TIME(20,4,41.,#4854);
#4854=COORDINATED_UNIVERSAL_TIME_OFFSET(0,0,.BEHIND.);
#4855=AXIS2_PLACEMENT_3D('placement',#6518,#5235,#5236);
#4856=AXIS2_PLACEMENT_3D('',#6519,#5237,#5238);
#4857=AXIS2_PLACEMENT_3D('',#6522,#5239,#5240);
#4858=AXIS2_PLACEMENT_3D('',#6526,#5242,#5243);
#4859=AXIS2_PLACEMENT_3D('',#6528,#5245,#5246);
#4860=AXIS2_PLACEMENT_3D('',#6530,#5247,#5248);
#4861=AXIS2_PLACEMENT_3D('',#6534,#5250,#5251);
#4862=AXIS2_PLACEMENT_3D('',#6536,#5253,#5254);
#4863=AXIS2_PLACEMENT_3D('',#6537,#5255,#5256);
#4864=AXIS2_PLACEMENT_3D('',#6538,#5257,#5258);
#4865=AXIS2_PLACEMENT_3D('',#6540,#5259,#5260);
#4866=AXIS2_PLACEMENT_3D('',#6544,#5262,#5263);
#4867=AXIS2_PLACEMENT_3D('',#6546,#5265,#5266);
#4868=AXIS2_PLACEMENT_3D('',#6547,#5267,#5268);
#4869=AXIS2_PLACEMENT_3D('',#6548,#5269,#5270);
#4870=AXIS2_PLACEMENT_3D('',#6550,#5271,#5272);
#4871=AXIS2_PLACEMENT_3D('',#6553,#5274,#5275);
#4872=AXIS2_PLACEMENT_3D('',#6555,#5277,#5278);
#4873=AXIS2_PLACEMENT_3D('',#6556,#5279,#5280);
#4874=AXIS2_PLACEMENT_3D('',#6557,#5281,#5282);
#4875=AXIS2_PLACEMENT_3D('',#6558,#5283,#5284);
#4876=AXIS2_PLACEMENT_3D('',#6559,#5285,#5286);
#4877=AXIS2_PLACEMENT_3D('',#6563,#5288,#5289);
#4878=AXIS2_PLACEMENT_3D('',#6565,#5291,#5292);
#4879=AXIS2_PLACEMENT_3D('',#6585,#5303,#5304);
#4880=AXIS2_PLACEMENT_3D('',#6588,#5306,#5307);
#4881=AXIS2_PLACEMENT_3D('',#6589,#5308,#5309);
#4882=AXIS2_PLACEMENT_3D('',#6593,#5312,#5313);
#4883=AXIS2_PLACEMENT_3D('',#6594,#5314,#5315);
#4884=AXIS2_PLACEMENT_3D('',#6597,#5316,#5317);
#4885=AXIS2_PLACEMENT_3D('',#6601,#5319,#5320);
#4886=AXIS2_PLACEMENT_3D('',#6603,#5322,#5323);
#4887=AXIS2_PLACEMENT_3D('',#6605,#5324,#5325);
#4888=AXIS2_PLACEMENT_3D('',#6609,#5327,#5328);
#4889=AXIS2_PLACEMENT_3D('',#6611,#5330,#5331);
#4890=AXIS2_PLACEMENT_3D('',#6612,#5332,#5333);
#4891=AXIS2_PLACEMENT_3D('',#6613,#5334,#5335);
#4892=AXIS2_PLACEMENT_3D('',#6614,#5336,#5337);
#4893=AXIS2_PLACEMENT_3D('',#6617,#5339,#5340);
#4894=AXIS2_PLACEMENT_3D('',#6618,#5341,#5342);
#4895=AXIS2_PLACEMENT_3D('',#6619,#5343,#5344);
#4896=AXIS2_PLACEMENT_3D('',#6620,#5345,#5346);
#4897=AXIS2_PLACEMENT_3D('',#6622,#5347,#5348);
#4898=AXIS2_PLACEMENT_3D('',#6625,#5350,#5351);
#4899=AXIS2_PLACEMENT_3D('',#6627,#5353,#5354);
#4900=AXIS2_PLACEMENT_3D('',#6628,#5355,#5356);
#4901=AXIS2_PLACEMENT_3D('',#6629,#5357,#5358);
#4902=AXIS2_PLACEMENT_3D('',#6630,#5359,#5360);
#4903=AXIS2_PLACEMENT_3D('',#6631,#5361,#5362);
#4904=AXIS2_PLACEMENT_3D('',#6633,#5363,#5364);
#4905=AXIS2_PLACEMENT_3D('',#6635,#5366,#5367);
#4906=AXIS2_PLACEMENT_3D('',#6638,#5369,#5370);
#4907=AXIS2_PLACEMENT_3D('',#6639,#5371,#5372);
#4908=AXIS2_PLACEMENT_3D('',#6652,#5380,#5381);
#4909=AXIS2_PLACEMENT_3D('',#6653,#5382,#5383);
#4910=AXIS2_PLACEMENT_3D('',#6656,#5384,#5385);
#4911=AXIS2_PLACEMENT_3D('',#6660,#5387,#5388);
#4912=AXIS2_PLACEMENT_3D('',#6662,#5390,#5391);
#4913=AXIS2_PLACEMENT_3D('',#6664,#5392,#5393);
#4914=AXIS2_PLACEMENT_3D('',#6668,#5395,#5396);
#4915=AXIS2_PLACEMENT_3D('',#6670,#5398,#5399);
#4916=AXIS2_PLACEMENT_3D('',#6671,#5400,#5401);
#4917=AXIS2_PLACEMENT_3D('',#6672,#5402,#5403);
#4918=AXIS2_PLACEMENT_3D('',#6674,#5404,#5405);
#4919=AXIS2_PLACEMENT_3D('',#6678,#5407,#5408);
#4920=AXIS2_PLACEMENT_3D('',#6680,#5410,#5411);
#4921=AXIS2_PLACEMENT_3D('',#6681,#5412,#5413);
#4922=AXIS2_PLACEMENT_3D('',#6682,#5414,#5415);
#4923=AXIS2_PLACEMENT_3D('',#6684,#5416,#5417);
#4924=AXIS2_PLACEMENT_3D('',#6687,#5419,#5420);
#4925=AXIS2_PLACEMENT_3D('',#6689,#5422,#5423);
#4926=AXIS2_PLACEMENT_3D('',#6690,#5424,#5425);
#4927=AXIS2_PLACEMENT_3D('',#6691,#5426,#5427);
#4928=AXIS2_PLACEMENT_3D('',#6692,#5428,#5429);
#4929=AXIS2_PLACEMENT_3D('',#6693,#5430,#5431);
#4930=AXIS2_PLACEMENT_3D('',#6697,#5433,#5434);
#4931=AXIS2_PLACEMENT_3D('',#6699,#5436,#5437);
#4932=AXIS2_PLACEMENT_3D('',#6703,#5440,#5441);
#4933=AXIS2_PLACEMENT_3D('',#6706,#5443,#5444);
#4934=AXIS2_PLACEMENT_3D('',#6707,#5445,#5446);
#4935=AXIS2_PLACEMENT_3D('',#6723,#5455,#5456);
#4936=AXIS2_PLACEMENT_3D('',#6724,#5457,#5458);
#4937=AXIS2_PLACEMENT_3D('',#6727,#5459,#5460);
#4938=AXIS2_PLACEMENT_3D('',#6731,#5462,#5463);
#4939=AXIS2_PLACEMENT_3D('',#6733,#5465,#5466);
#4940=AXIS2_PLACEMENT_3D('',#6735,#5467,#5468);
#4941=AXIS2_PLACEMENT_3D('',#6739,#5470,#5471);
#4942=AXIS2_PLACEMENT_3D('',#6741,#5473,#5474);
#4943=AXIS2_PLACEMENT_3D('',#6742,#5475,#5476);
#4944=AXIS2_PLACEMENT_3D('',#6743,#5477,#5478);
#4945=AXIS2_PLACEMENT_3D('',#6745,#5479,#5480);
#4946=AXIS2_PLACEMENT_3D('',#6749,#5482,#5483);
#4947=AXIS2_PLACEMENT_3D('',#6751,#5485,#5486);
#4948=AXIS2_PLACEMENT_3D('',#6752,#5487,#5488);
#4949=AXIS2_PLACEMENT_3D('',#6753,#5489,#5490);
#4950=AXIS2_PLACEMENT_3D('',#6755,#5491,#5492);
#4951=AXIS2_PLACEMENT_3D('',#6758,#5494,#5495);
#4952=AXIS2_PLACEMENT_3D('',#6760,#5497,#5498);
#4953=AXIS2_PLACEMENT_3D('',#6761,#5499,#5500);
#4954=AXIS2_PLACEMENT_3D('',#6762,#5501,#5502);
#4955=AXIS2_PLACEMENT_3D('',#6763,#5503,#5504);
#4956=AXIS2_PLACEMENT_3D('',#6764,#5505,#5506);
#4957=AXIS2_PLACEMENT_3D('',#6768,#5508,#5509);
#4958=AXIS2_PLACEMENT_3D('',#6770,#5511,#5512);
#4959=AXIS2_PLACEMENT_3D('',#6774,#5515,#5516);
#4960=AXIS2_PLACEMENT_3D('',#6777,#5518,#5519);
#4961=AXIS2_PLACEMENT_3D('',#6778,#5520,#5521);
#4962=AXIS2_PLACEMENT_3D('',#6782,#5524,#5525);
#4963=AXIS2_PLACEMENT_3D('',#6783,#5526,#5527);
#4964=AXIS2_PLACEMENT_3D('',#6792,#5532,#5533);
#4965=AXIS2_PLACEMENT_3D('',#6801,#5538,#5539);
#4966=AXIS2_PLACEMENT_3D('',#6807,#5543,#5544);
#4967=AXIS2_PLACEMENT_3D('',#6813,#5548,#5549);
#4968=AXIS2_PLACEMENT_3D('',#6822,#5554,#5555);
#4969=AXIS2_PLACEMENT_3D('',#6825,#5558,#5559);
#4970=AXIS2_PLACEMENT_3D('',#6847,#5571,#5572);
#4971=AXIS2_PLACEMENT_3D('',#6857,#5578,#5579);
#4972=AXIS2_PLACEMENT_3D('',#6869,#5587,#5588);
#4973=AXIS2_PLACEMENT_3D('',#6879,#5595,#5596);
#4974=AXIS2_PLACEMENT_3D('',#6883,#5598,#5599);
#4975=AXIS2_PLACEMENT_3D('',#6885,#5601,#5602);
#4976=AXIS2_PLACEMENT_3D('',#6887,#5604,#5605);
#4977=AXIS2_PLACEMENT_3D('',#6890,#5607,#5608);
#4978=AXIS2_PLACEMENT_3D('',#6891,#5609,#5610);
#4979=AXIS2_PLACEMENT_3D('',#6895,#5612,#5613);
#4980=AXIS2_PLACEMENT_3D('',#6897,#5615,#5616);
#4981=AXIS2_PLACEMENT_3D('',#6900,#5618,#5619);
#4982=AXIS2_PLACEMENT_3D('',#6901,#5620,#5621);
#4983=AXIS2_PLACEMENT_3D('',#6904,#5623,#5624);
#4984=AXIS2_PLACEMENT_3D('',#6905,#5625,#5626);
#4985=AXIS2_PLACEMENT_3D('',#6909,#5629,#5630);
#4986=AXIS2_PLACEMENT_3D('',#6912,#5632,#5633);
#4987=AXIS2_PLACEMENT_3D('',#6913,#5634,#5635);
#4988=AXIS2_PLACEMENT_3D('',#6917,#5637,#5638);
#4989=AXIS2_PLACEMENT_3D('',#6919,#5640,#5641);
#4990=AXIS2_PLACEMENT_3D('',#6921,#5643,#5644);
#4991=AXIS2_PLACEMENT_3D('',#6924,#5646,#5647);
#4992=AXIS2_PLACEMENT_3D('',#6925,#5648,#5649);
#4993=AXIS2_PLACEMENT_3D('',#6927,#5651,#5652);
#4994=AXIS2_PLACEMENT_3D('',#6928,#5653,#5654);
#4995=AXIS2_PLACEMENT_3D('',#6930,#5656,#5657);
#4996=AXIS2_PLACEMENT_3D('',#6934,#5660,#5661);
#4997=AXIS2_PLACEMENT_3D('',#6936,#5663,#5664);
#4998=AXIS2_PLACEMENT_3D('',#6945,#5669,#5670);
#4999=AXIS2_PLACEMENT_3D('',#6951,#5674,#5675);
#5000=AXIS2_PLACEMENT_3D('',#6957,#5679,#5680);
#5001=AXIS2_PLACEMENT_3D('',#6963,#5684,#5685);
#5002=AXIS2_PLACEMENT_3D('',#6965,#5687,#5688);
#5003=AXIS2_PLACEMENT_3D('',#6975,#5694,#5695);
#5004=AXIS2_PLACEMENT_3D('',#6985,#5701,#5702);
#5005=AXIS2_PLACEMENT_3D('',#6988,#5705,#5706);
#5006=AXIS2_PLACEMENT_3D('',#6992,#5709,#5710);
#5007=AXIS2_PLACEMENT_3D('',#6994,#5712,#5713);
#5008=AXIS2_PLACEMENT_3D('',#6995,#5714,#5715);
#5009=AXIS2_PLACEMENT_3D('',#6999,#5718,#5719);
#5010=AXIS2_PLACEMENT_3D('',#7001,#5721,#5722);
#5011=AXIS2_PLACEMENT_3D('',#7003,#5724,#5725);
#5012=AXIS2_PLACEMENT_3D('',#7012,#5732,#5733);
#5013=AXIS2_PLACEMENT_3D('',#7014,#5735,#5736);
#5014=AXIS2_PLACEMENT_3D('',#7021,#5741,#5742);
#5015=AXIS2_PLACEMENT_3D('',#7029,#5747,#5748);
#5016=AXIS2_PLACEMENT_3D('',#7031,#5750,#5751);
#5017=AXIS2_PLACEMENT_3D('',#7035,#5754,#5755);
#5018=AXIS2_PLACEMENT_3D('',#7039,#5758,#5759);
#5019=AXIS2_PLACEMENT_3D('',#7044,#5763,#5764);
#5020=AXIS2_PLACEMENT_3D('',#7046,#5766,#5767);
#5021=AXIS2_PLACEMENT_3D('',#7048,#5769,#5770);
#5022=AXIS2_PLACEMENT_3D('',#7050,#5772,#5773);
#5023=AXIS2_PLACEMENT_3D('',#7051,#5774,#5775);
#5024=AXIS2_PLACEMENT_3D('',#7052,#5776,#5777);
#5025=AXIS2_PLACEMENT_3D('',#7056,#5780,#5781);
#5026=AXIS2_PLACEMENT_3D('',#7060,#5784,#5785);
#5027=AXIS2_PLACEMENT_3D('',#7062,#5787,#5788);
#5028=AXIS2_PLACEMENT_3D('',#7063,#5789,#5790);
#5029=AXIS2_PLACEMENT_3D('',#7064,#5791,#5792);
#5030=AXIS2_PLACEMENT_3D('',#7065,#5793,#5794);
#5031=AXIS2_PLACEMENT_3D('',#7074,#5799,#5800);
#5032=AXIS2_PLACEMENT_3D('',#7076,#5801,#5802);
#5033=AXIS2_PLACEMENT_3D('',#7079,#5804,#5805);
#5034=AXIS2_PLACEMENT_3D('',#7080,#5806,#5807);
#5035=AXIS2_PLACEMENT_3D('',#7086,#5811,#5812);
#5036=AXIS2_PLACEMENT_3D('',#7088,#5813,#5814);
#5037=AXIS2_PLACEMENT_3D('',#7091,#5816,#5817);
#5038=AXIS2_PLACEMENT_3D('',#7092,#5818,#5819);
#5039=AXIS2_PLACEMENT_3D('',#7098,#5823,#5824);
#5040=AXIS2_PLACEMENT_3D('',#7107,#5829,#5830);
#5041=AXIS2_PLACEMENT_3D('',#7109,#5831,#5832);
#5042=AXIS2_PLACEMENT_3D('',#7112,#5834,#5835);
#5043=AXIS2_PLACEMENT_3D('',#7113,#5836,#5837);
#5044=AXIS2_PLACEMENT_3D('',#7119,#5841,#5842);
#5045=AXIS2_PLACEMENT_3D('',#7121,#5843,#5844);
#5046=AXIS2_PLACEMENT_3D('',#7124,#5846,#5847);
#5047=AXIS2_PLACEMENT_3D('',#7125,#5848,#5849);
#5048=AXIS2_PLACEMENT_3D('',#7131,#5853,#5854);
#5049=AXIS2_PLACEMENT_3D('',#7137,#5858,#5859);
#5050=AXIS2_PLACEMENT_3D('',#7143,#5863,#5864);
#5051=AXIS2_PLACEMENT_3D('',#7149,#5868,#5869);
#5052=AXIS2_PLACEMENT_3D('',#7155,#5873,#5874);
#5053=AXIS2_PLACEMENT_3D('',#7164,#5879,#5880);
#5054=AXIS2_PLACEMENT_3D('',#7166,#5881,#5882);
#5055=AXIS2_PLACEMENT_3D('',#7169,#5884,#5885);
#5056=AXIS2_PLACEMENT_3D('',#7170,#5886,#5887);
#5057=AXIS2_PLACEMENT_3D('',#7176,#5891,#5892);
#5058=AXIS2_PLACEMENT_3D('',#7178,#5893,#5894);
#5059=AXIS2_PLACEMENT_3D('',#7181,#5896,#5897);
#5060=AXIS2_PLACEMENT_3D('',#7182,#5898,#5899);
#5061=AXIS2_PLACEMENT_3D('',#7188,#5903,#5904);
#5062=AXIS2_PLACEMENT_3D('',#7194,#5908,#5909);
#5063=AXIS2_PLACEMENT_3D('',#7232,#5913,#5914);
#5064=AXIS2_PLACEMENT_3D('',#7251,#5915,#5916);
#5065=AXIS2_PLACEMENT_3D('',#7274,#5917,#5918);
#5066=AXIS2_PLACEMENT_3D('',#7278,#5920,#5921);
#5067=AXIS2_PLACEMENT_3D('',#7280,#5923,#5924);
#5068=AXIS2_PLACEMENT_3D('',#7337,#5928,#5929);
#5069=AXIS2_PLACEMENT_3D('',#7360,#5930,#5931);
#5070=AXIS2_PLACEMENT_3D('',#7396,#5932,#5933);
#5071=AXIS2_PLACEMENT_3D('',#7525,#5934,#5935);
#5072=AXIS2_PLACEMENT_3D('',#7569,#5938,#5939);
#5073=AXIS2_PLACEMENT_3D('',#7571,#5940,#5941);
#5074=AXIS2_PLACEMENT_3D('',#7589,#5942,#5943);
#5075=AXIS2_PLACEMENT_3D('',#7609,#5944,#5945);
#5076=AXIS2_PLACEMENT_3D('',#7844,#5946,#5947);
#5077=AXIS2_PLACEMENT_3D('',#7951,#5950,#5951);
#5078=AXIS2_PLACEMENT_3D('',#7954,#5954,#5955);
#5079=AXIS2_PLACEMENT_3D('',#7957,#5958,#5959);
#5080=AXIS2_PLACEMENT_3D('',#7960,#5962,#5963);
#5081=AXIS2_PLACEMENT_3D('',#7963,#5966,#5967);
#5082=AXIS2_PLACEMENT_3D('',#7966,#5970,#5971);
#5083=AXIS2_PLACEMENT_3D('',#7967,#5972,#5973);
#5084=AXIS2_PLACEMENT_3D('',#7968,#5974,#5975);
#5085=AXIS2_PLACEMENT_3D('',#7970,#5977,#5978);
#5086=AXIS2_PLACEMENT_3D('',#7971,#5979,#5980);
#5087=AXIS2_PLACEMENT_3D('',#7972,#5981,#5982);
#5088=AXIS2_PLACEMENT_3D('',#7974,#5984,#5985);
#5089=AXIS2_PLACEMENT_3D('',#7976,#5987,#5988);
#5090=AXIS2_PLACEMENT_3D('',#7977,#5989,#5990);
#5091=AXIS2_PLACEMENT_3D('',#7986,#5995,#5996);
#5092=AXIS2_PLACEMENT_3D('',#7995,#6001,#6002);
#5093=AXIS2_PLACEMENT_3D('',#8004,#6007,#6008);
#5094=AXIS2_PLACEMENT_3D('',#8013,#6013,#6014);
#5095=AXIS2_PLACEMENT_3D('',#8019,#6018,#6019);
#5096=AXIS2_PLACEMENT_3D('',#8022,#6022,#6023);
#5097=AXIS2_PLACEMENT_3D('',#8025,#6026,#6027);
#5098=AXIS2_PLACEMENT_3D('',#8028,#6030,#6031);
#5099=AXIS2_PLACEMENT_3D('',#8034,#6035,#6036);
#5100=AXIS2_PLACEMENT_3D('',#8038,#6039,#6040);
#5101=AXIS2_PLACEMENT_3D('',#8047,#6045,#6046);
#5102=AXIS2_PLACEMENT_3D('',#8053,#6050,#6051);
#5103=AXIS2_PLACEMENT_3D('',#8059,#6055,#6056);
#5104=AXIS2_PLACEMENT_3D('',#8062,#6059,#6060);
#5105=AXIS2_PLACEMENT_3D('',#8063,#6061,#6062);
#5106=AXIS2_PLACEMENT_3D('',#8075,#6069,#6070);
#5107=AXIS2_PLACEMENT_3D('',#8081,#6074,#6075);
#5108=AXIS2_PLACEMENT_3D('',#8085,#6078,#6079);
#5109=AXIS2_PLACEMENT_3D('',#8089,#6082,#6083);
#5110=AXIS2_PLACEMENT_3D('',#8091,#6085,#6086);
#5111=AXIS2_PLACEMENT_3D('',#8092,#6087,#6088);
#5112=AXIS2_PLACEMENT_3D('',#8094,#6090,#6091);
#5113=AXIS2_PLACEMENT_3D('',#8095,#6092,#6093);
#5114=AXIS2_PLACEMENT_3D('',#8098,#6094,#6095);
#5115=AXIS2_PLACEMENT_3D('',#8102,#6097,#6098);
#5116=AXIS2_PLACEMENT_3D('',#8104,#6100,#6101);
#5117=AXIS2_PLACEMENT_3D('',#8108,#6103,#6104);
#5118=AXIS2_PLACEMENT_3D('',#8112,#6106,#6107);
#5119=AXIS2_PLACEMENT_3D('',#8116,#6109,#6110);
#5120=AXIS2_PLACEMENT_3D('',#8122,#6113,#6114);
#5121=AXIS2_PLACEMENT_3D('',#8130,#6118,#6119);
#5122=AXIS2_PLACEMENT_3D('',#8142,#6126,#6127);
#5123=AXIS2_PLACEMENT_3D('',#8146,#6130,#6131);
#5124=AXIS2_PLACEMENT_3D('',#8148,#6132,#6133);
#5125=AXIS2_PLACEMENT_3D('',#8150,#6135,#6136);
#5126=AXIS2_PLACEMENT_3D('',#8153,#6137,#6138);
#5127=AXIS2_PLACEMENT_3D('',#8157,#6140,#6141);
#5128=AXIS2_PLACEMENT_3D('',#8159,#6143,#6144);
#5129=AXIS2_PLACEMENT_3D('',#8165,#6148,#6149);
#5130=AXIS2_PLACEMENT_3D('',#8169,#6151,#6152);
#5131=AXIS2_PLACEMENT_3D('',#8175,#6155,#6156);
#5132=AXIS2_PLACEMENT_3D('',#8183,#6160,#6161);
#5133=AXIS2_PLACEMENT_3D('',#8189,#6164,#6165);
#5134=AXIS2_PLACEMENT_3D('',#8192,#6167,#6168);
#5135=AXIS2_PLACEMENT_3D('',#8201,#6173,#6174);
#5136=AXIS2_PLACEMENT_3D('',#8205,#6176,#6177);
#5137=AXIS2_PLACEMENT_3D('',#8207,#6179,#6180);
#5138=AXIS2_PLACEMENT_3D('',#8211,#6183,#6184);
#5139=AXIS2_PLACEMENT_3D('',#8213,#6185,#6186);
#5140=AXIS2_PLACEMENT_3D('',#8217,#6188,#6189);
#5141=AXIS2_PLACEMENT_3D('',#8223,#6192,#6193);
#5142=AXIS2_PLACEMENT_3D('',#8231,#6197,#6198);
#5143=AXIS2_PLACEMENT_3D('',#8242,#6205,#6206);
#5144=AXIS2_PLACEMENT_3D('',#8245,#6207,#6208);
#5145=AXIS2_PLACEMENT_3D('',#8248,#6211,#6212);
#5146=AXIS2_PLACEMENT_3D('',#8252,#6215,#6216);
#5147=AXIS2_PLACEMENT_3D('',#8254,#6217,#6218);
#5148=AXIS2_PLACEMENT_3D('',#8256,#6220,#6221);
#5149=AXIS2_PLACEMENT_3D('',#8258,#6223,#6224);
#5150=AXIS2_PLACEMENT_3D('',#8260,#6226,#6227);
#5151=AXIS2_PLACEMENT_3D('',#8262,#6229,#6230);
#5152=AXIS2_PLACEMENT_3D('',#8264,#6232,#6233);
#5153=AXIS2_PLACEMENT_3D('',#8268,#6235,#6236);
#5154=AXIS2_PLACEMENT_3D('',#8270,#6238,#6239);
#5155=AXIS2_PLACEMENT_3D('',#8272,#6240,#6241);
#5156=AXIS2_PLACEMENT_3D('',#8278,#6245,#6246);
#5157=AXIS2_PLACEMENT_3D('',#8281,#6249,#6250);
#5158=AXIS2_PLACEMENT_3D('',#8282,#6251,#6252);
#5159=AXIS2_PLACEMENT_3D('',#8285,#6255,#6256);
#5160=AXIS2_PLACEMENT_3D('',#8287,#6257,#6258);
#5161=AXIS2_PLACEMENT_3D('',#8291,#6261,#6262);
#5162=AXIS2_PLACEMENT_3D('',#8294,#6263,#6264);
#5163=AXIS2_PLACEMENT_3D('',#8297,#6267,#6268);
#5164=AXIS2_PLACEMENT_3D('',#8304,#6272,#6273);
#5165=AXIS2_PLACEMENT_3D('',#8305,#6274,#6275);
#5166=AXIS2_PLACEMENT_3D('',#8311,#6279,#6280);
#5167=AXIS2_PLACEMENT_3D('',#8314,#6283,#6284);
#5168=AXIS2_PLACEMENT_3D('',#8318,#6287,#6288);
#5169=AXIS2_PLACEMENT_3D('',#8320,#6290,#6291);
#5170=AXIS2_PLACEMENT_3D('',#8324,#6294,#6295);
#5171=AXIS2_PLACEMENT_3D('',#8326,#6297,#6298);
#5172=AXIS2_PLACEMENT_3D('',#8328,#6300,#6301);
#5173=AXIS2_PLACEMENT_3D('',#8329,#6302,#6303);
#5174=AXIS2_PLACEMENT_3D('',#8332,#6304,#6305);
#5175=AXIS2_PLACEMENT_3D('',#8336,#6307,#6308);
#5176=AXIS2_PLACEMENT_3D('',#8338,#6310,#6311);
#5177=AXIS2_PLACEMENT_3D('',#8344,#6315,#6316);
#5178=AXIS2_PLACEMENT_3D('',#8354,#6322,#6323);
#5179=AXIS2_PLACEMENT_3D('',#8393,#6326,#6327);
#5180=AXIS2_PLACEMENT_3D('',#8395,#6328,#6329);
#5181=AXIS2_PLACEMENT_3D('',#8397,#6331,#6332);
#5182=AXIS2_PLACEMENT_3D('',#8399,#6334,#6335);
#5183=AXIS2_PLACEMENT_3D('',#8400,#6336,#6337);
#5184=AXIS2_PLACEMENT_3D('',#8403,#6339,#6340);
#5185=AXIS2_PLACEMENT_3D('',#8406,#6342,#6343);
#5186=AXIS2_PLACEMENT_3D('',#8418,#6350,#6351);
#5187=AXIS2_PLACEMENT_3D('',#8421,#6352,#6353);
#5188=AXIS2_PLACEMENT_3D('',#8425,#6355,#6356);
#5189=AXIS2_PLACEMENT_3D('',#8427,#6358,#6359);
#5190=AXIS2_PLACEMENT_3D('',#8433,#6363,#6364);
#5191=AXIS2_PLACEMENT_3D('',#8443,#6370,#6371);
#5192=AXIS2_PLACEMENT_3D('',#8479,#6373,#6374);
#5193=AXIS2_PLACEMENT_3D('',#8480,#6375,#6376);
#5194=AXIS2_PLACEMENT_3D('',#8482,#6378,#6379);
#5195=AXIS2_PLACEMENT_3D('',#8483,#6380,#6381);
#5196=AXIS2_PLACEMENT_3D('',#8484,#6382,#6383);
#5197=AXIS2_PLACEMENT_3D('',#8485,#6384,#6385);
#5198=AXIS2_PLACEMENT_3D('',#8488,#6387,#6388);
#5199=AXIS2_PLACEMENT_3D('',#8489,#6389,#6390);
#5200=AXIS2_PLACEMENT_3D('',#8492,#6392,#6393);
#5201=AXIS2_PLACEMENT_3D('',#8493,#6394,#6395);
#5202=AXIS2_PLACEMENT_3D('',#8494,#6396,#6397);
#5203=AXIS2_PLACEMENT_3D('',#8496,#6399,#6400);
#5204=AXIS2_PLACEMENT_3D('',#8497,#6401,#6402);
#5205=AXIS2_PLACEMENT_3D('',#8501,#6405,#6406);
#5206=AXIS2_PLACEMENT_3D('',#8505,#6409,#6410);
#5207=AXIS2_PLACEMENT_3D('',#8507,#6412,#6413);
#5208=AXIS2_PLACEMENT_3D('',#8509,#6415,#6416);
#5209=AXIS2_PLACEMENT_3D('',#8510,#6417,#6418);
#5210=AXIS2_PLACEMENT_3D('',#8516,#6422,#6423);
#5211=AXIS2_PLACEMENT_3D('',#8518,#6425,#6426);
#5212=AXIS2_PLACEMENT_3D('',#8522,#6429,#6430);
#5213=AXIS2_PLACEMENT_3D('',#8528,#6434,#6435);
#5214=AXIS2_PLACEMENT_3D('',#8530,#6437,#6438);
#5215=AXIS2_PLACEMENT_3D('',#8534,#6441,#6442);
#5216=AXIS2_PLACEMENT_3D('',#8537,#6445,#6446);
#5217=AXIS2_PLACEMENT_3D('',#8539,#6448,#6449);
#5218=AXIS2_PLACEMENT_3D('',#8542,#6452,#6453);
#5219=AXIS2_PLACEMENT_3D('',#8551,#6458,#6459);
#5220=AXIS2_PLACEMENT_3D('',#8554,#6462,#6463);
#5221=AXIS2_PLACEMENT_3D('',#8556,#6465,#6466);
#5222=AXIS2_PLACEMENT_3D('',#8558,#6468,#6469);
#5223=AXIS2_PLACEMENT_3D('',#8559,#6470,#6471);
#5224=AXIS2_PLACEMENT_3D('',#8560,#6472,#6473);
#5225=AXIS2_PLACEMENT_3D('',#8561,#6474,#6475);
#5226=AXIS2_PLACEMENT_3D('',#8570,#6480,#6481);
#5227=AXIS2_PLACEMENT_3D('',#8576,#6485,#6486);
#5228=AXIS2_PLACEMENT_3D('',#8582,#6490,#6491);
#5229=AXIS2_PLACEMENT_3D('',#8585,#6494,#6495);
#5230=AXIS2_PLACEMENT_3D('',#8594,#6500,#6501);
#5231=AXIS2_PLACEMENT_3D('',#8600,#6505,#6506);
#5232=AXIS2_PLACEMENT_3D('',#8606,#6510,#6511);
#5233=AXIS2_PLACEMENT_3D('',#8609,#6514,#6515);
#5234=AXIS2_PLACEMENT_3D('',#8610,#6516,#6517);
#5235=DIRECTION('axis',(0.,0.,1.));
#5236=DIRECTION('refdir',(1.,0.,0.));
#5237=DIRECTION('center_axis',(0.,1.,0.));
#5238=DIRECTION('ref_axis',(0.707106781186548,0.,-0.707106781186547));
#5239=DIRECTION('center_axis',(0.,1.,0.));
#5240=DIRECTION('ref_axis',(1.,0.,0.));
#5241=DIRECTION('',(0.,1.,0.));
#5242=DIRECTION('center_axis',(0.,-1.,0.));
#5243=DIRECTION('ref_axis',(0.,0.,-1.));
#5244=DIRECTION('',(0.,-1.,0.));
#5245=DIRECTION('center_axis',(-1.,0.,0.));
#5246=DIRECTION('ref_axis',(0.,0.707106781186547,-0.707106781186548));
#5247=DIRECTION('center_axis',(-1.,0.,0.));
#5248=DIRECTION('ref_axis',(0.,1.,0.));
#5249=DIRECTION('',(-1.,0.,0.));
#5250=DIRECTION('center_axis',(1.,0.,0.));
#5251=DIRECTION('ref_axis',(0.,0.,-1.));
#5252=DIRECTION('',(1.,0.,0.));
#5253=DIRECTION('center_axis',(-0.816496580927726,0.408248290463863,-0.408248290463862));
#5254=DIRECTION('ref_axis',(0.577350269189626,0.577350269189627,-0.577350269189625));
#5255=DIRECTION('center_axis',(0.,0.,-1.));
#5256=DIRECTION('ref_axis',(0.,1.,0.));
#5257=DIRECTION('center_axis',(2.18547839493141E-16,-1.,0.));
#5258=DIRECTION('ref_axis',(-0.707106781186548,-1.6355129777956E-16,-0.707106781186547));
#5259=DIRECTION('center_axis',(0.,-1.,0.));
#5260=DIRECTION('ref_axis',(-1.,0.,0.));
#5261=DIRECTION('',(2.18547839493141E-16,-1.,0.));
#5262=DIRECTION('center_axis',(0.,1.,0.));
#5263=DIRECTION('ref_axis',(0.,0.,-1.));
#5264=DIRECTION('',(-2.18547839493141E-16,1.,0.));
#5265=DIRECTION('center_axis',(0.408248290463864,-0.408248290463862,-0.816496580927726));
#5266=DIRECTION('ref_axis',(-0.577350269189626,0.577350269189626,-0.577350269189626));
#5267=DIRECTION('center_axis',(0.,0.,-1.));
#5268=DIRECTION('ref_axis',(-1.,0.,0.));
#5269=DIRECTION('center_axis',(1.,-6.93889390390722E-16,0.));
#5270=DIRECTION('ref_axis',(0.,-0.707106781186547,-0.707106781186548));
#5271=DIRECTION('center_axis',(1.,0.,0.));
#5272=DIRECTION('ref_axis',(0.,-1.,0.));
#5273=DIRECTION('',(1.,-6.93889390390722E-16,0.));
#5274=DIRECTION('center_axis',(-1.,0.,0.));
#5275=DIRECTION('ref_axis',(0.,0.,-1.));
#5276=DIRECTION('',(-1.,6.93889390390722E-16,0.));
#5277=DIRECTION('center_axis',(0.408248290463863,-0.816496580927726,0.408248290463864));
#5278=DIRECTION('ref_axis',(-0.577350269189626,-0.577350269189626,-0.577350269189626));
#5279=DIRECTION('center_axis',(0.,0.,-1.));
#5280=DIRECTION('ref_axis',(0.,-1.,0.));
#5281=DIRECTION('center_axis',(-0.816496580927726,-0.408248290463863,-0.408248290463862));
#5282=DIRECTION('ref_axis',(0.577350269189626,-0.577350269189627,-0.577350269189625));
#5283=DIRECTION('center_axis',(0.,0.,-1.));
#5284=DIRECTION('ref_axis',(1.,0.,0.));
#5285=DIRECTION('center_axis',(0.,0.,-1.));
#5286=DIRECTION('ref_axis',(-1.,0.,0.));
#5287=DIRECTION('',(0.,0.,-1.));
#5288=DIRECTION('center_axis',(0.,0.,1.));
#5289=DIRECTION('ref_axis',(-1.,0.,0.));
#5290=DIRECTION('',(0.,0.,-1.));
#5291=DIRECTION('center_axis',(-1.,-2.18547839493141E-16,0.));
#5292=DIRECTION('ref_axis',(0.,0.,1.));
#5293=DIRECTION('',(0.,0.,-1.));
#5294=DIRECTION('',(-2.18547839493141E-16,1.,0.));
#5295=DIRECTION('',(0.,0.,-1.));
#5296=DIRECTION('',(-2.18547839493141E-16,1.,0.));
#5297=DIRECTION('',(0.,0.,-1.));
#5298=DIRECTION('',(-2.18547839493141E-16,1.,0.));
#5299=DIRECTION('',(0.,0.,1.));
#5300=DIRECTION('',(-2.18547839493141E-16,1.,0.));
#5301=DIRECTION('',(0.,0.,1.));
#5302=DIRECTION('',(-2.18547839493141E-16,1.,0.));
#5303=DIRECTION('center_axis',(0.,0.,-1.));
#5304=DIRECTION('ref_axis',(0.,-1.,0.));
#5305=DIRECTION('',(0.,0.,-1.));
#5306=DIRECTION('center_axis',(0.,0.,1.));
#5307=DIRECTION('ref_axis',(0.,-1.,0.));
#5308=DIRECTION('center_axis',(-6.93889390390722E-16,-1.,0.));
#5309=DIRECTION('ref_axis',(0.,0.,-1.));
#5310=DIRECTION('',(0.,0.,-1.));
#5311=DIRECTION('',(1.,-6.93889390390722E-16,0.));
#5312=DIRECTION('center_axis',(0.,0.,1.));
#5313=DIRECTION('ref_axis',(1.,0.,0.));
#5314=DIRECTION('center_axis',(0.,1.,0.));
#5315=DIRECTION('ref_axis',(0.707106781186548,0.,-0.707106781186547));
#5316=DIRECTION('center_axis',(0.,1.,0.));
#5317=DIRECTION('ref_axis',(1.,0.,0.));
#5318=DIRECTION('',(0.,1.,0.));
#5319=DIRECTION('center_axis',(0.,-1.,0.));
#5320=DIRECTION('ref_axis',(0.,0.,-1.));
#5321=DIRECTION('',(0.,-1.,0.));
#5322=DIRECTION('center_axis',(-1.,-6.93889390390724E-16,0.));
#5323=DIRECTION('ref_axis',(0.,0.707106781186548,-0.707106781186547));
#5324=DIRECTION('center_axis',(-1.,0.,0.));
#5325=DIRECTION('ref_axis',(0.,1.,0.));
#5326=DIRECTION('',(-1.,-6.93889390390724E-16,0.));
#5327=DIRECTION('center_axis',(1.,0.,0.));
#5328=DIRECTION('ref_axis',(0.,0.,-1.));
#5329=DIRECTION('',(1.,6.93889390390724E-16,0.));
#5330=DIRECTION('center_axis',(-0.408248290463863,-0.408248290463861,-0.816496580927727));
#5331=DIRECTION('ref_axis',(0.577350269189628,0.577350269189625,-0.577350269189625));
#5332=DIRECTION('center_axis',(0.,0.,-1.));
#5333=DIRECTION('ref_axis',(0.,-1.,0.));
#5334=DIRECTION('center_axis',(2.18547839493141E-16,-1.,0.));
#5335=DIRECTION('ref_axis',(-0.707106781186548,0.,-0.707106781186547));
#5336=DIRECTION('center_axis',(0.,-1.,0.));
#5337=DIRECTION('ref_axis',(-1.,0.,0.));
#5338=DIRECTION('',(2.18547839493141E-16,-1.,0.));
#5339=DIRECTION('center_axis',(0.,1.,0.));
#5340=DIRECTION('ref_axis',(0.,0.,-1.));
#5341=DIRECTION('center_axis',(0.408248290463864,-0.408248290463862,-0.816496580927726));
#5342=DIRECTION('ref_axis',(-0.577350269189626,0.577350269189626,-0.577350269189626));
#5343=DIRECTION('center_axis',(0.,0.,-1.));
#5344=DIRECTION('ref_axis',(1.,0.,0.));
#5345=DIRECTION('center_axis',(1.,1.3655879761687E-16,0.));
#5346=DIRECTION('ref_axis',(0.,-0.707106781186547,-0.707106781186548));
#5347=DIRECTION('center_axis',(1.,0.,0.));
#5348=DIRECTION('ref_axis',(0.,-1.,0.));
#5349=DIRECTION('',(1.,1.3655879761687E-16,0.));
#5350=DIRECTION('center_axis',(-1.,0.,0.));
#5351=DIRECTION('ref_axis',(0.,0.,-1.));
#5352=DIRECTION('',(-1.,-1.3655879761687E-16,0.));
#5353=DIRECTION('center_axis',(0.408248290463863,-0.816496580927726,0.408248290463864));
#5354=DIRECTION('ref_axis',(-0.577350269189626,-0.577350269189626,-0.577350269189626));
#5355=DIRECTION('center_axis',(0.,0.,-1.));
#5356=DIRECTION('ref_axis',(0.,1.,0.));
#5357=DIRECTION('center_axis',(-0.816496580927726,-0.408248290463864,-0.408248290463863));
#5358=DIRECTION('ref_axis',(0.577350269189626,-0.577350269189627,-0.577350269189625));
#5359=DIRECTION('center_axis',(0.,0.,-1.));
#5360=DIRECTION('ref_axis',(-1.,0.,0.));
#5361=DIRECTION('center_axis',(0.,0.,-1.));
#5362=DIRECTION('ref_axis',(1.,0.,0.));
#5363=DIRECTION('center_axis',(0.,0.,1.));
#5364=DIRECTION('ref_axis',(1.,0.,0.));
#5365=DIRECTION('',(0.,0.,-1.));
#5366=DIRECTION('center_axis',(0.,0.,-1.));
#5367=DIRECTION('ref_axis',(0.,1.,0.));
#5368=DIRECTION('',(0.,0.,-1.));
#5369=DIRECTION('center_axis',(0.,0.,1.));
#5370=DIRECTION('ref_axis',(0.,1.,0.));
#5371=DIRECTION('center_axis',(1.3655879761687E-16,-1.,0.));
#5372=DIRECTION('ref_axis',(0.,0.,-1.));
#5373=DIRECTION('',(0.,0.,-1.));
#5374=DIRECTION('',(-1.,-1.3655879761687E-16,0.));
#5375=DIRECTION('',(0.303203657276947,4.14051268707776E-17,0.952925780013262));
#5376=DIRECTION('',(-1.,-1.3655879761687E-16,-1.32530033635336E-16));
#5377=DIRECTION('',(-1.76225876924628E-16,-2.40651938618058E-32,1.));
#5378=DIRECTION('',(-1.,-1.3655879761687E-16,0.));
#5379=DIRECTION('',(-1.,-1.3655879761687E-16,0.));
#5380=DIRECTION('center_axis',(0.,0.,1.));
#5381=DIRECTION('ref_axis',(1.,0.,0.));
#5382=DIRECTION('center_axis',(0.,1.,0.));
#5383=DIRECTION('ref_axis',(0.707106781186548,0.,-0.707106781186547));
#5384=DIRECTION('center_axis',(-9.251858538543E-16,1.,0.));
#5385=DIRECTION('ref_axis',(1.,9.251858538543E-16,0.));
#5386=DIRECTION('',(0.,1.,0.));
#5387=DIRECTION('center_axis',(0.,-1.,0.));
#5388=DIRECTION('ref_axis',(0.,0.,-1.));
#5389=DIRECTION('',(0.,-1.,0.));
#5390=DIRECTION('center_axis',(-1.,-6.93889390390724E-16,0.));
#5391=DIRECTION('ref_axis',(0.,0.707106781186547,-0.707106781186548));
#5392=DIRECTION('center_axis',(-1.,0.,0.));
#5393=DIRECTION('ref_axis',(0.,1.,0.));
#5394=DIRECTION('',(-1.,-6.93889390390724E-16,0.));
#5395=DIRECTION('center_axis',(1.,0.,0.));
#5396=DIRECTION('ref_axis',(0.,0.,-1.));
#5397=DIRECTION('',(1.,6.93889390390724E-16,0.));
#5398=DIRECTION('center_axis',(-0.408248290463863,-0.408248290463861,-0.816496580927727));
#5399=DIRECTION('ref_axis',(0.577350269189628,0.577350269189625,-0.577350269189624));
#5400=DIRECTION('center_axis',(0.,0.,-1.));
#5401=DIRECTION('ref_axis',(0.,1.,0.));
#5402=DIRECTION('center_axis',(-1.38777878078145E-15,-1.,0.));
#5403=DIRECTION('ref_axis',(-0.707106781186547,1.30841038223648E-15,-0.707106781186548));
#5404=DIRECTION('center_axis',(-9.251858538543E-16,-1.,0.));
#5405=DIRECTION('ref_axis',(-1.,9.251858538543E-16,0.));
#5406=DIRECTION('',(-1.38777878078145E-15,-1.,0.));
#5407=DIRECTION('center_axis',(9.251858538543E-16,1.,0.));
#5408=DIRECTION('ref_axis',(0.,0.,-1.));
#5409=DIRECTION('',(1.38777878078145E-15,1.,0.));
#5410=DIRECTION('center_axis',(-0.408248290463863,-0.816496580927726,-0.408248290463863));
#5411=DIRECTION('ref_axis',(-0.577350269189626,0.577350269189626,-0.577350269189626));
#5412=DIRECTION('center_axis',(0.,0.,-1.));
#5413=DIRECTION('ref_axis',(-1.,0.,0.));
#5414=DIRECTION('center_axis',(1.,1.3655879761687E-16,0.));
#5415=DIRECTION('ref_axis',(0.,-0.707106781186547,-0.707106781186548));
#5416=DIRECTION('center_axis',(1.,0.,0.));
#5417=DIRECTION('ref_axis',(0.,-1.,0.));
#5418=DIRECTION('',(1.,1.3655879761687E-16,0.));
#5419=DIRECTION('center_axis',(-1.,0.,0.));
#5420=DIRECTION('ref_axis',(0.,0.,-1.));
#5421=DIRECTION('',(-1.,-1.3655879761687E-16,0.));
#5422=DIRECTION('center_axis',(0.408248290463864,0.408248290463861,-0.816496580927727));
#5423=DIRECTION('ref_axis',(-0.577350269189628,-0.577350269189624,-0.577350269189625));
#5424=DIRECTION('center_axis',(0.,0.,-1.));
#5425=DIRECTION('ref_axis',(0.,-1.,0.));
#5426=DIRECTION('center_axis',(-0.408248290463864,0.408248290463862,-0.816496580927726));
#5427=DIRECTION('ref_axis',(0.577350269189626,-0.577350269189626,-0.577350269189626));
#5428=DIRECTION('center_axis',(0.,0.,-1.));
#5429=DIRECTION('ref_axis',(1.,0.,0.));
#5430=DIRECTION('center_axis',(0.,0.,-1.));
#5431=DIRECTION('ref_axis',(-1.,0.,0.));
#5432=DIRECTION('',(0.,0.,-1.));
#5433=DIRECTION('center_axis',(0.,0.,1.));
#5434=DIRECTION('ref_axis',(-1.,0.,0.));
#5435=DIRECTION('',(0.,0.,-1.));
#5436=DIRECTION('center_axis',(-1.,1.38777878078145E-15,0.));
#5437=DIRECTION('ref_axis',(0.,0.,1.));
#5438=DIRECTION('',(0.,0.,-1.));
#5439=DIRECTION('',(-1.38777878078145E-15,-1.,0.));
#5440=DIRECTION('center_axis',(0.,0.,-1.));
#5441=DIRECTION('ref_axis',(0.,-1.,0.));
#5442=DIRECTION('',(0.,0.,-1.));
#5443=DIRECTION('center_axis',(0.,0.,1.));
#5444=DIRECTION('ref_axis',(0.,-1.,0.));
#5445=DIRECTION('center_axis',(1.3655879761687E-16,-1.,0.));
#5446=DIRECTION('ref_axis',(0.,0.,-1.));
#5447=DIRECTION('',(0.,0.,-1.));
#5448=DIRECTION('',(-1.,-1.3655879761687E-16,0.));
#5449=DIRECTION('',(0.,0.,1.));
#5450=DIRECTION('',(-1.,-1.3655879761687E-16,0.));
#5451=DIRECTION('',(0.,0.,-1.));
#5452=DIRECTION('',(-1.,-1.3655879761687E-16,-1.32530033635336E-16));
#5453=DIRECTION('',(0.303203657276947,4.14051268707776E-17,-0.952925780013262));
#5454=DIRECTION('',(-1.,-1.3655879761687E-16,0.));
#5455=DIRECTION('center_axis',(0.,0.,1.));
#5456=DIRECTION('ref_axis',(1.,0.,0.));
#5457=DIRECTION('center_axis',(0.,1.,0.));
#5458=DIRECTION('ref_axis',(0.707106781186548,0.,-0.707106781186547));
#5459=DIRECTION('center_axis',(0.,1.,0.));
#5460=DIRECTION('ref_axis',(1.,0.,0.));
#5461=DIRECTION('',(0.,1.,0.));
#5462=DIRECTION('center_axis',(0.,-1.,0.));
#5463=DIRECTION('ref_axis',(0.,0.,-1.));
#5464=DIRECTION('',(0.,-1.,0.));
#5465=DIRECTION('center_axis',(-1.,0.,0.));
#5466=DIRECTION('ref_axis',(0.,0.707106781186547,-0.707106781186548));
#5467=DIRECTION('center_axis',(-1.,0.,0.));
#5468=DIRECTION('ref_axis',(0.,1.,0.));
#5469=DIRECTION('',(-1.,0.,0.));
#5470=DIRECTION('center_axis',(1.,0.,0.));
#5471=DIRECTION('ref_axis',(0.,0.,-1.));
#5472=DIRECTION('',(1.,0.,0.));
#5473=DIRECTION('center_axis',(0.408248290463863,-0.816496580927726,-0.408248290463863));
#5474=DIRECTION('ref_axis',(0.577350269189626,0.577350269189626,-0.577350269189626));
#5475=DIRECTION('center_axis',(0.,0.,-1.));
#5476=DIRECTION('ref_axis',(0.,1.,0.));
#5477=DIRECTION('center_axis',(0.,-1.,0.));
#5478=DIRECTION('ref_axis',(-0.707106781186548,0.,-0.707106781186547));
#5479=DIRECTION('center_axis',(0.,-1.,0.));
#5480=DIRECTION('ref_axis',(-1.,0.,0.));
#5481=DIRECTION('',(0.,-1.,0.));
#5482=DIRECTION('center_axis',(0.,1.,0.));
#5483=DIRECTION('ref_axis',(0.,0.,-1.));
#5484=DIRECTION('',(0.,1.,0.));
#5485=DIRECTION('center_axis',(-0.816496580927727,-0.408248290463862,0.408248290463862));
#5486=DIRECTION('ref_axis',(-0.577350269189625,0.577350269189627,-0.577350269189625));
#5487=DIRECTION('center_axis',(0.,0.,-1.));
#5488=DIRECTION('ref_axis',(-1.,0.,0.));
#5489=DIRECTION('center_axis',(1.,6.93889390390722E-16,0.));
#5490=DIRECTION('ref_axis',(0.,-0.707106781186547,-0.707106781186548));
#5491=DIRECTION('center_axis',(1.,0.,0.));
#5492=DIRECTION('ref_axis',(0.,-1.,0.));
#5493=DIRECTION('',(1.,6.93889390390722E-16,0.));
#5494=DIRECTION('center_axis',(-1.,0.,0.));
#5495=DIRECTION('ref_axis',(0.,0.,-1.));
#5496=DIRECTION('',(-1.,-6.93889390390722E-16,0.));
#5497=DIRECTION('center_axis',(-0.816496580927726,0.408248290463863,0.408248290463863));
#5498=DIRECTION('ref_axis',(-0.577350269189625,-0.577350269189627,-0.577350269189625));
#5499=DIRECTION('center_axis',(0.,0.,-1.));
#5500=DIRECTION('ref_axis',(0.,-1.,0.));
#5501=DIRECTION('center_axis',(-0.408248290463864,-0.816496580927726,0.408248290463863));
#5502=DIRECTION('ref_axis',(0.577350269189626,-0.577350269189626,-0.577350269189626));
#5503=DIRECTION('center_axis',(0.,0.,-1.));
#5504=DIRECTION('ref_axis',(1.,0.,0.));
#5505=DIRECTION('center_axis',(0.,0.,-1.));
#5506=DIRECTION('ref_axis',(-1.,0.,0.));
#5507=DIRECTION('',(0.,0.,-1.));
#5508=DIRECTION('center_axis',(0.,0.,1.));
#5509=DIRECTION('ref_axis',(-1.,0.,0.));
#5510=DIRECTION('',(0.,0.,-1.));
#5511=DIRECTION('center_axis',(-1.,0.,0.));
#5512=DIRECTION('ref_axis',(0.,0.,1.));
#5513=DIRECTION('',(0.,0.,-1.));
#5514=DIRECTION('',(0.,-1.,0.));
#5515=DIRECTION('center_axis',(0.,0.,-1.));
#5516=DIRECTION('ref_axis',(0.,-1.,0.));
#5517=DIRECTION('',(0.,0.,-1.));
#5518=DIRECTION('center_axis',(0.,0.,1.));
#5519=DIRECTION('ref_axis',(0.,-1.,0.));
#5520=DIRECTION('center_axis',(6.93889390390722E-16,-1.,0.));
#5521=DIRECTION('ref_axis',(0.,0.,-1.));
#5522=DIRECTION('',(0.,0.,-1.));
#5523=DIRECTION('',(1.,6.93889390390722E-16,0.));
#5524=DIRECTION('center_axis',(0.,0.,1.));
#5525=DIRECTION('ref_axis',(1.,0.,0.));
#5526=DIRECTION('center_axis',(-0.901525712791622,0.,-0.432725535617623));
#5527=DIRECTION('ref_axis',(-0.432725535617623,0.,0.901525712791622));
#5528=DIRECTION('',(0.432725535617623,0.,-0.901525712791622));
#5529=DIRECTION('',(0.,1.,0.));
#5530=DIRECTION('',(-0.432725535617623,-5.27074945704172E-17,0.901525712791622));
#5531=DIRECTION('',(0.,1.,0.));
#5532=DIRECTION('center_axis',(-0.901525712791622,0.,-0.432725535617623));
#5533=DIRECTION('ref_axis',(-0.432725535617623,0.,0.901525712791622));
#5534=DIRECTION('',(-0.432725535617623,-6.73803440372984E-17,0.901525712791622));
#5535=DIRECTION('',(0.,1.,0.));
#5536=DIRECTION('',(0.432725535617623,-5.27074945704172E-17,-0.901525712791622));
#5537=DIRECTION('',(0.,1.,0.));
#5538=DIRECTION('center_axis',(0.,0.,-1.));
#5539=DIRECTION('ref_axis',(-1.,0.,0.));
#5540=DIRECTION('',(1.,0.,0.));
#5541=DIRECTION('',(-1.,-1.49202255350656E-16,0.));
#5542=DIRECTION('',(0.,1.,0.));
#5543=DIRECTION('center_axis',(0.901525712791622,0.,-0.432725535617623));
#5544=DIRECTION('ref_axis',(-0.432725535617623,0.,-0.901525712791622));
#5545=DIRECTION('',(0.432725535617623,0.,0.901525712791622));
#5546=DIRECTION('',(-0.432725535617623,-7.64197571535222E-17,-0.901525712791622));
#5547=DIRECTION('',(0.,-1.,0.));
#5548=DIRECTION('center_axis',(0.901525712791622,0.,-0.432725535617623));
#5549=DIRECTION('ref_axis',(-0.432725535617623,0.,-0.901525712791622));
#5550=DIRECTION('',(-0.432725535617623,-6.73803440372984E-17,-0.901525712791622));
#5551=DIRECTION('',(0.,-1.,0.));
#5552=DIRECTION('',(0.432725535617623,-7.64197571535222E-17,0.901525712791622));
#5553=DIRECTION('',(0.,1.,0.));
#5554=DIRECTION('center_axis',(0.,0.,-1.));
#5555=DIRECTION('ref_axis',(-1.,0.,0.));
#5556=DIRECTION('',(-1.,-1.55711504155001E-16,0.));
#5557=DIRECTION('',(1.,-1.49202255350656E-16,0.));
#5558=DIRECTION('center_axis',(1.49202255350656E-16,1.,1.31511848451215E-17));
#5559=DIRECTION('ref_axis',(0.,-1.31511848451215E-17,1.));
#5560=DIRECTION('',(-1.,1.49202255350656E-16,0.));
#5561=DIRECTION('',(0.,0.,1.));
#5562=DIRECTION('',(1.,-1.3655879761687E-16,1.32530033635336E-16));
#5563=DIRECTION('',(-0.303203657276947,3.27065664196517E-17,0.952925780013262));
#5564=DIRECTION('',(0.,-1.31511848451215E-17,1.));
#5565=DIRECTION('',(-1.,1.49202255350656E-16,0.));
#5566=DIRECTION('',(3.46944695195361E-16,1.31511848451214E-17,-1.));
#5567=DIRECTION('',(-0.303203657276947,5.77707725729237E-17,-0.952925780013262));
#5568=DIRECTION('',(1.,-1.3655879761687E-16,1.32530033635336E-16));
#5569=DIRECTION('',(1.76225876924628E-16,-2.40651938618058E-32,-1.));
#5570=DIRECTION('',(-1.,1.49202255350656E-16,0.));
#5571=DIRECTION('center_axis',(0.,-1.,0.));
#5572=DIRECTION('ref_axis',(0.,0.,-1.));
#5573=DIRECTION('',(-1.,0.,0.));
#5574=DIRECTION('',(0.,0.,-1.));
#5575=DIRECTION('',(1.,0.,0.));
#5576=DIRECTION('',(0.,0.,-1.));
#5577=DIRECTION('',(-1.,0.,0.));
#5578=DIRECTION('center_axis',(0.,0.,1.));
#5579=DIRECTION('ref_axis',(1.,0.,0.));
#5580=DIRECTION('',(1.,1.55711504155001E-16,0.));
#5581=DIRECTION('',(1.85037170770859E-16,-1.,0.));
#5582=DIRECTION('',(1.,1.49202255350656E-16,0.));
#5583=DIRECTION('',(0.,-1.,0.));
#5584=DIRECTION('',(0.,-1.,0.));
#5585=DIRECTION('',(1.,0.,0.));
#5586=DIRECTION('',(0.,-1.,0.));
#5587=DIRECTION('center_axis',(0.,0.,1.));
#5588=DIRECTION('ref_axis',(1.,0.,0.));
#5589=DIRECTION('',(0.,1.,0.));
#5590=DIRECTION('',(1.,0.,0.));
#5591=DIRECTION('',(0.,1.,0.));
#5592=DIRECTION('',(1.,1.49202255350656E-16,0.));
#5593=DIRECTION('',(-3.70074341541719E-16,1.,0.));
#5594=DIRECTION('',(1.,1.55711504155001E-16,0.));
#5595=DIRECTION('center_axis',(0.,0.,-1.));
#5596=DIRECTION('ref_axis',(0.,1.,0.));
#5597=DIRECTION('',(0.,0.,-1.));
#5598=DIRECTION('center_axis',(0.,0.,1.));
#5599=DIRECTION('ref_axis',(0.,1.,0.));
#5600=DIRECTION('',(0.,0.,-1.));
#5601=DIRECTION('center_axis',(-6.93889390390724E-16,1.,0.));
#5602=DIRECTION('ref_axis',(0.,0.,1.));
#5603=DIRECTION('',(-1.,-6.93889390390724E-16,0.));
#5604=DIRECTION('center_axis',(0.,0.,-1.));
#5605=DIRECTION('ref_axis',(1.,0.,0.));
#5606=DIRECTION('',(0.,0.,-1.));
#5607=DIRECTION('center_axis',(0.,0.,1.));
#5608=DIRECTION('ref_axis',(1.,0.,0.));
#5609=DIRECTION('center_axis',(0.,0.,-1.));
#5610=DIRECTION('ref_axis',(0.,1.,0.));
#5611=DIRECTION('',(0.,0.,-1.));
#5612=DIRECTION('center_axis',(0.,0.,1.));
#5613=DIRECTION('ref_axis',(0.,1.,0.));
#5614=DIRECTION('',(0.,0.,-1.));
#5615=DIRECTION('center_axis',(0.,0.,-1.));
#5616=DIRECTION('ref_axis',(1.,0.,0.));
#5617=DIRECTION('',(0.,0.,-1.));
#5618=DIRECTION('center_axis',(0.,0.,1.));
#5619=DIRECTION('ref_axis',(1.,0.,0.));
#5620=DIRECTION('center_axis',(0.,0.,-1.));
#5621=DIRECTION('ref_axis',(1.,0.,0.));
#5622=DIRECTION('',(0.,0.,-1.));
#5623=DIRECTION('center_axis',(0.,0.,1.));
#5624=DIRECTION('ref_axis',(1.,0.,0.));
#5625=DIRECTION('center_axis',(1.,0.,0.));
#5626=DIRECTION('ref_axis',(0.,0.,-1.));
#5627=DIRECTION('',(0.,0.,-1.));
#5628=DIRECTION('',(0.,1.,0.));
#5629=DIRECTION('center_axis',(0.,0.,-1.));
#5630=DIRECTION('ref_axis',(0.,1.,0.));
#5631=DIRECTION('',(0.,0.,-1.));
#5632=DIRECTION('center_axis',(0.,0.,1.));
#5633=DIRECTION('ref_axis',(0.,1.,0.));
#5634=DIRECTION('center_axis',(0.,0.,-1.));
#5635=DIRECTION('ref_axis',(0.,-1.,0.));
#5636=DIRECTION('',(0.,0.,-1.));
#5637=DIRECTION('center_axis',(0.,0.,1.));
#5638=DIRECTION('ref_axis',(0.,-1.,0.));
#5639=DIRECTION('',(0.,0.,-1.));
#5640=DIRECTION('center_axis',(-6.93889390390724E-16,1.,0.));
#5641=DIRECTION('ref_axis',(0.,0.,1.));
#5642=DIRECTION('',(-1.,-6.93889390390724E-16,0.));
#5643=DIRECTION('center_axis',(0.,0.,-1.));
#5644=DIRECTION('ref_axis',(-1.,0.,0.));
#5645=DIRECTION('',(0.,0.,-1.));
#5646=DIRECTION('center_axis',(0.,0.,1.));
#5647=DIRECTION('ref_axis',(-1.,0.,0.));
#5648=DIRECTION('center_axis',(1.,0.,0.));
#5649=DIRECTION('ref_axis',(0.,0.,-1.));
#5650=DIRECTION('',(0.,1.,0.));
#5651=DIRECTION('center_axis',(0.,0.,1.));
#5652=DIRECTION('ref_axis',(1.,0.,0.));
#5653=DIRECTION('center_axis',(0.,0.,1.));
#5654=DIRECTION('ref_axis',(1.,0.,0.));
#5655=DIRECTION('',(1.,0.,0.));
#5656=DIRECTION('center_axis',(0.,0.,1.));
#5657=DIRECTION('ref_axis',(1.,0.,0.));
#5658=DIRECTION('',(1.,0.,0.));
#5659=DIRECTION('',(0.,-1.,0.));
#5660=DIRECTION('center_axis',(0.,0.,1.));
#5661=DIRECTION('ref_axis',(1.,0.,0.));
#5662=DIRECTION('',(0.,-1.,0.));
#5663=DIRECTION('center_axis',(1.23764301668532E-16,-0.90630778703665,0.422618261740699));
#5664=DIRECTION('ref_axis',(0.,-0.422618261740699,-0.90630778703665));
#5665=DIRECTION('',(3.14438678926613E-16,-0.422618261740699,-0.90630778703665));
#5666=DIRECTION('',(1.,1.3655879761687E-16,0.));
#5667=DIRECTION('',(0.,0.422618261740699,0.90630778703665));
#5668=DIRECTION('',(-1.,-1.49202255350656E-16,0.));
#5669=DIRECTION('center_axis',(1.,0.,0.));
#5670=DIRECTION('ref_axis',(0.,0.,-1.));
#5671=DIRECTION('',(0.,0.,1.));
#5672=DIRECTION('',(0.,1.,0.));
#5673=DIRECTION('',(0.,1.31511848451215E-17,1.));
#5674=DIRECTION('center_axis',(0.,0.90630778703665,0.4226182617407));
#5675=DIRECTION('ref_axis',(0.,-0.4226182617407,0.90630778703665));
#5676=DIRECTION('',(0.,0.4226182617407,-0.90630778703665));
#5677=DIRECTION('',(-1.,0.,0.));
#5678=DIRECTION('',(-3.14438678926613E-16,-0.4226182617407,0.90630778703665));
#5679=DIRECTION('center_axis',(0.,1.,0.));
#5680=DIRECTION('ref_axis',(0.,0.,1.));
#5681=DIRECTION('',(0.,0.,-1.));
#5682=DIRECTION('',(-1.,0.,-1.41249748680045E-16));
#5683=DIRECTION('',(-3.46944695195361E-16,0.,1.));
#5684=DIRECTION('center_axis',(-1.,0.,0.));
#5685=DIRECTION('ref_axis',(0.,0.,-1.));
#5686=DIRECTION('',(0.,-1.,0.));
#5687=DIRECTION('center_axis',(-0.952925780013262,0.,-0.303203657276947));
#5688=DIRECTION('ref_axis',(0.303203657276947,0.,-0.952925780013262));
#5689=DIRECTION('',(0.,-1.,0.));
#5690=DIRECTION('',(-0.303203657276947,0.,0.952925780013262));
#5691=DIRECTION('',(0.,1.,0.));
#5692=DIRECTION('',(-0.303203657276947,4.14051268707776E-17,0.952925780013262));
#5693=DIRECTION('',(0.,-1.,0.));
#5694=DIRECTION('center_axis',(0.952925780013262,0.,-0.303203657276947));
#5695=DIRECTION('ref_axis',(0.303203657276947,0.,0.952925780013262));
#5696=DIRECTION('',(0.,-1.,0.));
#5697=DIRECTION('',(-0.303203657276947,4.14051268707776E-17,-0.952925780013262));
#5698=DIRECTION('',(0.,-1.,0.));
#5699=DIRECTION('',(-0.303203657276947,0.,-0.952925780013262));
#5700=DIRECTION('',(0.,1.,0.));
#5701=DIRECTION('center_axis',(5.91777209041985E-17,1.,1.1298063344218E-16));
#5702=DIRECTION('ref_axis',(0.,-1.1298063344218E-16,1.));
#5703=DIRECTION('',(1.,-5.91777209041985E-17,0.));
#5704=DIRECTION('',(-1.,1.3655879761687E-16,-1.41249748680045E-16));
#5705=DIRECTION('center_axis',(-1.32530033635336E-16,0.,1.));
#5706=DIRECTION('ref_axis',(-1.,0.,-1.32530033635336E-16));
#5707=DIRECTION('',(1.,0.,1.32530033635336E-16));
#5708=DIRECTION('',(0.,-1.,0.));
#5709=DIRECTION('center_axis',(1.,0.,3.46944695195361E-16));
#5710=DIRECTION('ref_axis',(-3.46944695195361E-16,0.,1.));
#5711=DIRECTION('',(0.,-1.,0.));
#5712=DIRECTION('center_axis',(-1.41249748680045E-16,0.,1.));
#5713=DIRECTION('ref_axis',(-1.,0.,-1.41249748680045E-16));
#5714=DIRECTION('center_axis',(-1.32530033635336E-16,0.,1.));
#5715=DIRECTION('ref_axis',(-1.,0.,-1.32530033635336E-16));
#5716=DIRECTION('',(0.,-1.,0.));
#5717=DIRECTION('',(1.,0.,1.32530033635336E-16));
#5718=DIRECTION('center_axis',(-1.,0.,0.));
#5719=DIRECTION('ref_axis',(0.,0.,-1.));
#5720=DIRECTION('',(0.,0.,1.));
#5721=DIRECTION('center_axis',(1.,0.,1.76225876924628E-16));
#5722=DIRECTION('ref_axis',(-1.76225876924628E-16,0.,1.));
#5723=DIRECTION('',(1.76225876924628E-16,0.,-1.));
#5724=DIRECTION('center_axis',(0.,0.,1.));
#5725=DIRECTION('ref_axis',(1.,0.,0.));
#5726=DIRECTION('',(0.,1.,0.));
#5727=DIRECTION('',(-1.,-5.91777209041985E-17,0.));
#5728=DIRECTION('',(0.,-1.,0.));
#5729=DIRECTION('',(1.,0.,0.));
#5730=DIRECTION('',(1.,0.,0.));
#5731=DIRECTION('',(0.,-1.,0.));
#5732=DIRECTION('center_axis',(0.,1.,0.));
#5733=DIRECTION('ref_axis',(0.,0.,1.));
#5734=DIRECTION('',(0.,0.,1.));
#5735=DIRECTION('center_axis',(0.952925780013262,0.,0.303203657276947));
#5736=DIRECTION('ref_axis',(0.303203657276947,0.,-0.952925780013262));
#5737=DIRECTION('',(0.303203657276947,3.27065664196517E-17,-0.952925780013262));
#5738=DIRECTION('',(0.,1.,0.));
#5739=DIRECTION('',(-0.303203657276947,-4.14051268707776E-17,0.952925780013262));
#5740=DIRECTION('',(0.,-1.,0.));
#5741=DIRECTION('center_axis',(-0.952925780013262,0.,0.303203657276947));
#5742=DIRECTION('ref_axis',(0.303203657276947,0.,0.952925780013262));
#5743=DIRECTION('',(0.303203657276947,5.77707725729237E-17,0.952925780013262));
#5744=DIRECTION('',(0.,1.,0.));
#5745=DIRECTION('',(-0.303203657276947,-4.14051268707776E-17,-0.952925780013262));
#5746=DIRECTION('',(0.,1.,0.));
#5747=DIRECTION('center_axis',(-5.91777209041985E-17,1.,-1.1298063344218E-16));
#5748=DIRECTION('ref_axis',(0.,1.1298063344218E-16,1.));
#5749=DIRECTION('',(-1.,-1.3655879761687E-16,-1.41249748680045E-16));
#5750=DIRECTION('center_axis',(1.32530033635336E-16,0.,-1.));
#5751=DIRECTION('ref_axis',(-1.,0.,-1.32530033635336E-16));
#5752=DIRECTION('',(1.,1.3655879761687E-16,1.32530033635336E-16));
#5753=DIRECTION('',(0.,1.,0.));
#5754=DIRECTION('center_axis',(1.32530033635336E-16,0.,-1.));
#5755=DIRECTION('ref_axis',(-1.,0.,-1.32530033635336E-16));
#5756=DIRECTION('',(0.,1.,0.));
#5757=DIRECTION('',(1.,1.3655879761687E-16,1.32530033635336E-16));
#5758=DIRECTION('center_axis',(-1.,0.,-3.46944695195361E-16));
#5759=DIRECTION('ref_axis',(-3.46944695195361E-16,0.,1.));
#5760=DIRECTION('',(3.46944695195361E-16,-1.31511848451214E-17,-1.));
#5761=DIRECTION('',(0.,1.,0.));
#5762=DIRECTION('',(3.46944695195361E-16,4.73783504154301E-32,-1.));
#5763=DIRECTION('center_axis',(1.41249748680045E-16,0.,-1.));
#5764=DIRECTION('ref_axis',(-1.,0.,-1.41249748680045E-16));
#5765=DIRECTION('',(1.,1.3655879761687E-16,1.41249748680045E-16));
#5766=DIRECTION('center_axis',(1.,0.,0.));
#5767=DIRECTION('ref_axis',(0.,0.,-1.));
#5768=DIRECTION('',(0.,0.,1.));
#5769=DIRECTION('center_axis',(-1.,0.,-1.76225876924628E-16));
#5770=DIRECTION('ref_axis',(-1.76225876924628E-16,0.,1.));
#5771=DIRECTION('',(1.76225876924628E-16,2.40651938618058E-32,-1.));
#5772=DIRECTION('center_axis',(-1.49202255350656E-16,1.,-1.31511848451215E-17));
#5773=DIRECTION('ref_axis',(0.,1.31511848451215E-17,1.));
#5774=DIRECTION('center_axis',(1.3655879761687E-16,-1.,0.));
#5775=DIRECTION('ref_axis',(0.,0.,-1.));
#5776=DIRECTION('center_axis',(1.,1.85037170770859E-16,0.));
#5777=DIRECTION('ref_axis',(0.,0.,-1.));
#5778=DIRECTION('',(-1.85037170770859E-16,1.,0.));
#5779=DIRECTION('',(0.,0.,-1.));
#5780=DIRECTION('center_axis',(-1.55711504155001E-16,1.,0.));
#5781=DIRECTION('ref_axis',(0.,0.,1.));
#5782=DIRECTION('',(0.,0.,-1.));
#5783=DIRECTION('',(-1.,-1.55711504155001E-16,0.));
#5784=DIRECTION('center_axis',(-1.,-3.70074341541719E-16,0.));
#5785=DIRECTION('ref_axis',(0.,0.,1.));
#5786=DIRECTION('',(3.70074341541719E-16,-1.,0.));
#5787=DIRECTION('center_axis',(-1.44752671798286E-32,3.06615712539261E-32,
1.));
#5788=DIRECTION('ref_axis',(1.,0.,1.44752671798286E-32));
#5789=DIRECTION('center_axis',(1.,0.,0.));
#5790=DIRECTION('ref_axis',(0.,0.,-1.));
#5791=DIRECTION('center_axis',(0.,1.,0.));
#5792=DIRECTION('ref_axis',(0.,0.,1.));
#5793=DIRECTION('center_axis',(-4.08170229641602E-16,1.,-2.88262654761725E-16));
#5794=DIRECTION('ref_axis',(0.,2.88262654761725E-16,1.));
#5795=DIRECTION('',(1.05274946202644E-31,-2.88262654761725E-16,-1.));
#5796=DIRECTION('',(1.,4.08170229641602E-16,0.));
#5797=DIRECTION('',(1.05274946202644E-31,-2.88262654761725E-16,-1.));
#5798=DIRECTION('',(-1.,-4.08170229641602E-16,0.));
#5799=DIRECTION('center_axis',(1.,4.08170229641602E-16,0.));
#5800=DIRECTION('ref_axis',(-4.08170229641602E-16,1.,0.));
#5801=DIRECTION('center_axis',(-1.,-3.65204942310907E-16,0.));
#5802=DIRECTION('ref_axis',(-3.65204942310907E-16,1.,0.));
#5803=DIRECTION('',(1.,4.08170229641602E-16,0.));
#5804=DIRECTION('center_axis',(-1.,-3.65204942310907E-16,0.));
#5805=DIRECTION('ref_axis',(-3.65204942310907E-16,1.,0.));
#5806=DIRECTION('center_axis',(0.,0.,-1.));
#5807=DIRECTION('ref_axis',(-1.,0.,0.));
#5808=DIRECTION('',(3.65204942310907E-16,-1.,0.));
#5809=DIRECTION('',(1.,4.08170229641602E-16,0.));
#5810=DIRECTION('',(3.65204942310907E-16,-1.,0.));
#5811=DIRECTION('center_axis',(1.,4.08170229641602E-16,0.));
#5812=DIRECTION('ref_axis',(0.,0.,-1.));
#5813=DIRECTION('center_axis',(-1.,-3.65204942310907E-16,0.));
#5814=DIRECTION('ref_axis',(0.,0.,-1.));
#5815=DIRECTION('',(1.,4.08170229641602E-16,0.));
#5816=DIRECTION('center_axis',(-1.,-3.65204942310907E-16,0.));
#5817=DIRECTION('ref_axis',(0.,0.,-1.));
#5818=DIRECTION('center_axis',(4.08170229641602E-16,-1.,1.23541137755025E-16));
#5819=DIRECTION('ref_axis',(0.,-1.23541137755025E-16,-1.));
#5820=DIRECTION('',(-4.51178340868476E-32,1.23541137755025E-16,1.));
#5821=DIRECTION('',(1.,4.08170229641602E-16,0.));
#5822=DIRECTION('',(-4.51178340868476E-32,1.23541137755025E-16,1.));
#5823=DIRECTION('center_axis',(-4.08170229641602E-16,1.,-2.88262654761725E-16));
#5824=DIRECTION('ref_axis',(0.,2.88262654761725E-16,1.));
#5825=DIRECTION('',(1.05274946202644E-31,-2.88262654761725E-16,-1.));
#5826=DIRECTION('',(1.,4.08170229641602E-16,0.));
#5827=DIRECTION('',(1.05274946202644E-31,-2.88262654761725E-16,-1.));
#5828=DIRECTION('',(-1.,-4.08170229641602E-16,0.));
#5829=DIRECTION('center_axis',(1.,4.08170229641602E-16,0.));
#5830=DIRECTION('ref_axis',(-4.08170229641602E-16,1.,0.));
#5831=DIRECTION('center_axis',(-1.,-3.65204942310907E-16,0.));
#5832=DIRECTION('ref_axis',(-3.65204942310907E-16,1.,0.));
#5833=DIRECTION('',(1.,4.08170229641602E-16,0.));
#5834=DIRECTION('center_axis',(-1.,-3.65204942310907E-16,0.));
#5835=DIRECTION('ref_axis',(-3.65204942310907E-16,1.,0.));
#5836=DIRECTION('center_axis',(0.,0.,-1.));
#5837=DIRECTION('ref_axis',(-1.,0.,0.));
#5838=DIRECTION('',(3.65204942310907E-16,-1.,0.));
#5839=DIRECTION('',(1.,4.08170229641602E-16,0.));
#5840=DIRECTION('',(3.65204942310907E-16,-1.,0.));
#5841=DIRECTION('center_axis',(1.,4.08170229641602E-16,0.));
#5842=DIRECTION('ref_axis',(0.,0.,-1.));
#5843=DIRECTION('center_axis',(-1.,-3.65204942310907E-16,0.));
#5844=DIRECTION('ref_axis',(0.,0.,-1.));
#5845=DIRECTION('',(1.,4.08170229641602E-16,0.));
#5846=DIRECTION('center_axis',(-1.,-3.65204942310907E-16,0.));
#5847=DIRECTION('ref_axis',(0.,0.,-1.));
#5848=DIRECTION('center_axis',(4.08170229641602E-16,-1.,1.23541137755025E-16));
#5849=DIRECTION('ref_axis',(0.,-1.23541137755025E-16,-1.));
#5850=DIRECTION('',(-4.51178340868476E-32,1.23541137755025E-16,1.));
#5851=DIRECTION('',(1.,4.08170229641602E-16,0.));
#5852=DIRECTION('',(-4.51178340868476E-32,1.23541137755025E-16,1.));
#5853=DIRECTION('center_axis',(0.,0.,1.));
#5854=DIRECTION('ref_axis',(1.,0.,0.));
#5855=DIRECTION('',(0.,1.,0.));
#5856=DIRECTION('',(1.,0.,0.));
#5857=DIRECTION('',(3.65204942310907E-16,-1.,0.));
#5858=DIRECTION('center_axis',(0.,0.,1.));
#5859=DIRECTION('ref_axis',(1.,0.,0.));
#5860=DIRECTION('',(3.65204942310907E-16,-1.,0.));
#5861=DIRECTION('',(-1.,0.,0.));
#5862=DIRECTION('',(0.,1.,0.));
#5863=DIRECTION('center_axis',(0.,0.,1.));
#5864=DIRECTION('ref_axis',(1.,0.,0.));
#5865=DIRECTION('',(-9.13012355777267E-17,1.,0.));
#5866=DIRECTION('',(1.,2.72113486427734E-16,0.));
#5867=DIRECTION('',(1.82602471155453E-16,-1.,0.));
#5868=DIRECTION('center_axis',(0.,0.,1.));
#5869=DIRECTION('ref_axis',(1.,0.,0.));
#5870=DIRECTION('',(1.82602471155453E-16,-1.,0.));
#5871=DIRECTION('',(-1.,0.,0.));
#5872=DIRECTION('',(-9.13012355777267E-17,1.,0.));
#5873=DIRECTION('center_axis',(-4.08170229641602E-16,1.,-2.88262654761725E-16));
#5874=DIRECTION('ref_axis',(0.,2.88262654761725E-16,1.));
#5875=DIRECTION('',(1.05274946202644E-31,-2.88262654761725E-16,-1.));
#5876=DIRECTION('',(1.,4.08170229641602E-16,0.));
#5877=DIRECTION('',(1.05274946202644E-31,-2.88262654761725E-16,-1.));
#5878=DIRECTION('',(-1.,-4.08170229641602E-16,0.));
#5879=DIRECTION('center_axis',(1.,4.08170229641602E-16,0.));
#5880=DIRECTION('ref_axis',(-4.08170229641602E-16,1.,0.));
#5881=DIRECTION('center_axis',(-1.,-3.65204942310907E-16,0.));
#5882=DIRECTION('ref_axis',(-3.65204942310907E-16,1.,0.));
#5883=DIRECTION('',(1.,4.08170229641602E-16,0.));
#5884=DIRECTION('center_axis',(-1.,-3.65204942310907E-16,0.));
#5885=DIRECTION('ref_axis',(-3.65204942310907E-16,1.,0.));
#5886=DIRECTION('center_axis',(0.,0.,-1.));
#5887=DIRECTION('ref_axis',(-1.,0.,0.));
#5888=DIRECTION('',(3.65204942310907E-16,-1.,0.));
#5889=DIRECTION('',(1.,4.08170229641602E-16,0.));
#5890=DIRECTION('',(3.65204942310907E-16,-1.,0.));
#5891=DIRECTION('center_axis',(1.,4.08170229641602E-16,0.));
#5892=DIRECTION('ref_axis',(0.,0.,-1.));
#5893=DIRECTION('center_axis',(-1.,-3.65204942310907E-16,0.));
#5894=DIRECTION('ref_axis',(0.,0.,-1.));
#5895=DIRECTION('',(1.,4.08170229641602E-16,0.));
#5896=DIRECTION('center_axis',(-1.,-3.65204942310907E-16,0.));
#5897=DIRECTION('ref_axis',(0.,0.,-1.));
#5898=DIRECTION('center_axis',(4.08170229641602E-16,-1.,1.23541137755025E-16));
#5899=DIRECTION('ref_axis',(0.,-1.23541137755025E-16,-1.));
#5900=DIRECTION('',(-4.51178340868476E-32,1.23541137755025E-16,1.));
#5901=DIRECTION('',(1.,4.08170229641602E-16,0.));
#5902=DIRECTION('',(-4.51178340868476E-32,1.23541137755025E-16,1.));
#5903=DIRECTION('center_axis',(0.,0.,1.));
#5904=DIRECTION('ref_axis',(1.,0.,0.));
#5905=DIRECTION('',(-3.65204942310907E-16,1.,0.));
#5906=DIRECTION('',(1.,0.,0.));
#5907=DIRECTION('',(3.65204942310907E-16,-1.,0.));
#5908=DIRECTION('center_axis',(0.,0.,1.));
#5909=DIRECTION('ref_axis',(1.,0.,0.));
#5910=DIRECTION('',(3.65204942310907E-16,-1.,0.));
#5911=DIRECTION('',(-1.,-2.72113486427735E-16,0.));
#5912=DIRECTION('',(-3.65204942310907E-16,1.,0.));
#5913=DIRECTION('center_axis',(0.630592625094466,-0.776114000116266,0.));
#5914=DIRECTION('ref_axis',(0.776114000116266,0.630592625094466,0.));
#5915=DIRECTION('center_axis',(-0.776114000116266,0.630592625094466,0.));
#5916=DIRECTION('ref_axis',(0.630592625094466,0.776114000116265,0.));
#5917=DIRECTION('center_axis',(0.,-1.,0.));
#5918=DIRECTION('ref_axis',(-0.246153846153846,0.,-0.969230769230769));
#5919=DIRECTION('',(0.,1.,0.));
#5920=DIRECTION('center_axis',(-0.776114000116266,-0.630592625094466,0.));
#5921=DIRECTION('ref_axis',(0.630592625094466,-0.776114000116265,0.));
#5922=DIRECTION('',(0.,1.,0.));
#5923=DIRECTION('center_axis',(0.,0.,1.));
#5924=DIRECTION('ref_axis',(1.,0.,0.));
#5925=DIRECTION('',(1.,0.,0.));
#5926=DIRECTION('',(0.,-1.,0.));
#5927=DIRECTION('',(1.,0.,0.));
#5928=DIRECTION('center_axis',(1.,0.,0.));
#5929=DIRECTION('ref_axis',(0.,-0.861538461538461,-0.507692307692308));
#5930=DIRECTION('center_axis',(-0.630592625094466,-0.776114000116266,0.));
#5931=DIRECTION('ref_axis',(-0.776114000116265,0.630592625094466,0.));
#5932=DIRECTION('center_axis',(0.776114000116265,0.630592625094466,6.62815102048469E-16));
#5933=DIRECTION('ref_axis',(-0.630592625094466,0.776114000116265,0.));
#5934=DIRECTION('center_axis',(0.,-1.,0.));
#5935=DIRECTION('ref_axis',(-0.780769230769231,0.,0.624819500563182));
#5936=DIRECTION('',(0.,-1.,0.));
#5937=DIRECTION('',(0.,1.,0.));
#5938=DIRECTION('center_axis',(-0.630592625094466,0.776114000116266,2.6926863520719E-16));
#5939=DIRECTION('ref_axis',(-0.776114000116266,-0.630592625094466,0.));
#5940=DIRECTION('center_axis',(0.776114000116265,-0.630592625094466,-3.31407551024234E-16));
#5941=DIRECTION('ref_axis',(-0.630592625094466,-0.776114000116265,0.));
#5942=DIRECTION('center_axis',(-1.,0.,0.));
#5943=DIRECTION('ref_axis',(0.,0.861538461538461,-0.507692307692308));
#5944=DIRECTION('center_axis',(0.630592625094466,0.776114000116266,0.));
#5945=DIRECTION('ref_axis',(0.776114000116266,-0.630592625094466,0.));
#5946=DIRECTION('center_axis',(0.,-1.,0.));
#5947=DIRECTION('ref_axis',(-0.780769230769231,0.,0.624819500563182));
#5948=DIRECTION('',(0.,1.,0.));
#5949=DIRECTION('',(0.,-1.,0.));
#5950=DIRECTION('center_axis',(0.,1.,0.));
#5951=DIRECTION('ref_axis',(0.,0.,1.));
#5952=DIRECTION('',(0.,0.,-1.));
#5953=DIRECTION('',(0.,0.,-1.));
#5954=DIRECTION('center_axis',(0.,1.,0.));
#5955=DIRECTION('ref_axis',(0.,0.,1.));
#5956=DIRECTION('',(0.,0.,-1.));
#5957=DIRECTION('',(0.,0.,-1.));
#5958=DIRECTION('center_axis',(2.72113486427734E-16,-1.,0.));
#5959=DIRECTION('ref_axis',(0.,0.,-1.));
#5960=DIRECTION('',(0.,0.,-1.));
#5961=DIRECTION('',(0.,0.,-1.));
#5962=DIRECTION('center_axis',(2.72113486427734E-16,-1.,0.));
#5963=DIRECTION('ref_axis',(0.,0.,-1.));
#5964=DIRECTION('',(0.,0.,-1.));
#5965=DIRECTION('',(0.,0.,-1.));
#5966=DIRECTION('center_axis',(2.72113486427734E-16,-1.,0.));
#5967=DIRECTION('ref_axis',(0.,0.,-1.));
#5968=DIRECTION('',(0.,0.,-1.));
#5969=DIRECTION('',(0.,0.,-1.));
#5970=DIRECTION('center_axis',(-1.,-3.65204942310907E-16,0.));
#5971=DIRECTION('ref_axis',(0.,0.,1.));
#5972=DIRECTION('center_axis',(1.,3.65204942310907E-16,0.));
#5973=DIRECTION('ref_axis',(0.,0.,-1.));
#5974=DIRECTION('center_axis',(0.,-1.,0.));
#5975=DIRECTION('ref_axis',(-0.861538461538461,0.,0.507692307692308));
#5976=DIRECTION('',(0.,-1.,0.));
#5977=DIRECTION('center_axis',(-1.,-3.65204942310907E-16,0.));
#5978=DIRECTION('ref_axis',(0.,0.,1.));
#5979=DIRECTION('center_axis',(1.,0.,0.));
#5980=DIRECTION('ref_axis',(0.,0.,-1.));
#5981=DIRECTION('center_axis',(-1.,-1.82602471155453E-16,0.));
#5982=DIRECTION('ref_axis',(0.,0.,1.));
#5983=DIRECTION('',(0.,0.,-1.));
#5984=DIRECTION('center_axis',(1.,9.13012355777267E-17,0.));
#5985=DIRECTION('ref_axis',(0.,0.,-1.));
#5986=DIRECTION('',(0.,0.,-1.));
#5987=DIRECTION('center_axis',(0.,1.,0.));
#5988=DIRECTION('ref_axis',(0.,0.,1.));
#5989=DIRECTION('center_axis',(-0.905074933327661,1.81353444813098E-16,
-0.425252119409099));
#5990=DIRECTION('ref_axis',(0.425252119409099,9.64725579599799E-17,-0.905074933327661));
#5991=DIRECTION('',(-0.425252119409099,-7.32380749757954E-17,0.905074933327661));
#5992=DIRECTION('',(2.1350442781253E-16,-1.,-8.80867921601871E-16));
#5993=DIRECTION('',(0.425252119409099,5.00035919916109E-17,-0.905074933327661));
#5994=DIRECTION('',(-1.13515331072415E-16,-1.,-1.11022302462442E-16));
#5995=DIRECTION('center_axis',(-0.905074933327661,1.49952350125865E-16,
-0.425252119409099));
#5996=DIRECTION('ref_axis',(0.425252119409099,9.64725579599799E-17,-0.905074933327661));
#5997=DIRECTION('',(-0.425252119409099,-7.32380749757954E-17,0.905074933327661));
#5998=DIRECTION('',(-1.13515331072415E-16,-1.,-1.11022302462442E-16));
#5999=DIRECTION('',(0.425252119409099,5.0003591991611E-17,-0.905074933327661));
#6000=DIRECTION('',(1.13515331072415E-16,1.,1.11022302462442E-16));
#6001=DIRECTION('center_axis',(-0.905074933327661,1.57802623797673E-16,
-0.425252119409099));
#6002=DIRECTION('ref_axis',(0.425252119409099,9.64725579599798E-17,-0.905074933327661));
#6003=DIRECTION('',(-0.425252119409099,-7.32380749757954E-17,0.905074933327661));
#6004=DIRECTION('',(-1.22188948452299E-16,-1.,-1.11022302462442E-16));
#6005=DIRECTION('',(0.425252119409099,5.00035919916109E-17,-0.905074933327661));
#6006=DIRECTION('',(1.22188948452299E-16,1.,1.11022302462442E-16));
#6007=DIRECTION('center_axis',(-0.905074933327661,1.49952350125865E-16,
-0.425252119409099));
#6008=DIRECTION('ref_axis',(0.425252119409099,9.64725579599798E-17,-0.905074933327661));
#6009=DIRECTION('',(-0.425252119409099,-7.32380749757954E-17,0.905074933327661));
#6010=DIRECTION('',(-1.13515331072415E-16,-1.,-1.11022302462442E-16));
#6011=DIRECTION('',(0.425252119409099,5.00035919916109E-17,-0.905074933327661));
#6012=DIRECTION('',(1.13515331072415E-16,1.,1.11022302462442E-16));
#6013=DIRECTION('center_axis',(0.90507493332766,-8.69285059654339E-17,-0.425252119409101));
#6014=DIRECTION('ref_axis',(0.425252119409101,-1.04494448038177E-16,0.90507493332766));
#6015=DIRECTION('',(-0.425252119409101,1.27728931022362E-16,-0.90507493332766));
#6016=DIRECTION('',(0.425252119409101,-1.50963414006546E-16,0.90507493332766));
#6017=DIRECTION('',(-2.1350442781253E-16,1.,-6.58823316676981E-16));
#6018=DIRECTION('center_axis',(0.90507493332766,-5.55274112782015E-17,-0.4252521194091));
#6019=DIRECTION('ref_axis',(0.4252521194091,-1.04494448038177E-16,0.90507493332766));
#6020=DIRECTION('',(-0.4252521194091,1.27728931022362E-16,-0.90507493332766));
#6021=DIRECTION('',(0.4252521194091,-1.50963414006546E-16,0.90507493332766));
#6022=DIRECTION('center_axis',(0.90507493332766,-6.33776849500097E-17,-0.4252521194091));
#6023=DIRECTION('ref_axis',(0.425252119409099,-1.04494448038177E-16,0.90507493332766));
#6024=DIRECTION('',(-0.425252119409099,1.27728931022362E-16,-0.90507493332766));
#6025=DIRECTION('',(0.425252119409099,-1.50963414006546E-16,0.90507493332766));
#6026=DIRECTION('center_axis',(0.90507493332766,-5.55274112782015E-17,-0.4252521194091));
#6027=DIRECTION('ref_axis',(0.4252521194091,-1.04494448038177E-16,0.90507493332766));
#6028=DIRECTION('',(-0.4252521194091,1.27728931022362E-16,-0.90507493332766));
#6029=DIRECTION('',(0.4252521194091,-1.50963414006546E-16,0.90507493332766));
#6030=DIRECTION('center_axis',(1.,2.1350442781253E-16,-7.38567062368229E-32));
#6031=DIRECTION('ref_axis',(9.75604593984963E-32,-1.11022302462442E-16,
1.));
#6032=DIRECTION('',(9.75604593984963E-32,-1.11022302462442E-16,1.));
#6033=DIRECTION('',(2.1350442781253E-16,-1.,-1.11022302462442E-16));
#6034=DIRECTION('',(9.75604593984963E-32,-1.11022302462442E-16,1.));
#6035=DIRECTION('center_axis',(-6.40688823870917E-17,-1.,-1.11022302462442E-16));
#6036=DIRECTION('ref_axis',(9.75604593984963E-32,-1.11022302462442E-16,
1.));
#6037=DIRECTION('',(9.75604593984963E-32,-1.11022302462442E-16,1.));
#6038=DIRECTION('',(-1.,6.40688823870917E-17,1.04673534237307E-31));
#6039=DIRECTION('center_axis',(-1.,2.36008049988328E-16,1.23762616507872E-31));
#6040=DIRECTION('ref_axis',(-9.75604593984963E-32,1.11022302462442E-16,
-1.));
#6041=DIRECTION('',(-2.36008049988328E-16,-1.,-1.11022302462442E-16));
#6042=DIRECTION('',(-9.75604593984963E-32,1.11022302462442E-16,-1.));
#6043=DIRECTION('',(-2.36008049988328E-16,-1.,-1.11022302462442E-16));
#6044=DIRECTION('',(-9.75604593984963E-32,1.11022302462442E-16,-1.));
#6045=DIRECTION('center_axis',(-2.86987678670096E-16,-1.,-1.11022302462442E-16));
#6046=DIRECTION('ref_axis',(9.75604593984963E-32,-1.11022302462442E-16,
1.));
#6047=DIRECTION('',(1.,-2.86987678670096E-16,-1.29422492262802E-31));
#6048=DIRECTION('',(-9.75604593984963E-32,1.11022302462442E-16,-1.));
#6049=DIRECTION('',(1.,-2.86987678670096E-16,-1.29422492262802E-31));
#6050=DIRECTION('center_axis',(1.,-2.92652081856959E-16,-1.30051367346683E-31));
#6051=DIRECTION('ref_axis',(9.75604593984963E-32,-1.11022302462442E-16,
1.));
#6052=DIRECTION('',(2.92652081856959E-16,1.,1.11022302462442E-16));
#6053=DIRECTION('',(-9.75604593984963E-32,1.11022302462442E-16,-1.));
#6054=DIRECTION('',(2.92652081856959E-16,1.,1.11022302462442E-16));
#6055=DIRECTION('center_axis',(1.7596537620758E-16,1.,1.11022302462442E-16));
#6056=DIRECTION('ref_axis',(-9.75604593984963E-32,1.11022302462442E-16,
-1.));
#6057=DIRECTION('',(-1.,1.7596537620758E-16,1.17096540618732E-31));
#6058=DIRECTION('',(-1.,1.7596537620758E-16,1.17096540618732E-31));
#6059=DIRECTION('center_axis',(7.54841280956695E-32,-1.11022302462442E-16,
1.));
#6060=DIRECTION('ref_axis',(-1.,9.43192251380651E-18,7.65312818497996E-32));
#6061=DIRECTION('center_axis',(9.75604593984963E-32,-1.11022302462442E-16,
1.));
#6062=DIRECTION('ref_axis',(-1.,9.43192251380651E-18,9.86076131526264E-32));
#6063=DIRECTION('',(-1.,1.41601330207278E-16,1.13281365109853E-31));
#6064=DIRECTION('',(-2.73770737900749E-16,-1.,-1.11022302462442E-16));
#6065=DIRECTION('',(1.,-2.73770737900749E-16,-1.27955117067079E-31));
#6066=DIRECTION('',(2.73770737900749E-16,1.,1.11022302462442E-16));
#6067=DIRECTION('',(-2.1350442781253E-16,1.,1.11022302462442E-16));
#6068=DIRECTION('',(1.,-1.18705842260377E-16,-1.10739455321987E-31));
#6069=DIRECTION('center_axis',(-1.,2.73770737900749E-16,1.27955117067079E-31));
#6070=DIRECTION('ref_axis',(-9.75604593984963E-32,1.11022302462442E-16,
-1.));
#6071=DIRECTION('',(-2.73770737900749E-16,-1.,-1.11022302462442E-16));
#6072=DIRECTION('',(-9.75604593984963E-32,1.11022302462442E-16,-1.));
#6073=DIRECTION('',(-9.75604593984963E-32,1.11022302462442E-16,-1.));
#6074=DIRECTION('center_axis',(-2.73770737900749E-16,-1.,-1.11022302462442E-16));
#6075=DIRECTION('ref_axis',(9.75604593984963E-32,-1.11022302462442E-16,
1.));
#6076=DIRECTION('',(1.,-2.73770737900749E-16,-1.27955117067079E-31));
#6077=DIRECTION('',(-9.75604593984963E-32,1.11022302462442E-16,-1.));
#6078=DIRECTION('center_axis',(1.,-2.73770737900749E-16,-1.27955117067079E-31));
#6079=DIRECTION('ref_axis',(9.75604593984963E-32,-1.11022302462442E-16,
1.));
#6080=DIRECTION('',(2.73770737900749E-16,1.,1.11022302462442E-16));
#6081=DIRECTION('',(-9.75604593984963E-32,1.11022302462442E-16,-1.));
#6082=DIRECTION('center_axis',(1.41601330207278E-16,1.,1.11022302462442E-16));
#6083=DIRECTION('ref_axis',(-9.75604593984963E-32,1.11022302462442E-16,
-1.));
#6084=DIRECTION('',(-1.,1.41601330207278E-16,1.13281365109853E-31));
#6085=DIRECTION('center_axis',(9.75604593984963E-32,-1.11022302462442E-16,
1.));
#6086=DIRECTION('ref_axis',(-1.,9.43192251380651E-18,9.86076131526264E-32));
#6087=DIRECTION('center_axis',(-1.,-2.1350442781253E-16,7.38567062368229E-32));
#6088=DIRECTION('ref_axis',(-9.75604593984963E-32,1.11022302462442E-16,
-1.));
#6089=DIRECTION('',(9.75604593984963E-32,-1.11022302462442E-16,1.));
#6090=DIRECTION('center_axis',(1.18705842260377E-16,1.,1.11022302462442E-16));
#6091=DIRECTION('ref_axis',(-9.75604593984963E-32,1.11022302462442E-16,
-1.));
#6092=DIRECTION('center_axis',(3.40005801291454E-16,1.,-2.77555756156069E-16));
#6093=DIRECTION('ref_axis',(-0.923879532511288,2.07908411309699E-16,-0.382683432365087));
#6094=DIRECTION('center_axis',(-3.40005801291454E-16,-1.,2.77555756156289E-16));
#6095=DIRECTION('ref_axis',(-0.923879532511288,2.07908411309699E-16,-0.382683432365087));
#6096=DIRECTION('',(-3.40005801291454E-16,-1.,2.77555756156069E-16));
#6097=DIRECTION('center_axis',(2.85368841418169E-16,1.,-2.77555756156289E-16));
#6098=DIRECTION('ref_axis',(-0.923879532511288,2.07908411309699E-16,-0.382683432365087));
#6099=DIRECTION('',(3.40005801291454E-16,1.,-2.77555756156069E-16));
#6100=DIRECTION('center_axis',(-2.85368841418169E-16,-1.,2.77555756156289E-16));
#6101=DIRECTION('ref_axis',(6.84897824938221E-17,2.77555756156289E-16,1.));
#6102=DIRECTION('',(-0.707106781186547,3.98047800241607E-16,0.707106781186548));
#6103=DIRECTION('center_axis',(2.85368841418169E-16,1.,-2.77555756156289E-16));
#6104=DIRECTION('ref_axis',(-0.38268343236509,-1.26313495181232E-16,-0.923879532511287));
#6105=DIRECTION('',(1.,-4.17861553368955E-16,-6.8489782493822E-17));
#6106=DIRECTION('center_axis',(2.85368841418169E-16,1.,-2.77555756156289E-16));
#6107=DIRECTION('ref_axis',(0.38268343236509,-3.86542669305745E-16,-0.923879532511287));
#6108=DIRECTION('',(-0.707106781186547,5.52468557066403E-18,-0.707106781186548));
#6109=DIRECTION('center_axis',(2.85368841418169E-16,1.,-2.77555756156289E-16));
#6110=DIRECTION('ref_axis',(0.923879532511288,-4.2034039018685E-16,-0.382683432365088));
#6111=DIRECTION('',(-6.84897824938221E-17,-2.77555756156289E-16,-1.));
#6112=DIRECTION('',(1.,-2.85368841418169E-16,-6.8489782493822E-17));
#6113=DIRECTION('center_axis',(2.85368841418169E-16,1.,-2.77555756156289E-16));
#6114=DIRECTION('ref_axis',(0.707106781186547,-4.36681965071425E-16,-0.707106781186548));
#6115=DIRECTION('',(-6.84897824938221E-17,-2.77555756156289E-16,-1.));
#6116=DIRECTION('',(1.,-2.85368841418169E-16,-6.8489782493822E-17));
#6117=DIRECTION('',(-6.84897824938221E-17,-2.77555756156289E-16,-1.));
#6118=DIRECTION('center_axis',(2.85368841418169E-16,1.,-2.77555756156289E-16));
#6119=DIRECTION('ref_axis',(-0.707106781186548,4.41588504004816E-17,-0.707106781186547));
#6120=DIRECTION('',(1.,-2.85368841418169E-16,-6.8489782493822E-17));
#6121=DIRECTION('',(-6.84897824938221E-17,-2.77555756156289E-16,-1.));
#6122=DIRECTION('',(1.31928899828762E-15,-2.77555756156289E-16,-1.));
#6123=DIRECTION('',(-1.,2.85368841418169E-16,6.8489782493822E-17));
#6124=DIRECTION('',(6.84897824938221E-17,2.77555756156289E-16,1.));
#6125=DIRECTION('',(1.,-2.85368841418169E-16,-6.8489782493822E-17));
#6126=DIRECTION('center_axis',(-0.707106781186548,4.41588504006376E-17,
-0.707106781186547));
#6127=DIRECTION('ref_axis',(0.707106781186547,-4.36681965071425E-16,-0.707106781186548));
#6128=DIRECTION('',(0.707106781186547,-4.36681965071425E-16,-0.707106781186548));
#6129=DIRECTION('',(3.40005801291454E-16,1.,-2.77555756156069E-16));
#6130=DIRECTION('center_axis',(-3.40005801291454E-16,-1.,2.77555756156069E-16));
#6131=DIRECTION('ref_axis',(-0.38268343236509,-1.26313495181232E-16,-0.923879532511287));
#6132=DIRECTION('center_axis',(-3.40005801291454E-16,-1.,2.77555756156289E-16));
#6133=DIRECTION('ref_axis',(-0.38268343236509,-1.26313495181232E-16,-0.923879532511287));
#6134=DIRECTION('',(-3.40005801291454E-16,-1.,2.77555756156069E-16));
#6135=DIRECTION('center_axis',(-3.40005801291454E-16,-1.,2.775557561566E-16));
#6136=DIRECTION('ref_axis',(-0.38268343236509,-1.26313495181232E-16,-0.923879532511287));
#6137=DIRECTION('center_axis',(3.40005801291454E-16,1.,-2.77555756156289E-16));
#6138=DIRECTION('ref_axis',(-0.38268343236509,-1.26313495181232E-16,-0.923879532511287));
#6139=DIRECTION('',(3.40005801291454E-16,1.,-2.775557561566E-16));
#6140=DIRECTION('center_axis',(-2.30731881544884E-16,-1.,2.77555756156289E-16));
#6141=DIRECTION('ref_axis',(-0.38268343236509,-1.26313495181232E-16,-0.923879532511287));
#6142=DIRECTION('',(-3.40005801291454E-16,-1.,2.775557561566E-16));
#6143=DIRECTION('center_axis',(6.84897824938221E-17,2.775557561566E-16,
1.));
#6144=DIRECTION('ref_axis',(-1.,3.40005801291454E-16,6.8489782493822E-17));
#6145=DIRECTION('',(-1.,3.40005801291454E-16,6.8489782493822E-17));
#6146=DIRECTION('',(3.40005801291454E-16,1.,-2.775557561566E-16));
#6147=DIRECTION('',(1.,-4.17861553368955E-16,-6.8489782493822E-17));
#6148=DIRECTION('center_axis',(2.30731881544884E-16,1.,-2.77555756156289E-16));
#6149=DIRECTION('ref_axis',(-6.84897824938221E-17,-2.77555756156289E-16,
-1.));
#6150=DIRECTION('',(0.707106781186547,-3.5941363541179E-16,-0.707106781186548));
#6151=DIRECTION('center_axis',(-2.30731881544884E-16,-1.,2.77555756156289E-16));
#6152=DIRECTION('ref_axis',(-0.923879532511288,2.07908411309699E-16,-0.382683432365087));
#6153=DIRECTION('',(-6.84897824938221E-17,-2.77555756156289E-16,-1.));
#6154=DIRECTION('',(-1.,2.30731881544884E-16,6.8489782493822E-17));
#6155=DIRECTION('center_axis',(-2.30731881544884E-16,-1.,2.77555756156289E-16));
#6156=DIRECTION('ref_axis',(-0.707106781186548,4.41588504004816E-17,-0.707106781186547));
#6157=DIRECTION('',(-6.84897824938221E-17,-2.77555756156289E-16,-1.));
#6158=DIRECTION('',(-1.,2.30731881544884E-16,6.8489782493822E-17));
#6159=DIRECTION('',(-6.84897824938221E-17,-2.77555756156289E-16,-1.));
#6160=DIRECTION('center_axis',(-2.30731881544884E-16,-1.,2.77555756156289E-16));
#6161=DIRECTION('ref_axis',(0.707106781186547,-4.36681965071425E-16,-0.707106781186548));
#6162=DIRECTION('',(-1.,2.30731881544884E-16,6.8489782493822E-17));
#6163=DIRECTION('',(-6.84897824938221E-17,-2.77555756156289E-16,-1.));
#6164=DIRECTION('center_axis',(-2.30731881544884E-16,-1.,2.77555756156289E-16));
#6165=DIRECTION('ref_axis',(0.923879532511288,-4.2034039018685E-16,-0.382683432365088));
#6166=DIRECTION('',(0.707106781186547,3.31094792591532E-17,0.707106781186548));
#6167=DIRECTION('center_axis',(-2.30731881544884E-16,-1.,2.77555756156289E-16));
#6168=DIRECTION('ref_axis',(0.38268343236509,-3.86542669305745E-16,-0.923879532511287));
#6169=DIRECTION('',(-1.31928899828762E-15,2.77555756156289E-16,1.));
#6170=DIRECTION('',(-1.,2.30731881544884E-16,6.8489782493822E-17));
#6171=DIRECTION('',(-6.84897824938221E-17,-2.77555756156289E-16,-1.));
#6172=DIRECTION('',(1.,-2.30731881544884E-16,-6.8489782493822E-17));
#6173=DIRECTION('center_axis',(3.40005801291454E-16,1.,-2.775557561566E-16));
#6174=DIRECTION('ref_axis',(-0.923879532511288,2.07908411309699E-16,-0.382683432365087));
#6175=DIRECTION('',(-3.40005801291454E-16,-1.,2.775557561566E-16));
#6176=DIRECTION('center_axis',(3.40005801291454E-16,1.,-2.77555756156289E-16));
#6177=DIRECTION('ref_axis',(-0.923879532511288,2.07908411309699E-16,-0.382683432365087));
#6178=DIRECTION('',(3.40005801291454E-16,1.,-2.775557561566E-16));
#6179=DIRECTION('center_axis',(-1.,3.40005801291454E-16,6.8489782493822E-17));
#6180=DIRECTION('ref_axis',(-6.84897824938221E-17,-2.77555756156289E-16,
-1.));
#6181=DIRECTION('',(-6.84897824938221E-17,-2.77555756156289E-16,-1.));
#6182=DIRECTION('',(-3.40005801291454E-16,-1.,2.77555756156289E-16));
#6183=DIRECTION('center_axis',(3.40005801291454E-16,1.,-2.77555756156289E-16));
#6184=DIRECTION('ref_axis',(-6.84897824938221E-17,-2.77555756156289E-16,
-1.));
#6185=DIRECTION('center_axis',(3.40005801291454E-16,1.,-2.77555756156289E-16));
#6186=DIRECTION('ref_axis',(0.38268343236509,-3.86542669305745E-16,-0.923879532511287));
#6187=DIRECTION('',(-0.707106781186547,4.41588504004813E-17,-0.707106781186548));
#6188=DIRECTION('center_axis',(3.40005801291454E-16,1.,-2.77555756156289E-16));
#6189=DIRECTION('ref_axis',(0.923879532511288,-4.2034039018685E-16,-0.382683432365088));
#6190=DIRECTION('',(-6.84897824938221E-17,-2.77555756156289E-16,-1.));
#6191=DIRECTION('',(-1.,3.40005801291454E-16,6.8489782493822E-17));
#6192=DIRECTION('center_axis',(3.40005801291454E-16,1.,-2.77555756156289E-16));
#6193=DIRECTION('ref_axis',(0.707106781186547,-4.36681965071425E-16,-0.707106781186548));
#6194=DIRECTION('',(-6.84897824938221E-17,-2.77555756156289E-16,-1.));
#6195=DIRECTION('',(1.,-3.40005801291454E-16,-6.8489782493822E-17));
#6196=DIRECTION('',(6.84897824938221E-17,2.77555756156289E-16,1.));
#6197=DIRECTION('center_axis',(3.40005801291454E-16,1.,-2.77555756156289E-16));
#6198=DIRECTION('ref_axis',(-0.707106781186548,4.41588504004816E-17,-0.707106781186547));
#6199=DIRECTION('',(-1.,3.40005801291454E-16,6.8489782493822E-17));
#6200=DIRECTION('',(-0.707106781186547,4.36681965071425E-16,0.707106781186548));
#6201=DIRECTION('',(1.31928899828762E-15,-2.77555756156289E-16,-1.));
#6202=DIRECTION('',(-1.,3.40005801291454E-16,6.8489782493822E-17));
#6203=DIRECTION('',(6.84897824938221E-17,2.77555756156289E-16,1.));
#6204=DIRECTION('',(1.,-3.40005801291454E-16,-6.8489782493822E-17));
#6205=DIRECTION('center_axis',(3.40005801291454E-16,1.,-2.77555756156069E-16));
#6206=DIRECTION('ref_axis',(0.38268343236509,-3.86542669305745E-16,-0.923879532511287));
#6207=DIRECTION('center_axis',(-3.40005801291454E-16,-1.,2.77555756156289E-16));
#6208=DIRECTION('ref_axis',(0.38268343236509,-3.86542669305745E-16,-0.923879532511287));
#6209=DIRECTION('',(-3.40005801291454E-16,-1.,2.77555756156069E-16));
#6210=DIRECTION('',(3.40005801291454E-16,1.,-2.77555756156069E-16));
#6211=DIRECTION('center_axis',(0.707106781186548,-4.36681965071269E-16,
-0.707106781186547));
#6212=DIRECTION('ref_axis',(0.707106781186547,-4.41588504004813E-17,0.707106781186548));
#6213=DIRECTION('',(0.707106781186547,-4.41588504004813E-17,0.707106781186548));
#6214=DIRECTION('',(3.40005801291454E-16,1.,-2.77555756156069E-16));
#6215=DIRECTION('center_axis',(-3.40005801291454E-16,-1.,2.77555756156069E-16));
#6216=DIRECTION('ref_axis',(0.923879532511288,-4.2034039018685E-16,-0.382683432365088));
#6217=DIRECTION('center_axis',(-3.40005801291454E-16,-1.,2.77555756156289E-16));
#6218=DIRECTION('ref_axis',(0.923879532511288,-4.2034039018685E-16,-0.382683432365088));
#6219=DIRECTION('',(-3.40005801291454E-16,-1.,2.77555756156069E-16));
#6220=DIRECTION('center_axis',(3.40005801291454E-16,1.,-2.775557561566E-16));
#6221=DIRECTION('ref_axis',(0.38268343236509,-3.86542669305745E-16,-0.923879532511287));
#6222=DIRECTION('',(-3.40005801291454E-16,-1.,2.775557561566E-16));
#6223=DIRECTION('center_axis',(0.707106781186548,-4.36681965071645E-16,
-0.707106781186547));
#6224=DIRECTION('ref_axis',(0.707106781186547,-4.41588504004813E-17,0.707106781186548));
#6225=DIRECTION('',(3.40005801291454E-16,1.,-2.775557561566E-16));
#6226=DIRECTION('center_axis',(-3.40005801291454E-16,-1.,2.775557561566E-16));
#6227=DIRECTION('ref_axis',(0.923879532511288,-4.2034039018685E-16,-0.382683432365088));
#6228=DIRECTION('',(-3.40005801291454E-16,-1.,2.775557561566E-16));
#6229=DIRECTION('center_axis',(1.,-3.40005801291454E-16,-6.8489782493822E-17));
#6230=DIRECTION('ref_axis',(6.84897824938221E-17,2.77555756156289E-16,1.));
#6231=DIRECTION('',(3.40005801291454E-16,1.,-2.77555756156289E-16));
#6232=DIRECTION('center_axis',(-3.40005801291454E-16,-1.,2.77555756156289E-16));
#6233=DIRECTION('ref_axis',(-0.707106781186548,4.41588504004816E-17,-0.707106781186547));
#6234=DIRECTION('',(3.40005801291454E-16,1.,-2.77555756156289E-16));
#6235=DIRECTION('center_axis',(-3.40005801291454E-16,-1.,2.77555756156289E-16));
#6236=DIRECTION('ref_axis',(-0.707106781186548,4.41588504004816E-17,-0.707106781186547));
#6237=DIRECTION('',(-3.40005801291454E-16,-1.,2.77555756156289E-16));
#6238=DIRECTION('center_axis',(-1.,3.40005801291454E-16,6.8489782493822E-17));
#6239=DIRECTION('ref_axis',(-6.84897824938221E-17,-2.77555756156289E-16,
-1.));
#6240=DIRECTION('center_axis',(1.,-3.40005801291454E-16,-6.8489782493822E-17));
#6241=DIRECTION('ref_axis',(-1.9199081809258E-16,-0.707106781186548,0.707106781186547));
#6242=DIRECTION('',(3.40005801291454E-16,1.,-2.77555756156289E-16));
#6243=DIRECTION('',(-6.84897824938221E-17,-2.77555756156289E-16,-1.));
#6244=DIRECTION('',(-6.84897824938221E-17,-2.77555756156289E-16,-1.));
#6245=DIRECTION('center_axis',(-3.40005801291454E-16,-1.,2.77555756156289E-16));
#6246=DIRECTION('ref_axis',(-0.707106781186548,4.41588504004816E-17,-0.707106781186547));
#6247=DIRECTION('',(3.40005801291454E-16,1.,-2.77555756156289E-16));
#6248=DIRECTION('',(-3.40005801291454E-16,-1.,2.77555756156289E-16));
#6249=DIRECTION('center_axis',(6.84897824938221E-17,2.77555756156289E-16,
1.));
#6250=DIRECTION('ref_axis',(-1.,3.40005801291454E-16,6.8489782493822E-17));
#6251=DIRECTION('center_axis',(3.40005801291454E-16,1.,-2.77555756156289E-16));
#6252=DIRECTION('ref_axis',(0.707106781186547,-4.36681965071425E-16,-0.707106781186548));
#6253=DIRECTION('',(-3.40005801291454E-16,-1.,2.77555756156289E-16));
#6254=DIRECTION('',(3.40005801291454E-16,1.,-2.77555756156289E-16));
#6255=DIRECTION('center_axis',(1.,-3.40005801291454E-16,-6.8489782493822E-17));
#6256=DIRECTION('ref_axis',(6.84897824938221E-17,2.77555756156289E-16,1.));
#6257=DIRECTION('center_axis',(-1.,3.40005801291454E-16,6.8489782493822E-17));
#6258=DIRECTION('ref_axis',(2.88849997379327E-16,0.707106781186549,0.707106781186546));
#6259=DIRECTION('',(-3.40005801291454E-16,-1.,2.77555756156289E-16));
#6260=DIRECTION('',(-6.84897824938221E-17,-2.77555756156289E-16,-1.));
#6261=DIRECTION('center_axis',(3.40005801291454E-16,1.,-2.77555756156289E-16));
#6262=DIRECTION('ref_axis',(0.707106781186547,-4.36681965071425E-16,-0.707106781186548));
#6263=DIRECTION('center_axis',(-3.40005801291454E-16,-1.,2.77555756156289E-16));
#6264=DIRECTION('ref_axis',(0.707106781186547,-4.36681965071425E-16,-0.707106781186548));
#6265=DIRECTION('',(-3.40005801291454E-16,-1.,2.77555756156289E-16));
#6266=DIRECTION('',(3.40005801291454E-16,1.,-2.77555756156289E-16));
#6267=DIRECTION('center_axis',(1.,-3.40005801291454E-16,-6.8489782493822E-17));
#6268=DIRECTION('ref_axis',(6.84897824938221E-17,2.77555756156289E-16,1.));
#6269=DIRECTION('',(6.84897824938221E-17,2.77555756156289E-16,1.));
#6270=DIRECTION('',(6.84897824938221E-17,2.77555756156289E-16,1.));
#6271=DIRECTION('',(-3.40005801291454E-16,-1.,2.77555756156289E-16));
#6272=DIRECTION('center_axis',(-1.,3.40005801291454E-16,6.8489782493822E-17));
#6273=DIRECTION('ref_axis',(-1.9199081809258E-16,-0.707106781186548,0.707106781186547));
#6274=DIRECTION('center_axis',(-1.,2.16647687444215E-16,6.8489782493822E-17));
#6275=DIRECTION('ref_axis',(-6.84897824938221E-17,-2.77555756156289E-16,
-1.));
#6276=DIRECTION('',(-2.16647687444215E-16,-1.,2.77555756156289E-16));
#6277=DIRECTION('',(-6.84897824938221E-17,-2.77555756156289E-16,-1.));
#6278=DIRECTION('',(-2.16647687444215E-16,-1.,2.77555756156289E-16));
#6279=DIRECTION('center_axis',(-1.,2.16647687444215E-16,6.8489782493822E-17));
#6280=DIRECTION('ref_axis',(-6.84897824938221E-17,-2.77555756156289E-16,
-1.));
#6281=DIRECTION('',(-2.16647687444215E-16,-1.,2.77555756156289E-16));
#6282=DIRECTION('',(-2.16647687444215E-16,-1.,2.77555756156289E-16));
#6283=DIRECTION('center_axis',(6.84897824938221E-17,2.77555756156289E-16,
1.));
#6284=DIRECTION('ref_axis',(-1.,3.40005801291454E-16,6.8489782493822E-17));
#6285=DIRECTION('',(-1.,3.40005801291454E-16,6.8489782493822E-17));
#6286=DIRECTION('',(-2.16647687444215E-16,-1.,2.77555756156289E-16));
#6287=DIRECTION('center_axis',(6.84897824938221E-17,2.77555756156289E-16,
1.));
#6288=DIRECTION('ref_axis',(-1.,3.40005801291454E-16,6.8489782493822E-17));
#6289=DIRECTION('',(-2.16647687444215E-16,-1.,2.77555756156289E-16));
#6290=DIRECTION('center_axis',(-6.84897824938221E-17,-2.77555756156289E-16,
-1.));
#6291=DIRECTION('ref_axis',(1.,-3.40005801291454E-16,-6.8489782493822E-17));
#6292=DIRECTION('',(-2.16647687444215E-16,-1.,2.77555756156289E-16));
#6293=DIRECTION('',(1.,-3.40005801291454E-16,-6.8489782493822E-17));
#6294=DIRECTION('center_axis',(1.,-2.16647687444214E-16,1.31928899828762E-15));
#6295=DIRECTION('ref_axis',(-1.31928899828762E-15,2.77555756156289E-16,
1.));
#6296=DIRECTION('',(-1.31928899828762E-15,2.77555756156289E-16,1.));
#6297=DIRECTION('center_axis',(1.,-2.16647687444214E-16,1.31928899828762E-15));
#6298=DIRECTION('ref_axis',(-1.31928899828762E-15,2.77555756156289E-16,
1.));
#6299=DIRECTION('',(-2.16647687444215E-16,-1.,2.77555756156289E-16));
#6300=DIRECTION('center_axis',(-6.84897824938221E-17,-2.77555756156289E-16,
-1.));
#6301=DIRECTION('ref_axis',(1.,-3.40005801291454E-16,-6.8489782493822E-17));
#6302=DIRECTION('center_axis',(-3.40005801291454E-16,-1.,2.77555756156289E-16));
#6303=DIRECTION('ref_axis',(-0.707106781186548,4.41588504004816E-17,-0.707106781186547));
#6304=DIRECTION('center_axis',(-7.70217223333701E-16,1.,-2.77555756156289E-16));
#6305=DIRECTION('ref_axis',(-0.707106781186548,4.41588504004816E-17,-0.707106781186547));
#6306=DIRECTION('',(3.40005801291454E-16,1.,-2.77555756156289E-16));
#6307=DIRECTION('center_axis',(-3.40005801291454E-16,-1.,2.77555756156289E-16));
#6308=DIRECTION('ref_axis',(-0.707106781186548,4.41588504004816E-17,-0.707106781186547));
#6309=DIRECTION('',(-3.40005801291454E-16,-1.,2.77555756156289E-16));
#6310=DIRECTION('center_axis',(6.84897824938221E-17,2.77555756156289E-16,
1.));
#6311=DIRECTION('ref_axis',(-1.,3.40005801291454E-16,6.8489782493822E-17));
#6312=DIRECTION('',(1.,-3.40005801291454E-16,-6.8489782493822E-17));
#6313=DIRECTION('',(-3.40005801291454E-16,-1.,3.50983204874884E-16));
#6314=DIRECTION('',(-1.,-7.70217223333701E-16,6.84897824938223E-17));
#6315=DIRECTION('center_axis',(-3.40005801291454E-16,-1.,2.77555756156289E-16));
#6316=DIRECTION('ref_axis',(6.84897824938221E-17,2.77555756156289E-16,1.));
#6317=DIRECTION('',(-6.84897824938221E-17,-2.77555756156289E-16,-1.));
#6318=DIRECTION('',(-1.,3.40005801291454E-16,6.8489782493822E-17));
#6319=DIRECTION('',(6.84897824938221E-17,2.77555756156289E-16,1.));
#6320=DIRECTION('',(1.,-3.40005801291454E-16,-6.8489782493822E-17));
#6321=DIRECTION('',(-6.84897824938221E-17,-3.50983204874884E-16,-1.));
#6322=DIRECTION('center_axis',(3.40005801291454E-16,1.,-2.77555756156289E-16));
#6323=DIRECTION('ref_axis',(-0.707106781186548,4.36681965071425E-16,0.707106781186547));
#6324=DIRECTION('',(-3.40005801291454E-16,-1.,2.77555756156289E-16));
#6325=DIRECTION('',(3.40005801291454E-16,1.,-2.77555756156289E-16));
#6326=DIRECTION('center_axis',(6.84897824938221E-17,2.77555756156289E-16,
1.));
#6327=DIRECTION('ref_axis',(-5.21110932183432E-15,1.,-2.77555756156288E-16));
#6328=DIRECTION('center_axis',(-6.84897824938221E-17,-2.77555756156289E-16,
-1.));
#6329=DIRECTION('ref_axis',(-5.21110932183432E-15,1.,-2.77555756156288E-16));
#6330=DIRECTION('',(6.84897824938221E-17,2.77555756156289E-16,1.));
#6331=DIRECTION('center_axis',(6.84897824935141E-17,2.77555756156235E-16,
1.));
#6332=DIRECTION('ref_axis',(-5.21110932183432E-15,1.,-2.77555756156288E-16));
#6333=DIRECTION('',(-6.84897824938221E-17,-2.77555756156289E-16,-1.));
#6334=DIRECTION('center_axis',(6.84897824938221E-17,2.77555756156289E-16,
1.));
#6335=DIRECTION('ref_axis',(-1.,3.40005801291454E-16,6.8489782493822E-17));
#6336=DIRECTION('center_axis',(-6.84897824938221E-17,-2.77555756156289E-16,
-1.));
#6337=DIRECTION('ref_axis',(3.40005801291454E-16,1.,-2.77555756156289E-16));
#6338=DIRECTION('',(-1.,2.85368841418169E-16,6.8489782493822E-17));
#6339=DIRECTION('center_axis',(-6.84897824938221E-17,-2.77555756156289E-16,
-1.));
#6340=DIRECTION('ref_axis',(-3.40005801291454E-16,-1.,2.77555756156289E-16));
#6341=DIRECTION('',(-3.40005801291454E-16,-1.,2.77555756156289E-16));
#6342=DIRECTION('center_axis',(-6.84897824938221E-17,-2.77555756156289E-16,
-1.));
#6343=DIRECTION('ref_axis',(-3.40005801291454E-16,-1.,2.77555756156289E-16));
#6344=DIRECTION('',(1.,-2.30731881544884E-16,-6.8489782493822E-17));
#6345=DIRECTION('',(3.40005801291454E-16,1.,-2.77555756156289E-16));
#6346=DIRECTION('',(-1.26501373478924E-16,-1.,2.77555756156289E-16));
#6347=DIRECTION('',(-1.,3.40005801291454E-16,6.8489782493822E-17));
#6348=DIRECTION('',(3.40005801291454E-16,1.,-2.77555756156289E-16));
#6349=DIRECTION('',(1.,-1.91315217636299E-16,-6.8489782493822E-17));
#6350=DIRECTION('center_axis',(3.40005801291454E-16,1.,-2.77555756156289E-16));
#6351=DIRECTION('ref_axis',(0.707106781186547,-4.36681965071425E-16,-0.707106781186548));
#6352=DIRECTION('center_axis',(-1.45022882591661E-15,-1.,2.77555756156289E-16));
#6353=DIRECTION('ref_axis',(0.707106781186547,-4.36681965071425E-16,-0.707106781186548));
#6354=DIRECTION('',(-3.40005801291454E-16,-1.,2.77555756156289E-16));
#6355=DIRECTION('center_axis',(3.40005801291454E-16,1.,-2.77555756156289E-16));
#6356=DIRECTION('ref_axis',(0.707106781186547,-4.36681965071425E-16,-0.707106781186548));
#6357=DIRECTION('',(3.40005801291454E-16,1.,-2.77555756156289E-16));
#6358=DIRECTION('center_axis',(6.84897824938221E-17,2.77555756156289E-16,
1.));
#6359=DIRECTION('ref_axis',(-1.,3.40005801291454E-16,6.8489782493822E-17));
#6360=DIRECTION('',(-1.,3.40005801291454E-16,6.8489782493822E-17));
#6361=DIRECTION('',(-3.40005801291454E-16,-1.,3.50983204874884E-16));
#6362=DIRECTION('',(1.,-1.45022882591661E-15,-6.84897824938217E-17));
#6363=DIRECTION('center_axis',(3.40005801291454E-16,1.,-2.77555756156289E-16));
#6364=DIRECTION('ref_axis',(-6.84897824938221E-17,-2.77555756156289E-16,
-1.));
#6365=DIRECTION('',(-6.84897824938221E-17,-2.77555756156289E-16,-1.));
#6366=DIRECTION('',(1.,-3.40005801291454E-16,-6.8489782493822E-17));
#6367=DIRECTION('',(6.84897824938221E-17,2.77555756156289E-16,1.));
#6368=DIRECTION('',(-1.,3.40005801291454E-16,6.8489782493822E-17));
#6369=DIRECTION('',(6.84897824938221E-17,3.50983204874884E-16,1.));
#6370=DIRECTION('center_axis',(-3.40005801291454E-16,-1.,2.77555756156289E-16));
#6371=DIRECTION('ref_axis',(0.707106781186548,-4.41588504004818E-17,0.707106781186547));
#6372=DIRECTION('',(3.40005801291454E-16,1.,-2.77555756156289E-16));
#6373=DIRECTION('center_axis',(6.84897824938221E-17,2.77555756156289E-16,
1.));
#6374=DIRECTION('ref_axis',(-3.40005801291454E-16,-1.,2.77555756156289E-16));
#6375=DIRECTION('center_axis',(6.84897824935141E-17,2.77555756156235E-16,
1.));
#6376=DIRECTION('ref_axis',(-3.40005801291454E-16,-1.,2.77555756156289E-16));
#6377=DIRECTION('',(-6.84897824938221E-17,-2.77555756156289E-16,-1.));
#6378=DIRECTION('center_axis',(-1.,2.85368841418169E-16,6.8489782493822E-17));
#6379=DIRECTION('ref_axis',(-1.9199081809258E-16,-0.707106781186548,0.707106781186547));
#6380=DIRECTION('center_axis',(1.,-2.30731881544884E-16,-6.8489782493822E-17));
#6381=DIRECTION('ref_axis',(2.88849997379327E-16,0.707106781186549,0.707106781186546));
#6382=DIRECTION('center_axis',(1.,-3.40005801291454E-16,-6.8489782493822E-17));
#6383=DIRECTION('ref_axis',(2.88849997379327E-16,0.707106781186549,0.707106781186546));
#6384=DIRECTION('center_axis',(6.84897824938221E-17,2.77555756156289E-16,
1.));
#6385=DIRECTION('ref_axis',(-3.40005801291454E-16,-1.,2.77555756156289E-16));
#6386=DIRECTION('',(6.84897824938221E-17,2.77555756156289E-16,1.));
#6387=DIRECTION('center_axis',(6.84897824935141E-17,2.77555756156235E-16,
1.));
#6388=DIRECTION('ref_axis',(-3.40005801291454E-16,-1.,2.77555756156289E-16));
#6389=DIRECTION('center_axis',(6.84897824938221E-17,2.77555756156289E-16,
1.));
#6390=DIRECTION('ref_axis',(3.40005801291454E-16,1.,-2.77555756156289E-16));
#6391=DIRECTION('',(6.84897824938221E-17,2.77555756156289E-16,1.));
#6392=DIRECTION('center_axis',(6.84897824935141E-17,2.77555756156235E-16,
1.));
#6393=DIRECTION('ref_axis',(3.40005801291454E-16,1.,-2.77555756156289E-16));
#6394=DIRECTION('center_axis',(-1.,3.40005801291454E-16,6.8489782493822E-17));
#6395=DIRECTION('ref_axis',(-6.84897824938221E-17,-2.77555756156289E-16,
-1.));
#6396=DIRECTION('center_axis',(6.84897824938221E-17,2.77555756156069E-16,
1.));
#6397=DIRECTION('ref_axis',(-1.,3.40005801291454E-16,6.8489782493822E-17));
#6398=DIRECTION('',(-1.,3.78933677330205E-16,6.8489782493822E-17));
#6399=DIRECTION('center_axis',(-0.707106781186548,4.4158850400262E-17,-0.707106781186547));
#6400=DIRECTION('ref_axis',(0.707106781186547,-4.36681965071425E-16,-0.707106781186548));
#6401=DIRECTION('center_axis',(-1.,3.40005801291454E-16,6.8489782493822E-17));
#6402=DIRECTION('ref_axis',(-6.84897824938221E-17,-2.77555756156289E-16,
-1.));
#6403=DIRECTION('',(-3.40005801291454E-16,-1.,2.77555756156289E-16));
#6404=DIRECTION('',(-6.84897824938221E-17,-2.77555756156289E-16,-1.));
#6405=DIRECTION('center_axis',(1.,-3.40005801291454E-16,-6.8489782493822E-17));
#6406=DIRECTION('ref_axis',(6.84897824938221E-17,2.77555756156289E-16,1.));
#6407=DIRECTION('',(-6.84897824938221E-17,-2.77555756156289E-16,-1.));
#6408=DIRECTION('',(3.40005801291454E-16,1.,-2.77555756156289E-16));
#6409=DIRECTION('center_axis',(6.84897824938221E-17,2.77555756156289E-16,
1.));
#6410=DIRECTION('ref_axis',(-1.,3.40005801291454E-16,6.8489782493822E-17));
#6411=DIRECTION('',(1.,-3.40005801291454E-16,-6.8489782493822E-17));
#6412=DIRECTION('center_axis',(6.84897824938221E-17,2.77555756156289E-16,
1.));
#6413=DIRECTION('ref_axis',(-1.,3.40005801291454E-16,6.8489782493822E-17));
#6414=DIRECTION('',(1.,-3.40005801291454E-16,-6.8489782493822E-17));
#6415=DIRECTION('center_axis',(6.84897824938221E-17,2.77555756156289E-16,
1.));
#6416=DIRECTION('ref_axis',(-1.,3.40005801291454E-16,6.8489782493822E-17));
#6417=DIRECTION('center_axis',(-6.84897824938221E-17,-2.04128307437694E-16,
-1.));
#6418=DIRECTION('ref_axis',(1.,-3.40005801291454E-16,-6.8489782493822E-17));
#6419=DIRECTION('',(3.40005801291454E-16,1.,-2.04128307437694E-16));
#6420=DIRECTION('',(-3.40005801291454E-16,-1.,2.04128307437694E-16));
#6421=DIRECTION('',(-1.,3.40005801291454E-16,6.8489782493822E-17));
#6422=DIRECTION('center_axis',(-1.,3.40005801291454E-16,6.84897824939673E-17));
#6423=DIRECTION('ref_axis',(-6.84897824939674E-17,-2.77555756156289E-16,
-1.));
#6424=DIRECTION('',(-6.84897824938221E-17,-3.50983204874884E-16,-1.));
#6425=DIRECTION('center_axis',(1.,-3.40005801291454E-16,-6.8489782493822E-17));
#6426=DIRECTION('ref_axis',(6.84897824938221E-17,2.77555756156289E-16,1.));
#6427=DIRECTION('',(-3.40005801291454E-16,-1.,2.77555756156289E-16));
#6428=DIRECTION('',(6.84897824938221E-17,2.77555756156289E-16,1.));
#6429=DIRECTION('center_axis',(6.84897824938221E-17,2.04128307437694E-16,
1.));
#6430=DIRECTION('ref_axis',(-1.,3.40005801291454E-16,6.8489782493822E-17));
#6431=DIRECTION('',(3.40005801291454E-16,1.,-2.04128307437694E-16));
#6432=DIRECTION('',(3.40005801291454E-16,1.,-2.04128307437694E-16));
#6433=DIRECTION('',(1.,-3.40005801291454E-16,-6.8489782493822E-17));
#6434=DIRECTION('center_axis',(-1.,3.40005801291454E-16,6.84897824936767E-17));
#6435=DIRECTION('ref_axis',(-6.84897824936768E-17,-2.77555756156289E-16,
-1.));
#6436=DIRECTION('',(6.84897824938221E-17,3.50983204874884E-16,1.));
#6437=DIRECTION('center_axis',(-1.,3.40005801291454E-16,6.8489782493822E-17));
#6438=DIRECTION('ref_axis',(-6.84897824938221E-17,-2.77555756156289E-16,
-1.));
#6439=DIRECTION('',(3.40005801291454E-16,1.,-2.77555756156289E-16));
#6440=DIRECTION('',(6.84897824938221E-17,2.77555756156289E-16,1.));
#6441=DIRECTION('center_axis',(-1.45022882591661E-15,-1.,2.77555756156289E-16));
#6442=DIRECTION('ref_axis',(6.84897824938221E-17,2.77555756156289E-16,1.));
#6443=DIRECTION('',(-1.,1.45022882591661E-15,6.84897824938217E-17));
#6444=DIRECTION('',(6.84897824938221E-17,2.77555756156289E-16,1.));
#6445=DIRECTION('center_axis',(-3.40005801291454E-16,-1.,2.77555756156289E-16));
#6446=DIRECTION('ref_axis',(6.84897824938221E-17,2.77555756156289E-16,1.));
#6447=DIRECTION('',(-1.,3.40005801291454E-16,6.8489782493822E-17));
#6448=DIRECTION('center_axis',(-7.70217223333701E-16,1.,-2.77555756156289E-16));
#6449=DIRECTION('ref_axis',(-6.84897824938221E-17,-2.77555756156289E-16,
-1.));
#6450=DIRECTION('',(1.,7.70217223333701E-16,-6.84897824938223E-17));
#6451=DIRECTION('',(6.84897824938221E-17,2.77555756156289E-16,1.));
#6452=DIRECTION('center_axis',(6.84897824935141E-17,2.77555756156235E-16,
1.));
#6453=DIRECTION('ref_axis',(-1.,3.40005801291454E-16,6.8489782493514E-17));
#6454=DIRECTION('',(-1.,3.40005801291454E-16,6.8489782493514E-17));
#6455=DIRECTION('',(-1.26501373478924E-16,-1.,2.77555756156235E-16));
#6456=DIRECTION('',(1.,-1.91315217636299E-16,-6.84897824935141E-17));
#6457=DIRECTION('',(3.40005801291454E-16,1.,-2.77555756156235E-16));
#6458=DIRECTION('center_axis',(-1.,3.40005801291454E-16,6.8489782493822E-17));
#6459=DIRECTION('ref_axis',(-6.84897824938221E-17,-2.77555756156289E-16,
-1.));
#6460=DIRECTION('',(-6.84897824938221E-17,-2.77555756156289E-16,-1.));
#6461=DIRECTION('',(-6.84897824938221E-17,-2.77555756156289E-16,-1.));
#6462=DIRECTION('center_axis',(1.91315217636299E-16,1.,-2.77555756156289E-16));
#6463=DIRECTION('ref_axis',(-6.84897824938221E-17,-2.77555756156289E-16,
-1.));
#6464=DIRECTION('',(-6.84897824938221E-17,-2.77555756156289E-16,-1.));
#6465=DIRECTION('center_axis',(1.,-1.26501373478924E-16,-6.84897824938221E-17));
#6466=DIRECTION('ref_axis',(6.84897824938221E-17,2.77555756156289E-16,1.));
#6467=DIRECTION('',(-6.84897824938221E-17,-2.77555756156289E-16,-1.));
#6468=DIRECTION('center_axis',(-3.40005801291454E-16,-1.,2.77555756156289E-16));
#6469=DIRECTION('ref_axis',(6.84897824938221E-17,2.77555756156289E-16,1.));
#6470=DIRECTION('center_axis',(1.,-3.40005801291454E-16,-6.8489782493822E-17));
#6471=DIRECTION('ref_axis',(6.84897824938221E-17,2.77555756156289E-16,1.));
#6472=DIRECTION('center_axis',(-1.,3.40005801291454E-16,6.8489782493822E-17));
#6473=DIRECTION('ref_axis',(-6.84897824938221E-17,-2.77555756156289E-16,
-1.));
#6474=DIRECTION('center_axis',(-1.,-6.12155244340632E-16,3.88578058618805E-16));
#6475=DIRECTION('ref_axis',(3.88578058618805E-16,7.27264065292549E-29,1.));
#6476=DIRECTION('',(6.12155244340632E-16,-1.,7.24885364328357E-29));
#6477=DIRECTION('',(-3.88578058618805E-16,-7.27264065292549E-29,-1.));
#6478=DIRECTION('',(-6.12155244340632E-16,1.,-7.24885364328357E-29));
#6479=DIRECTION('',(-3.88578058618805E-16,-7.27264065292549E-29,-1.));
#6480=DIRECTION('center_axis',(5.9701583945938E-16,-1.,7.24944192733931E-29));
#6481=DIRECTION('ref_axis',(3.88578058618805E-16,7.27264065292549E-29,1.));
#6482=DIRECTION('',(1.,5.9701583945938E-16,-3.88578058618805E-16));
#6483=DIRECTION('',(-1.,-5.9701583945938E-16,3.88578058618805E-16));
#6484=DIRECTION('',(-3.88578058618805E-16,-7.27264065292549E-29,-1.));
#6485=DIRECTION('center_axis',(1.,6.12155244340632E-16,-3.88578058618805E-16));
#6486=DIRECTION('ref_axis',(-3.88578058618805E-16,-7.27264065292549E-29,
-1.));
#6487=DIRECTION('',(-6.12155244340632E-16,1.,-7.24885364328357E-29));
#6488=DIRECTION('',(6.12155244340632E-16,-1.,7.24885364328357E-29));
#6489=DIRECTION('',(-3.88578058618805E-16,-7.27264065292549E-29,-1.));
#6490=DIRECTION('center_axis',(-7.23177546803147E-16,1.,-7.24453956020814E-29));
#6491=DIRECTION('ref_axis',(-3.88578058618805E-16,-7.27264065292549E-29,
-1.));
#6492=DIRECTION('',(-1.,-7.23177546803147E-16,3.88578058618805E-16));
#6493=DIRECTION('',(1.,7.23177546803147E-16,-3.88578058618805E-16));
#6494=DIRECTION('center_axis',(-1.,-7.23177546803147E-16,3.88578058618805E-16));
#6495=DIRECTION('ref_axis',(3.88578058618805E-16,7.27264065292549E-29,1.));
#6496=DIRECTION('',(7.23177546803147E-16,-1.,7.24453956020814E-29));
#6497=DIRECTION('',(-3.88578058618805E-16,-7.27264065292549E-29,-1.));
#6498=DIRECTION('',(7.23177546803147E-16,-1.,7.24453956020814E-29));
#6499=DIRECTION('',(-3.88578058618805E-16,-7.27264065292549E-29,-1.));
#6500=DIRECTION('center_axis',(5.89415736607345E-16,-1.,7.24973725066046E-29));
#6501=DIRECTION('ref_axis',(3.88578058618805E-16,7.27264065292549E-29,1.));
#6502=DIRECTION('',(1.,5.89415736607345E-16,-3.88578058618805E-16));
#6503=DIRECTION('',(-3.88578058618805E-16,-7.27264065292549E-29,-1.));
#6504=DIRECTION('',(1.,5.89415736607345E-16,-3.88578058618805E-16));
#6505=DIRECTION('center_axis',(1.,5.87784495019592E-16,-3.88578058618805E-16));
#6506=DIRECTION('ref_axis',(-3.88578058618805E-16,-7.27264065292549E-29,
-1.));
#6507=DIRECTION('',(-5.87784495019592E-16,1.,-7.24980063712939E-29));
#6508=DIRECTION('',(-3.88578058618805E-16,-7.27264065292549E-29,-1.));
#6509=DIRECTION('',(-5.87784495019592E-16,1.,-7.24980063712939E-29));
#6510=DIRECTION('center_axis',(-7.23177546803147E-16,1.,-7.24453956020814E-29));
#6511=DIRECTION('ref_axis',(-3.88578058618805E-16,-7.27264065292549E-29,
-1.));
#6512=DIRECTION('',(-1.,-7.23177546803147E-16,3.88578058618805E-16));
#6513=DIRECTION('',(-1.,-7.23177546803147E-16,3.88578058618805E-16));
#6514=DIRECTION('center_axis',(-3.88578058618805E-16,-7.27264065292549E-29,
-1.));
#6515=DIRECTION('ref_axis',(-1.,-7.23177546803147E-16,3.88578058618805E-16));
#6516=DIRECTION('center_axis',(-3.88578058618805E-16,-7.27264065292549E-29,
-1.));
#6517=DIRECTION('ref_axis',(-1.,-7.23177546803147E-16,3.88578058618805E-16));
#6518=CARTESIAN_POINT('',(0.,0.,0.));
#6519=CARTESIAN_POINT('Origin',(-0.13248031496063,0.0778543307086614,-0.0283464566929134));
#6520=CARTESIAN_POINT('',(-0.120669291338583,0.0744094488188976,-0.0283464566929134));
#6521=CARTESIAN_POINT('',(-0.13248031496063,0.0744094488188976,-0.0401574803149606));
#6522=CARTESIAN_POINT('Origin',(-0.13248031496063,0.0744094488188976,-0.0283464566929134));
#6523=CARTESIAN_POINT('',(-0.13248031496063,0.0881889763779528,-0.0401574803149606));
#6524=CARTESIAN_POINT('',(-0.13248031496063,0.0778543307086614,-0.0401574803149606));
#6525=CARTESIAN_POINT('',(-0.120669291338583,0.0881889763779528,-0.0283464566929134));
#6526=CARTESIAN_POINT('Origin',(-0.13248031496063,0.0881889763779528,-0.0283464566929134));
#6527=CARTESIAN_POINT('',(-0.120669291338583,0.0778543307086614,-0.0283464566929134));
#6528=CARTESIAN_POINT('Origin',(-0.150196850393701,0.0881889763779528,-0.0283464566929134));
#6529=CARTESIAN_POINT('',(-0.13248031496063,0.1,-0.0283464566929134));
#6530=CARTESIAN_POINT('Origin',(-0.13248031496063,0.0881889763779528,-0.0283464566929134));
#6531=CARTESIAN_POINT('',(-0.148228346456693,0.0881889763779528,-0.0401574803149606));
#6532=CARTESIAN_POINT('',(-0.150196850393701,0.0881889763779528,-0.0401574803149606));
#6533=CARTESIAN_POINT('',(-0.148228346456693,0.1,-0.0283464566929134));
#6534=CARTESIAN_POINT('Origin',(-0.148228346456693,0.0881889763779528,-0.0283464566929134));
#6535=CARTESIAN_POINT('',(-0.150196850393701,0.1,-0.0283464566929134));
#6536=CARTESIAN_POINT('Origin',(-0.13248031496063,0.0881889763779528,-0.0283464566929134));
#6537=CARTESIAN_POINT('Origin',(-0.13248031496063,0.0881889763779528,-0.0283464566929134));
#6538=CARTESIAN_POINT('Origin',(-0.148228346456693,-0.00935039370078742,
-0.0283464566929134));
#6539=CARTESIAN_POINT('',(-0.16003937007874,0.0881889763779528,-0.0283464566929134));
#6540=CARTESIAN_POINT('Origin',(-0.148228346456693,0.0881889763779528,-0.0283464566929134));
#6541=CARTESIAN_POINT('',(-0.148228346456693,0.0744094488188976,-0.0401574803149606));
#6542=CARTESIAN_POINT('',(-0.148228346456693,-0.00935039370078742,-0.0401574803149606));
#6543=CARTESIAN_POINT('',(-0.16003937007874,0.0744094488188976,-0.0283464566929134));
#6544=CARTESIAN_POINT('Origin',(-0.148228346456693,0.0744094488188976,-0.0283464566929134));
#6545=CARTESIAN_POINT('',(-0.16003937007874,-0.00935039370078742,-0.0283464566929134));
#6546=CARTESIAN_POINT('Origin',(-0.148228346456693,0.0881889763779528,-0.0283464566929134));
#6547=CARTESIAN_POINT('Origin',(-0.148228346456693,0.0881889763779528,-0.0283464566929134));
#6548=CARTESIAN_POINT('Origin',(-0.144291338582677,0.0744094488188976,-0.0283464566929134));
#6549=CARTESIAN_POINT('',(-0.148228346456693,0.0625984251968504,-0.0283464566929134));
#6550=CARTESIAN_POINT('Origin',(-0.148228346456693,0.0744094488188976,-0.0283464566929134));
#6551=CARTESIAN_POINT('',(-0.144291338582677,0.0744094488188976,-0.0401574803149606));
#6552=CARTESIAN_POINT('',(-0.13248031496063,0.0625984251968503,-0.0283464566929134));
#6553=CARTESIAN_POINT('Origin',(-0.13248031496063,0.0744094488188976,-0.0283464566929134));
#6554=CARTESIAN_POINT('',(-0.144291338582677,0.0625984251968504,-0.0283464566929134));
#6555=CARTESIAN_POINT('Origin',(-0.148228346456693,0.0744094488188976,-0.0283464566929134));
#6556=CARTESIAN_POINT('Origin',(-0.148228346456693,0.0744094488188976,-0.0283464566929134));
#6557=CARTESIAN_POINT('Origin',(-0.13248031496063,0.0744094488188976,-0.0283464566929134));
#6558=CARTESIAN_POINT('Origin',(-0.13248031496063,0.0744094488188976,-0.0283464566929134));
#6559=CARTESIAN_POINT('Origin',(-0.148228346456693,0.0881889763779528,0.));
#6560=CARTESIAN_POINT('',(-0.16003937007874,0.0881889763779528,0.));
#6561=CARTESIAN_POINT('',(-0.16003937007874,0.0881889763779528,0.));
#6562=CARTESIAN_POINT('',(-0.148228346456693,0.1,0.));
#6563=CARTESIAN_POINT('Origin',(-0.148228346456693,0.0881889763779528,0.));
#6564=CARTESIAN_POINT('',(-0.148228346456693,0.1,0.));
#6565=CARTESIAN_POINT('Origin',(-0.16003937007874,-0.1,0.));
#6566=CARTESIAN_POINT('',(-0.16003937007874,0.0744094488188976,0.));
#6567=CARTESIAN_POINT('',(-0.16003937007874,0.0744094488188976,0.));
#6568=CARTESIAN_POINT('',(-0.16003937007874,-0.0724409448818897,0.));
#6569=CARTESIAN_POINT('',(-0.16003937007874,-0.1,0.));
#6570=CARTESIAN_POINT('',(-0.16003937007874,-0.0724409448818897,-0.0283464566929134));
#6571=CARTESIAN_POINT('',(-0.16003937007874,-0.0724409448818897,0.));
#6572=CARTESIAN_POINT('',(-0.16003937007874,-0.0881889763779527,-0.0283464566929134));
#6573=CARTESIAN_POINT('',(-0.16003937007874,-0.0901574803149606,-0.0283464566929134));
#6574=CARTESIAN_POINT('',(-0.16003937007874,-0.0881889763779527,0.));
#6575=CARTESIAN_POINT('',(-0.16003937007874,-0.0881889763779527,0.));
#6576=CARTESIAN_POINT('',(-0.16003937007874,-0.1,0.));
#6577=CARTESIAN_POINT('',(-0.16003937007874,-0.1,0.));
#6578=CARTESIAN_POINT('',(-0.16003937007874,-0.1,0.273622047244095));
#6579=CARTESIAN_POINT('',(-0.16003937007874,-0.1,0.));
#6580=CARTESIAN_POINT('',(-0.16003937007874,0.1,0.273622047244095));
#6581=CARTESIAN_POINT('',(-0.16003937007874,-0.1,0.273622047244095));
#6582=CARTESIAN_POINT('',(-0.16003937007874,0.1,0.));
#6583=CARTESIAN_POINT('',(-0.16003937007874,0.1,0.));
#6584=CARTESIAN_POINT('',(-0.16003937007874,-0.1,0.));
#6585=CARTESIAN_POINT('Origin',(-0.148228346456693,0.0744094488188976,0.));
#6586=CARTESIAN_POINT('',(-0.148228346456693,0.0625984251968504,0.));
#6587=CARTESIAN_POINT('',(-0.148228346456693,0.0625984251968504,0.));
#6588=CARTESIAN_POINT('Origin',(-0.148228346456693,0.0744094488188976,0.));
#6589=CARTESIAN_POINT('Origin',(-0.148228346456693,0.0625984251968504,0.));
#6590=CARTESIAN_POINT('',(-0.13248031496063,0.0625984251968503,0.));
#6591=CARTESIAN_POINT('',(-0.13248031496063,0.0625984251968503,0.));
#6592=CARTESIAN_POINT('',(-0.0741141732283465,0.0625984251968503,0.));
#6593=CARTESIAN_POINT('Origin',(-0.140354330708661,0.0812992125984252,-0.0401574803149606));
#6594=CARTESIAN_POINT('Origin',(-0.13248031496063,-0.084251968503937,-0.0283464566929134));
#6595=CARTESIAN_POINT('',(-0.120669291338583,-0.0881889763779527,-0.0283464566929134));
#6596=CARTESIAN_POINT('',(-0.13248031496063,-0.0881889763779528,-0.0401574803149606));
#6597=CARTESIAN_POINT('Origin',(-0.13248031496063,-0.0881889763779527,-0.0283464566929134));
#6598=CARTESIAN_POINT('',(-0.13248031496063,-0.0724409448818897,-0.0401574803149606));
#6599=CARTESIAN_POINT('',(-0.13248031496063,-0.084251968503937,-0.0401574803149606));
#6600=CARTESIAN_POINT('',(-0.120669291338583,-0.0724409448818897,-0.0283464566929134));
#6601=CARTESIAN_POINT('Origin',(-0.13248031496063,-0.0724409448818897,-0.0283464566929134));
#6602=CARTESIAN_POINT('',(-0.120669291338583,-0.084251968503937,-0.0283464566929134));
#6603=CARTESIAN_POINT('Origin',(-0.136417322834646,-0.0724409448818897,
-0.0283464566929134));
#6604=CARTESIAN_POINT('',(-0.13248031496063,-0.0606299212598424,-0.0283464566929134));
#6605=CARTESIAN_POINT('Origin',(-0.13248031496063,-0.0724409448818897,-0.0283464566929134));
#6606=CARTESIAN_POINT('',(-0.148228346456693,-0.0724409448818897,-0.0401574803149606));
#6607=CARTESIAN_POINT('',(-0.136417322834646,-0.0724409448818897,-0.0401574803149606));
#6608=CARTESIAN_POINT('',(-0.148228346456693,-0.0606299212598425,-0.0283464566929134));
#6609=CARTESIAN_POINT('Origin',(-0.148228346456693,-0.0724409448818897,
-0.0283464566929134));
#6610=CARTESIAN_POINT('',(-0.136417322834646,-0.0606299212598424,-0.0283464566929134));
#6611=CARTESIAN_POINT('Origin',(-0.13248031496063,-0.0724409448818897,-0.0283464566929134));
#6612=CARTESIAN_POINT('Origin',(-0.13248031496063,-0.0724409448818897,-0.0283464566929134));
#6613=CARTESIAN_POINT('Origin',(-0.148228346456693,-0.0901574803149606,
-0.0283464566929134));
#6614=CARTESIAN_POINT('Origin',(-0.148228346456693,-0.0724409448818897,
-0.0283464566929134));
#6615=CARTESIAN_POINT('',(-0.148228346456693,-0.0881889763779527,-0.0401574803149606));
#6616=CARTESIAN_POINT('',(-0.148228346456693,-0.0901574803149606,-0.0401574803149606));
#6617=CARTESIAN_POINT('Origin',(-0.148228346456693,-0.0881889763779527,
-0.0283464566929134));
#6618=CARTESIAN_POINT('Origin',(-0.148228346456693,-0.0724409448818897,
-0.0283464566929134));
#6619=CARTESIAN_POINT('Origin',(-0.148228346456693,-0.0724409448818897,
-0.0283464566929134));
#6620=CARTESIAN_POINT('Origin',(0.00984251968503935,-0.0881889763779528,
-0.0283464566929134));
#6621=CARTESIAN_POINT('',(-0.148228346456693,-0.1,-0.0283464566929134));
#6622=CARTESIAN_POINT('Origin',(-0.148228346456693,-0.0881889763779528,
-0.0283464566929134));
#6623=CARTESIAN_POINT('',(0.00984251968503935,-0.0881889763779528,-0.0401574803149606));
#6624=CARTESIAN_POINT('',(-0.13248031496063,-0.1,-0.0283464566929134));
#6625=CARTESIAN_POINT('Origin',(-0.13248031496063,-0.0881889763779528,-0.0283464566929134));
#6626=CARTESIAN_POINT('',(0.00984251968503935,-0.1,-0.0283464566929134));
#6627=CARTESIAN_POINT('Origin',(-0.148228346456693,-0.0881889763779527,
-0.0283464566929134));
#6628=CARTESIAN_POINT('Origin',(-0.148228346456693,-0.0881889763779527,
-0.0283464566929134));
#6629=CARTESIAN_POINT('Origin',(-0.13248031496063,-0.0881889763779527,-0.0283464566929134));
#6630=CARTESIAN_POINT('Origin',(-0.13248031496063,-0.0881889763779527,-0.0283464566929134));
#6631=CARTESIAN_POINT('Origin',(-0.148228346456693,-0.0724409448818897,
0.));
#6632=CARTESIAN_POINT('',(-0.148228346456693,-0.0606299212598425,0.));
#6633=CARTESIAN_POINT('Origin',(-0.148228346456693,-0.0724409448818897,
0.));
#6634=CARTESIAN_POINT('',(-0.148228346456693,-0.0606299212598425,0.));
#6635=CARTESIAN_POINT('Origin',(-0.148228346456693,-0.0881889763779527,
0.));
#6636=CARTESIAN_POINT('',(-0.148228346456693,-0.1,0.));
#6637=CARTESIAN_POINT('',(-0.148228346456693,-0.1,0.));
#6638=CARTESIAN_POINT('Origin',(-0.148228346456693,-0.0881889763779527,
0.));
#6639=CARTESIAN_POINT('Origin',(0.16003937007874,-0.1,0.));
#6640=CARTESIAN_POINT('',(-0.13248031496063,-0.1,0.));
#6641=CARTESIAN_POINT('',(-0.13248031496063,-0.1,0.));
#6642=CARTESIAN_POINT('',(-0.10492125984252,-0.1,0.));
#6643=CARTESIAN_POINT('',(0.16003937007874,-0.1,0.));
#6644=CARTESIAN_POINT('',(-0.0967788117394417,-0.1,0.0255905511811024));
#6645=CARTESIAN_POINT('',(-0.078962491320855,-0.1,0.0815847010680889));
#6646=CARTESIAN_POINT('',(-0.144291338582677,-0.1,0.0255905511811023));
#6647=CARTESIAN_POINT('',(0.00787401574803151,-0.1,0.0255905511811024));
#6648=CARTESIAN_POINT('',(-0.144291338582677,-0.1,0.273622047244095));
#6649=CARTESIAN_POINT('',(-0.144291338582677,-0.1,0.136811023622047));
#6650=CARTESIAN_POINT('',(0.16003937007874,-0.1,0.273622047244095));
#6651=CARTESIAN_POINT('',(0.16003937007874,-0.1,0.));
#6652=CARTESIAN_POINT('Origin',(-0.140354330708661,-0.0803149606299212,
-0.0401574803149606));
#6653=CARTESIAN_POINT('Origin',(0.148228346456693,0.00984251968503938,-0.0283464566929134));
#6654=CARTESIAN_POINT('',(0.16003937007874,-0.0881889763779527,-0.0283464566929134));
#6655=CARTESIAN_POINT('',(0.148228346456693,-0.0881889763779527,-0.0401574803149606));
#6656=CARTESIAN_POINT('Origin',(0.148228346456693,-0.0881889763779527,-0.0283464566929134));
#6657=CARTESIAN_POINT('',(0.148228346456693,-0.0724409448818897,-0.0401574803149606));
#6658=CARTESIAN_POINT('',(0.148228346456693,0.00984251968503938,-0.0401574803149606));
#6659=CARTESIAN_POINT('',(0.16003937007874,-0.0724409448818897,-0.0283464566929134));
#6660=CARTESIAN_POINT('Origin',(0.148228346456693,-0.0724409448818897,-0.0283464566929134));
#6661=CARTESIAN_POINT('',(0.16003937007874,0.00984251968503938,-0.0283464566929134));
#6662=CARTESIAN_POINT('Origin',(0.144291338582677,-0.0724409448818897,-0.0283464566929134));
#6663=CARTESIAN_POINT('',(0.148228346456693,-0.0606299212598425,-0.0283464566929134));
#6664=CARTESIAN_POINT('Origin',(0.148228346456693,-0.0724409448818897,-0.0283464566929134));
#6665=CARTESIAN_POINT('',(0.13248031496063,-0.0724409448818897,-0.0401574803149606));
#6666=CARTESIAN_POINT('',(0.144291338582677,-0.0724409448818897,-0.0401574803149606));
#6667=CARTESIAN_POINT('',(0.13248031496063,-0.0606299212598425,-0.0283464566929134));
#6668=CARTESIAN_POINT('Origin',(0.13248031496063,-0.0724409448818897,-0.0283464566929134));
#6669=CARTESIAN_POINT('',(0.144291338582677,-0.0606299212598425,-0.0283464566929134));
#6670=CARTESIAN_POINT('Origin',(0.148228346456693,-0.0724409448818897,-0.0283464566929134));
#6671=CARTESIAN_POINT('Origin',(0.148228346456693,-0.0724409448818897,-0.0283464566929134));
#6672=CARTESIAN_POINT('Origin',(0.13248031496063,-0.0763779527559055,-0.0283464566929134));
#6673=CARTESIAN_POINT('',(0.120669291338583,-0.0724409448818897,-0.0283464566929134));
#6674=CARTESIAN_POINT('Origin',(0.13248031496063,-0.0724409448818897,-0.0283464566929134));
#6675=CARTESIAN_POINT('',(0.13248031496063,-0.0881889763779527,-0.0401574803149606));
#6676=CARTESIAN_POINT('',(0.13248031496063,-0.0763779527559055,-0.0401574803149606));
#6677=CARTESIAN_POINT('',(0.120669291338583,-0.0881889763779527,-0.0283464566929134));
#6678=CARTESIAN_POINT('Origin',(0.13248031496063,-0.0881889763779527,-0.0283464566929134));
#6679=CARTESIAN_POINT('',(0.120669291338583,-0.0763779527559055,-0.0283464566929134));
#6680=CARTESIAN_POINT('Origin',(0.13248031496063,-0.0724409448818897,-0.0283464566929134));
#6681=CARTESIAN_POINT('Origin',(0.13248031496063,-0.0724409448818897,-0.0283464566929134));
#6682=CARTESIAN_POINT('Origin',(0.150196850393701,-0.0881889763779527,-0.0283464566929134));
#6683=CARTESIAN_POINT('',(0.13248031496063,-0.1,-0.0283464566929134));
#6684=CARTESIAN_POINT('Origin',(0.13248031496063,-0.0881889763779527,-0.0283464566929134));
#6685=CARTESIAN_POINT('',(0.150196850393701,-0.0881889763779527,-0.0401574803149606));
#6686=CARTESIAN_POINT('',(0.148228346456693,-0.1,-0.0283464566929134));
#6687=CARTESIAN_POINT('Origin',(0.148228346456693,-0.0881889763779527,-0.0283464566929134));
#6688=CARTESIAN_POINT('',(0.150196850393701,-0.1,-0.0283464566929134));
#6689=CARTESIAN_POINT('Origin',(0.13248031496063,-0.0881889763779527,-0.0283464566929134));
#6690=CARTESIAN_POINT('Origin',(0.13248031496063,-0.0881889763779527,-0.0283464566929134));
#6691=CARTESIAN_POINT('Origin',(0.148228346456693,-0.0881889763779527,-0.0283464566929134));
#6692=CARTESIAN_POINT('Origin',(0.148228346456693,-0.0881889763779527,-0.0283464566929134));
#6693=CARTESIAN_POINT('Origin',(0.13248031496063,-0.0724409448818897,0.));
#6694=CARTESIAN_POINT('',(0.120669291338583,-0.0724409448818897,0.));
#6695=CARTESIAN_POINT('',(0.120669291338583,-0.0724409448818897,0.));
#6696=CARTESIAN_POINT('',(0.13248031496063,-0.0606299212598425,0.));
#6697=CARTESIAN_POINT('Origin',(0.13248031496063,-0.0724409448818897,0.));
#6698=CARTESIAN_POINT('',(0.13248031496063,-0.0606299212598425,0.));
#6699=CARTESIAN_POINT('Origin',(0.120669291338583,-0.0724409448818897,0.));
#6700=CARTESIAN_POINT('',(0.120669291338583,-0.0881889763779527,0.));
#6701=CARTESIAN_POINT('',(0.120669291338583,-0.0881889763779527,0.));
#6702=CARTESIAN_POINT('',(0.120669291338583,-0.036220472440945,0.));
#6703=CARTESIAN_POINT('Origin',(0.13248031496063,-0.0881889763779527,0.));
#6704=CARTESIAN_POINT('',(0.13248031496063,-0.1,0.));
#6705=CARTESIAN_POINT('',(0.13248031496063,-0.1,0.));
#6706=CARTESIAN_POINT('Origin',(0.13248031496063,-0.0881889763779527,0.));
#6707=CARTESIAN_POINT('Origin',(0.16003937007874,-0.1,0.));
#6708=CARTESIAN_POINT('',(0.148228346456693,-0.1,0.));
#6709=CARTESIAN_POINT('',(0.148228346456693,-0.1,0.));
#6710=CARTESIAN_POINT('',(0.16003937007874,-0.1,0.));
#6711=CARTESIAN_POINT('',(0.16003937007874,-0.1,0.));
#6712=CARTESIAN_POINT('',(0.16003937007874,-0.1,0.273622047244095));
#6713=CARTESIAN_POINT('',(0.16003937007874,-0.1,0.));
#6714=CARTESIAN_POINT('',(0.144291338582677,-0.1,0.273622047244095));
#6715=CARTESIAN_POINT('',(0.16003937007874,-0.1,0.273622047244095));
#6716=CARTESIAN_POINT('',(0.144291338582677,-0.1,0.0255905511811024));
#6717=CARTESIAN_POINT('',(0.144291338582677,-0.1,0.0127952755905512));
#6718=CARTESIAN_POINT('',(0.0967788117394417,-0.1,0.0255905511811024));
#6719=CARTESIAN_POINT('',(0.00787401574803151,-0.1,0.0255905511811024));
#6720=CARTESIAN_POINT('',(0.10492125984252,-0.1,0.));
#6721=CARTESIAN_POINT('',(0.107454831513791,-0.1,-0.00796265382399433));
#6722=CARTESIAN_POINT('',(0.16003937007874,-0.1,0.));
#6723=CARTESIAN_POINT('Origin',(0.140354330708661,-0.0803149606299212,-0.0401574803149606));
#6724=CARTESIAN_POINT('Origin',(0.148228346456693,0.0901574803149606,-0.0283464566929134));
#6725=CARTESIAN_POINT('',(0.16003937007874,0.0724409448818898,-0.0283464566929134));
#6726=CARTESIAN_POINT('',(0.148228346456693,0.0724409448818898,-0.0401574803149606));
#6727=CARTESIAN_POINT('Origin',(0.148228346456693,0.0724409448818898,-0.0283464566929134));
#6728=CARTESIAN_POINT('',(0.148228346456693,0.0881889763779528,-0.0401574803149606));
#6729=CARTESIAN_POINT('',(0.148228346456693,0.0901574803149606,-0.0401574803149606));
#6730=CARTESIAN_POINT('',(0.16003937007874,0.0881889763779528,-0.0283464566929134));
#6731=CARTESIAN_POINT('Origin',(0.148228346456693,0.0881889763779528,-0.0283464566929134));
#6732=CARTESIAN_POINT('',(0.16003937007874,0.0901574803149606,-0.0283464566929134));
#6733=CARTESIAN_POINT('Origin',(-0.0098425196850394,0.0881889763779528,
-0.0283464566929134));
#6734=CARTESIAN_POINT('',(0.148228346456693,0.1,-0.0283464566929134));
#6735=CARTESIAN_POINT('Origin',(0.148228346456693,0.0881889763779528,-0.0283464566929134));
#6736=CARTESIAN_POINT('',(0.13248031496063,0.0881889763779528,-0.0401574803149606));
#6737=CARTESIAN_POINT('',(-0.0098425196850394,0.0881889763779528,-0.0401574803149606));
#6738=CARTESIAN_POINT('',(0.13248031496063,0.1,-0.0283464566929134));
#6739=CARTESIAN_POINT('Origin',(0.13248031496063,0.0881889763779528,-0.0283464566929134));
#6740=CARTESIAN_POINT('',(-0.0098425196850394,0.1,-0.0283464566929134));
#6741=CARTESIAN_POINT('Origin',(0.148228346456693,0.0881889763779528,-0.0283464566929134));
#6742=CARTESIAN_POINT('Origin',(0.148228346456693,0.0881889763779528,-0.0283464566929134));
#6743=CARTESIAN_POINT('Origin',(0.13248031496063,0.084251968503937,-0.0283464566929134));
#6744=CARTESIAN_POINT('',(0.120669291338583,0.0881889763779528,-0.0283464566929134));
#6745=CARTESIAN_POINT('Origin',(0.13248031496063,0.0881889763779528,-0.0283464566929134));
#6746=CARTESIAN_POINT('',(0.13248031496063,0.0724409448818898,-0.0401574803149606));
#6747=CARTESIAN_POINT('',(0.13248031496063,0.084251968503937,-0.0401574803149606));
#6748=CARTESIAN_POINT('',(0.120669291338583,0.0724409448818898,-0.0283464566929134));
#6749=CARTESIAN_POINT('Origin',(0.13248031496063,0.0724409448818898,-0.0283464566929134));
#6750=CARTESIAN_POINT('',(0.120669291338583,0.084251968503937,-0.0283464566929134));
#6751=CARTESIAN_POINT('Origin',(0.13248031496063,0.0881889763779528,-0.0283464566929134));
#6752=CARTESIAN_POINT('Origin',(0.13248031496063,0.0881889763779528,-0.0283464566929134));
#6753=CARTESIAN_POINT('Origin',(0.136417322834646,0.0724409448818897,-0.0283464566929134));
#6754=CARTESIAN_POINT('',(0.13248031496063,0.0606299212598425,-0.0283464566929134));
#6755=CARTESIAN_POINT('Origin',(0.13248031496063,0.0724409448818897,-0.0283464566929134));
#6756=CARTESIAN_POINT('',(0.136417322834646,0.0724409448818897,-0.0401574803149606));
#6757=CARTESIAN_POINT('',(0.148228346456693,0.0606299212598425,-0.0283464566929134));
#6758=CARTESIAN_POINT('Origin',(0.148228346456693,0.0724409448818898,-0.0283464566929134));
#6759=CARTESIAN_POINT('',(0.136417322834646,0.0606299212598425,-0.0283464566929134));
#6760=CARTESIAN_POINT('Origin',(0.13248031496063,0.0724409448818898,-0.0283464566929134));
#6761=CARTESIAN_POINT('Origin',(0.13248031496063,0.0724409448818898,-0.0283464566929134));
#6762=CARTESIAN_POINT('Origin',(0.148228346456693,0.0724409448818898,-0.0283464566929134));
#6763=CARTESIAN_POINT('Origin',(0.148228346456693,0.0724409448818898,-0.0283464566929134));
#6764=CARTESIAN_POINT('Origin',(0.13248031496063,0.0881889763779528,0.));
#6765=CARTESIAN_POINT('',(0.120669291338583,0.0881889763779528,0.));
#6766=CARTESIAN_POINT('',(0.120669291338583,0.0881889763779528,0.));
#6767=CARTESIAN_POINT('',(0.13248031496063,0.1,0.));
#6768=CARTESIAN_POINT('Origin',(0.13248031496063,0.0881889763779528,0.));
#6769=CARTESIAN_POINT('',(0.13248031496063,0.1,0.));
#6770=CARTESIAN_POINT('Origin',(0.120669291338583,0.0881889763779528,0.));
#6771=CARTESIAN_POINT('',(0.120669291338583,0.0724409448818898,0.));
#6772=CARTESIAN_POINT('',(0.120669291338583,0.0724409448818898,0.));
#6773=CARTESIAN_POINT('',(0.120669291338583,0.0440944881889764,0.));
#6774=CARTESIAN_POINT('Origin',(0.13248031496063,0.0724409448818898,0.));
#6775=CARTESIAN_POINT('',(0.13248031496063,0.0606299212598425,0.));
#6776=CARTESIAN_POINT('',(0.13248031496063,0.0606299212598425,0.));
#6777=CARTESIAN_POINT('Origin',(0.13248031496063,0.0724409448818898,0.));
#6778=CARTESIAN_POINT('Origin',(0.13248031496063,0.0606299212598425,0.));
#6779=CARTESIAN_POINT('',(0.148228346456693,0.0606299212598425,0.));
#6780=CARTESIAN_POINT('',(0.148228346456693,0.0606299212598425,0.));
#6781=CARTESIAN_POINT('',(0.0662401574803149,0.0606299212598425,0.));
#6782=CARTESIAN_POINT('Origin',(0.140354330708661,0.0803149606299213,-0.0401574803149606));
#6783=CARTESIAN_POINT('Origin',(-0.105314960629921,0.,0.253116475364552));
#6784=CARTESIAN_POINT('',(-0.115157480314961,-0.0590551181102362,0.273622047244095));
#6785=CARTESIAN_POINT('',(-0.105314960629921,-0.0590551181102362,0.253116475364552));
#6786=CARTESIAN_POINT('',(-0.112595293091976,-0.0590551181102362,0.268284073234286));
#6787=CARTESIAN_POINT('',(-0.115157480314961,-0.0881889763779528,0.273622047244095));
#6788=CARTESIAN_POINT('',(-0.115157480314961,5.73028193839975E-19,0.273622047244095));
#6789=CARTESIAN_POINT('',(-0.105314960629921,-0.0881889763779528,0.253116475364552));
#6790=CARTESIAN_POINT('',(-0.0752644314231876,-0.0881889763779528,0.190510221439188));
#6791=CARTESIAN_POINT('',(-0.105314960629921,0.,0.253116475364552));
#6792=CARTESIAN_POINT('Origin',(-0.105314960629921,0.,0.253116475364552));
#6793=CARTESIAN_POINT('',(-0.105314960629921,0.0590551181102362,0.253116475364552));
#6794=CARTESIAN_POINT('',(-0.115157480314961,0.0590551181102362,0.273622047244095));
#6795=CARTESIAN_POINT('',(-0.086313749689973,0.0590551181102362,0.213529996577042));
#6796=CARTESIAN_POINT('',(-0.105314960629921,0.0881889763779528,0.253116475364552));
#6797=CARTESIAN_POINT('',(-0.105314960629921,0.,0.253116475364552));
#6798=CARTESIAN_POINT('',(-0.115157480314961,0.0881889763779528,0.273622047244095));
#6799=CARTESIAN_POINT('',(-0.0752644314231876,0.0881889763779528,0.190510221439188));
#6800=CARTESIAN_POINT('',(-0.115157480314961,5.73028193839975E-19,0.273622047244095));
#6801=CARTESIAN_POINT('Origin',(0.105314960629921,0.,0.253116475364552));
#6802=CARTESIAN_POINT('',(0.105314960629921,-0.0590551181102362,0.253116475364552));
#6803=CARTESIAN_POINT('',(-0.0175196850393701,-0.0590551181102362,0.253116475364552));
#6804=CARTESIAN_POINT('',(0.105314960629921,-0.0881889763779527,0.253116475364552));
#6805=CARTESIAN_POINT('',(0.0526574803149606,-0.0881889763779527,0.253116475364552));
#6806=CARTESIAN_POINT('',(0.105314960629921,0.,0.253116475364552));
#6807=CARTESIAN_POINT('Origin',(0.115157480314961,0.,0.273622047244095));
#6808=CARTESIAN_POINT('',(0.115157480314961,-0.0590551181102362,0.273622047244095));
#6809=CARTESIAN_POINT('',(0.0912350095324926,-0.0590551181102362,0.223782782516813));
#6810=CARTESIAN_POINT('',(0.115157480314961,-0.0881889763779527,0.273622047244095));
#6811=CARTESIAN_POINT('',(0.0801856912657073,-0.0881889763779527,0.200763007378959));
#6812=CARTESIAN_POINT('',(0.115157480314961,5.73028193839975E-19,0.273622047244095));
#6813=CARTESIAN_POINT('Origin',(0.115157480314961,0.,0.273622047244095));
#6814=CARTESIAN_POINT('',(0.115157480314961,0.0590551181102362,0.273622047244095));
#6815=CARTESIAN_POINT('',(0.105314960629921,0.0590551181102362,0.253116475364552));
#6816=CARTESIAN_POINT('',(0.117516552934495,0.0590551181102362,0.278536859174058));
#6817=CARTESIAN_POINT('',(0.115157480314961,0.0881889763779527,0.273622047244095));
#6818=CARTESIAN_POINT('',(0.115157480314961,5.73028193839975E-19,0.273622047244095));
#6819=CARTESIAN_POINT('',(0.105314960629921,0.0881889763779527,0.253116475364552));
#6820=CARTESIAN_POINT('',(0.0801856912657073,0.0881889763779527,0.200763007378959));
#6821=CARTESIAN_POINT('',(0.105314960629921,0.,0.253116475364552));
#6822=CARTESIAN_POINT('Origin',(0.105314960629921,0.,0.253116475364552));
#6823=CARTESIAN_POINT('',(0.122834645669291,0.0590551181102362,0.253116475364552));
#6824=CARTESIAN_POINT('',(0.0526574803149606,0.0881889763779527,0.253116475364552));
#6825=CARTESIAN_POINT('Origin',(-3.44810854612836E-18,0.0881889763779528,
0.149606299212598));
#6826=CARTESIAN_POINT('',(0.144291338582677,0.0881889763779527,0.273622047244095));
#6827=CARTESIAN_POINT('',(-8.80429715505738E-18,0.0881889763779528,0.273622047244095));
#6828=CARTESIAN_POINT('',(0.144291338582677,0.0881889763779527,0.0255905511811024));
#6829=CARTESIAN_POINT('',(0.144291338582677,0.0881889763779527,0.0255905511811024));
#6830=CARTESIAN_POINT('',(0.0967788117394416,0.0881889763779527,0.0255905511811024));
#6831=CARTESIAN_POINT('',(-0.144291338582677,0.0881889763779528,0.0255905511811023));
#6832=CARTESIAN_POINT('',(0.0773622047244094,0.0881889763779528,0.0866141732283465));
#6833=CARTESIAN_POINT('',(0.0784855076745801,0.0881889763779527,0.0830837925278102));
#6834=CARTESIAN_POINT('',(0.0773622047244094,0.0881889763779527,0.118110236220472));
#6835=CARTESIAN_POINT('',(0.0773622047244094,0.0881889763779527,0.118110236220472));
#6836=CARTESIAN_POINT('',(-0.0773622047244094,0.0881889763779528,0.118110236220472));
#6837=CARTESIAN_POINT('',(0.0386811023622047,0.0881889763779528,0.118110236220472));
#6838=CARTESIAN_POINT('',(-0.0773622047244094,0.0881889763779528,0.0866141732283465));
#6839=CARTESIAN_POINT('',(-0.0773622047244094,0.0881889763779528,0.133858267716535));
#6840=CARTESIAN_POINT('',(-0.0967788117394417,0.0881889763779528,0.0255905511811024));
#6841=CARTESIAN_POINT('',(-0.0647059801155249,0.0881889763779528,0.126390879141983));
#6842=CARTESIAN_POINT('',(-0.144291338582677,0.0881889763779528,0.0255905511811023));
#6843=CARTESIAN_POINT('',(-0.144291338582677,0.0881889763779528,0.0255905511811023));
#6844=CARTESIAN_POINT('',(-0.144291338582677,0.0881889763779528,0.273622047244095));
#6845=CARTESIAN_POINT('',(-0.144291338582677,0.0881889763779528,0.273622047244095));
#6846=CARTESIAN_POINT('',(-8.80429715505738E-18,0.0881889763779528,0.273622047244095));
#6847=CARTESIAN_POINT('Origin',(-0.140354330708661,-0.0590551181102362,
0.273622047244095));
#6848=CARTESIAN_POINT('',(0.140354330708661,-0.0590551181102362,0.273622047244095));
#6849=CARTESIAN_POINT('',(-0.0701771653543307,-0.0590551181102362,0.273622047244095));
#6850=CARTESIAN_POINT('',(0.140354330708661,-0.0590551181102362,0.0255905511811024));
#6851=CARTESIAN_POINT('',(0.140354330708661,-0.0590551181102362,0.273622047244095));
#6852=CARTESIAN_POINT('',(-0.140354330708661,-0.0590551181102362,0.0255905511811024));
#6853=CARTESIAN_POINT('',(-0.140354330708661,-0.0590551181102362,0.0255905511811024));
#6854=CARTESIAN_POINT('',(-0.140354330708661,-0.0590551181102362,0.273622047244095));
#6855=CARTESIAN_POINT('',(-0.140354330708661,-0.0590551181102362,0.273622047244095));
#6856=CARTESIAN_POINT('',(-0.0701771653543307,-0.0590551181102362,0.273622047244095));
#6857=CARTESIAN_POINT('Origin',(-2.73184799366426E-17,1.14605638767995E-18,
0.273622047244095));
#6858=CARTESIAN_POINT('',(0.140354330708661,0.0590551181102362,0.273622047244095));
#6859=CARTESIAN_POINT('',(0.0701771653543307,0.0590551181102362,0.273622047244095));
#6860=CARTESIAN_POINT('',(0.140354330708661,-0.0295275590551181,0.273622047244095));
#6861=CARTESIAN_POINT('',(0.144291338582677,-0.0881889763779527,0.273622047244095));
#6862=CARTESIAN_POINT('',(-8.80429715505738E-18,-0.0881889763779528,0.273622047244095));
#6863=CARTESIAN_POINT('',(0.144291338582677,-0.05,0.273622047244095));
#6864=CARTESIAN_POINT('',(0.16003937007874,0.1,0.273622047244095));
#6865=CARTESIAN_POINT('',(0.16003937007874,0.1,0.273622047244095));
#6866=CARTESIAN_POINT('',(0.144291338582677,0.1,0.273622047244095));
#6867=CARTESIAN_POINT('',(-0.16003937007874,0.1,0.273622047244095));
#6868=CARTESIAN_POINT('',(0.144291338582677,0.05,0.273622047244095));
#6869=CARTESIAN_POINT('Origin',(-2.73184799366426E-17,1.14605638767995E-18,
0.273622047244095));
#6870=CARTESIAN_POINT('',(-0.144291338582677,0.1,0.273622047244095));
#6871=CARTESIAN_POINT('',(-0.144291338582677,0.05,0.273622047244095));
#6872=CARTESIAN_POINT('',(-0.16003937007874,0.1,0.273622047244095));
#6873=CARTESIAN_POINT('',(-0.144291338582677,-0.0881889763779528,0.273622047244095));
#6874=CARTESIAN_POINT('',(-0.144291338582677,-0.05,0.273622047244095));
#6875=CARTESIAN_POINT('',(-8.80429715505738E-18,-0.0881889763779528,0.273622047244095));
#6876=CARTESIAN_POINT('',(-0.140354330708661,0.0590551181102362,0.273622047244095));
#6877=CARTESIAN_POINT('',(-0.140354330708661,0.0295275590551181,0.273622047244095));
#6878=CARTESIAN_POINT('',(0.0701771653543307,0.0590551181102362,0.273622047244095));
#6879=CARTESIAN_POINT('Origin',(0.148228346456693,-0.0724409448818897,0.));
#6880=CARTESIAN_POINT('',(0.148228346456693,-0.0606299212598425,0.));
#6881=CARTESIAN_POINT('',(0.148228346456693,-0.0606299212598425,0.));
#6882=CARTESIAN_POINT('',(0.16003937007874,-0.0724409448818897,0.));
#6883=CARTESIAN_POINT('Origin',(0.148228346456693,-0.0724409448818897,0.));
#6884=CARTESIAN_POINT('',(0.16003937007874,-0.0724409448818897,0.));
#6885=CARTESIAN_POINT('Origin',(0.148228346456693,-0.0606299212598425,0.));
#6886=CARTESIAN_POINT('',(0.0741141732283464,-0.0606299212598425,0.));
#6887=CARTESIAN_POINT('Origin',(0.148228346456693,-0.0881889763779527,0.));
#6888=CARTESIAN_POINT('',(0.16003937007874,-0.0881889763779527,0.));
#6889=CARTESIAN_POINT('',(0.16003937007874,-0.0881889763779527,0.));
#6890=CARTESIAN_POINT('Origin',(0.148228346456693,-0.0881889763779527,0.));
#6891=CARTESIAN_POINT('Origin',(0.148228346456693,0.0881889763779528,0.));
#6892=CARTESIAN_POINT('',(0.148228346456693,0.1,0.));
#6893=CARTESIAN_POINT('',(0.148228346456693,0.1,0.));
#6894=CARTESIAN_POINT('',(0.16003937007874,0.0881889763779528,0.));
#6895=CARTESIAN_POINT('Origin',(0.148228346456693,0.0881889763779528,0.));
#6896=CARTESIAN_POINT('',(0.16003937007874,0.0881889763779528,0.));
#6897=CARTESIAN_POINT('Origin',(0.148228346456693,0.0724409448818898,0.));
#6898=CARTESIAN_POINT('',(0.16003937007874,0.0724409448818898,0.));
#6899=CARTESIAN_POINT('',(0.16003937007874,0.0724409448818898,0.));
#6900=CARTESIAN_POINT('Origin',(0.148228346456693,0.0724409448818898,0.));
#6901=CARTESIAN_POINT('Origin',(-0.13248031496063,0.0744094488188976,0.));
#6902=CARTESIAN_POINT('',(-0.120669291338583,0.0744094488188976,0.));
#6903=CARTESIAN_POINT('',(-0.120669291338583,0.0744094488188976,0.));
#6904=CARTESIAN_POINT('Origin',(-0.13248031496063,0.0744094488188976,0.));
#6905=CARTESIAN_POINT('Origin',(-0.120669291338583,0.0744094488188976,0.));
#6906=CARTESIAN_POINT('',(-0.120669291338583,0.0881889763779528,0.));
#6907=CARTESIAN_POINT('',(-0.120669291338583,0.0881889763779528,0.));
#6908=CARTESIAN_POINT('',(-0.120669291338583,0.0372047244094488,0.));
#6909=CARTESIAN_POINT('Origin',(-0.13248031496063,0.0881889763779528,0.));
#6910=CARTESIAN_POINT('',(-0.13248031496063,0.1,0.));
#6911=CARTESIAN_POINT('',(-0.13248031496063,0.1,0.));
#6912=CARTESIAN_POINT('Origin',(-0.13248031496063,0.0881889763779528,0.));
#6913=CARTESIAN_POINT('Origin',(-0.13248031496063,-0.0724409448818897,0.));
#6914=CARTESIAN_POINT('',(-0.13248031496063,-0.0606299212598424,0.));
#6915=CARTESIAN_POINT('',(-0.13248031496063,-0.0606299212598424,0.));
#6916=CARTESIAN_POINT('',(-0.120669291338583,-0.0724409448818897,0.));
#6917=CARTESIAN_POINT('Origin',(-0.13248031496063,-0.0724409448818897,0.));
#6918=CARTESIAN_POINT('',(-0.120669291338583,-0.0724409448818897,0.));
#6919=CARTESIAN_POINT('Origin',(-0.13248031496063,-0.0606299212598424,0.));
#6920=CARTESIAN_POINT('',(-0.066240157480315,-0.0606299212598424,0.));
#6921=CARTESIAN_POINT('Origin',(-0.13248031496063,-0.0881889763779527,0.));
#6922=CARTESIAN_POINT('',(-0.120669291338583,-0.0881889763779527,0.));
#6923=CARTESIAN_POINT('',(-0.120669291338583,-0.0881889763779527,0.));
#6924=CARTESIAN_POINT('Origin',(-0.13248031496063,-0.0881889763779527,0.));
#6925=CARTESIAN_POINT('Origin',(-0.120669291338583,-0.0881889763779527,
0.));
#6926=CARTESIAN_POINT('',(-0.120669291338583,-0.0440944881889764,0.));
#6927=CARTESIAN_POINT('Origin',(-2.73184799366426E-17,1.15432844822095E-19,
0.));
#6928=CARTESIAN_POINT('Origin',(-2.73184799366426E-17,1.15432844822095E-19,
0.));
#6929=CARTESIAN_POINT('',(-0.16003937007874,0.1,0.));
#6930=CARTESIAN_POINT('Origin',(-2.73184799366426E-17,1.15432844822095E-19,
0.));
#6931=CARTESIAN_POINT('',(0.16003937007874,0.1,0.));
#6932=CARTESIAN_POINT('',(-0.16003937007874,0.1,0.));
#6933=CARTESIAN_POINT('',(0.16003937007874,0.1,0.));
#6934=CARTESIAN_POINT('Origin',(-2.73184799366426E-17,1.15432844822095E-19,
0.));
#6935=CARTESIAN_POINT('',(0.16003937007874,0.1,0.));
#6936=CARTESIAN_POINT('Origin',(0.118700787401575,-0.0940944881889764,0.105445825272581));
#6937=CARTESIAN_POINT('',(-0.0773622047244094,-0.0881889763779528,0.118110236220472));
#6938=CARTESIAN_POINT('',(-0.0773622047244094,-0.1,0.0927814143246903));
#6939=CARTESIAN_POINT('',(-0.0773622047244094,-0.0921964932784846,0.109516088493223));
#6940=CARTESIAN_POINT('',(0.0773622047244094,-0.1,0.0927814143246903));
#6941=CARTESIAN_POINT('',(0.118700787401575,-0.1,0.0927814143246903));
#6942=CARTESIAN_POINT('',(0.0773622047244094,-0.0881889763779527,0.118110236220472));
#6943=CARTESIAN_POINT('',(0.0773622047244094,-0.0982283392872955,0.0965807529838801));
#6944=CARTESIAN_POINT('',(0.0386811023622047,-0.0881889763779528,0.118110236220472));
#6945=CARTESIAN_POINT('Origin',(0.0773622047244094,-0.1,0.0866141732283465));
#6946=CARTESIAN_POINT('',(0.0773622047244094,-0.1,0.0866141732283465));
#6947=CARTESIAN_POINT('',(0.0773622047244094,-0.1,0.0433070866141733));
#6948=CARTESIAN_POINT('',(0.0773622047244094,-0.0881889763779528,0.0866141732283465));
#6949=CARTESIAN_POINT('',(0.0773622047244094,-0.1,0.0866141732283465));
#6950=CARTESIAN_POINT('',(0.0773622047244094,-0.0881889763779527,0.118110236220472));
#6951=CARTESIAN_POINT('Origin',(-0.0413385826771654,0.0940944881889764,
0.105445825272581));
#6952=CARTESIAN_POINT('',(0.0773622047244094,0.1,0.0927814143246903));
#6953=CARTESIAN_POINT('',(0.0773622047244094,0.0982283392872955,0.0965807529838801));
#6954=CARTESIAN_POINT('',(-0.0773622047244094,0.1,0.0927814143246903));
#6955=CARTESIAN_POINT('',(-0.0413385826771654,0.1,0.0927814143246903));
#6956=CARTESIAN_POINT('',(-0.0773622047244094,0.0921964932784846,0.109516088493223));
#6957=CARTESIAN_POINT('Origin',(-0.16003937007874,0.1,0.));
#6958=CARTESIAN_POINT('',(0.0773622047244094,0.1,0.0866141732283465));
#6959=CARTESIAN_POINT('',(0.0773622047244094,0.1,0.0433070866141733));
#6960=CARTESIAN_POINT('',(-0.0773622047244094,0.1,0.0866141732283465));
#6961=CARTESIAN_POINT('',(-0.118700787401575,0.1,0.0866141732283465));
#6962=CARTESIAN_POINT('',(-0.0773622047244094,0.1,0.0590551181102363));
#6963=CARTESIAN_POINT('Origin',(0.0773622047244094,0.1,0.0866141732283465));
#6964=CARTESIAN_POINT('',(0.0773622047244094,0.1,0.0866141732283465));
#6965=CARTESIAN_POINT('Origin',(0.10492125984252,0.1,0.));
#6966=CARTESIAN_POINT('',(0.0967788117394417,0.1,0.0255905511811024));
#6967=CARTESIAN_POINT('',(0.0967788117394416,0.1,0.0255905511811024));
#6968=CARTESIAN_POINT('',(0.10492125984252,0.1,0.));
#6969=CARTESIAN_POINT('',(0.0927420188799102,0.1,0.0382776144539156));
#6970=CARTESIAN_POINT('',(0.10492125984252,0.0763779527559055,0.));
#6971=CARTESIAN_POINT('',(0.10492125984252,0.05,2.73184799366426E-18));
#6972=CARTESIAN_POINT('',(0.0773622047244094,0.0763779527559055,0.0866141732283465));
#6973=CARTESIAN_POINT('',(0.10492125984252,0.0763779527559055,0.));
#6974=CARTESIAN_POINT('',(0.0773622047244094,0.1,0.0866141732283465));
#6975=CARTESIAN_POINT('Origin',(-0.0773622047244094,0.1,0.0866141732283465));
#6976=CARTESIAN_POINT('',(-0.0773622047244094,0.0763779527559055,0.0866141732283465));
#6977=CARTESIAN_POINT('',(-0.0773622047244094,0.1,0.0866141732283465));
#6978=CARTESIAN_POINT('',(-0.10492125984252,0.0763779527559055,0.));
#6979=CARTESIAN_POINT('',(-0.0773622047244094,0.0763779527559055,0.0866141732283465));
#6980=CARTESIAN_POINT('',(-0.10492125984252,0.1,0.));
#6981=CARTESIAN_POINT('',(-0.10492125984252,0.05,-1.09273919746571E-17));
#6982=CARTESIAN_POINT('',(-0.0967788117394417,0.1,0.0255905511811024));
#6983=CARTESIAN_POINT('',(-0.0936753039547355,0.1,0.0353444327901789));
#6984=CARTESIAN_POINT('',(-0.0967788117394417,0.1,0.0255905511811024));
#6985=CARTESIAN_POINT('Origin',(0.,0.0763779527559055,0.0389381052239771));
#6986=CARTESIAN_POINT('',(-1.13993033826098E-17,0.0763779527559055,0.));
#6987=CARTESIAN_POINT('',(0.0773622047244094,0.0763779527559055,0.0866141732283465));
#6988=CARTESIAN_POINT('Origin',(-0.144291338582677,0.1,0.0255905511811023));
#6989=CARTESIAN_POINT('',(-0.144291338582677,0.1,0.0255905511811023));
#6990=CARTESIAN_POINT('',(-0.152165354330709,0.1,0.0255905511811023));
#6991=CARTESIAN_POINT('',(-0.144291338582677,0.1,0.0255905511811023));
#6992=CARTESIAN_POINT('Origin',(-0.0773622047244094,0.1,0.118110236220472));
#6993=CARTESIAN_POINT('',(-0.0773622047244094,0.1,0.0866141732283465));
#6994=CARTESIAN_POINT('Origin',(-0.0773622047244094,0.1,0.0866141732283465));
#6995=CARTESIAN_POINT('Origin',(-0.144291338582677,0.1,0.0255905511811023));
#6996=CARTESIAN_POINT('',(0.144291338582677,0.1,0.0255905511811024));
#6997=CARTESIAN_POINT('',(0.144291338582677,0.1,0.0255905511811024));
#6998=CARTESIAN_POINT('',(-0.152165354330709,0.1,0.0255905511811023));
#6999=CARTESIAN_POINT('Origin',(0.144291338582677,0.1,0.0255905511811024));
#7000=CARTESIAN_POINT('',(0.144291338582677,0.1,0.0127952755905512));
#7001=CARTESIAN_POINT('Origin',(-0.144291338582677,0.1,0.273622047244095));
#7002=CARTESIAN_POINT('',(-0.144291338582677,0.1,0.136811023622047));
#7003=CARTESIAN_POINT('Origin',(-2.73184799366426E-17,1.15432844822095E-19,
0.));
#7004=CARTESIAN_POINT('',(0.10492125984252,-0.0763779527559055,0.));
#7005=CARTESIAN_POINT('',(0.10492125984252,-0.05,2.73184799366426E-18));
#7006=CARTESIAN_POINT('',(-0.10492125984252,-0.0763779527559055,0.));
#7007=CARTESIAN_POINT('',(-1.13993033826098E-17,-0.0763779527559055,0.));
#7008=CARTESIAN_POINT('',(-0.10492125984252,-0.05,-1.09273919746571E-17));
#7009=CARTESIAN_POINT('',(-0.16003937007874,0.1,0.));
#7010=CARTESIAN_POINT('',(-0.16003937007874,0.1,0.));
#7011=CARTESIAN_POINT('',(0.16003937007874,0.1,0.));
#7012=CARTESIAN_POINT('Origin',(-0.16003937007874,0.1,0.));
#7013=CARTESIAN_POINT('',(0.16003937007874,0.1,0.));
#7014=CARTESIAN_POINT('Origin',(0.10492125984252,-0.1,0.));
#7015=CARTESIAN_POINT('',(0.0967788117394416,-0.0881889763779527,0.0255905511811024));
#7016=CARTESIAN_POINT('',(0.0784855076745801,-0.0881889763779527,0.0830837925278102));
#7017=CARTESIAN_POINT('',(0.0773622047244094,-0.0763779527559055,0.0866141732283465));
#7018=CARTESIAN_POINT('',(0.0773622047244094,-0.1,0.0866141732283465));
#7019=CARTESIAN_POINT('',(0.10492125984252,-0.0763779527559055,0.));
#7020=CARTESIAN_POINT('',(0.0967788117394416,-0.1,0.0255905511811024));
#7021=CARTESIAN_POINT('Origin',(-0.0773622047244094,-0.1,0.0866141732283465));
#7022=CARTESIAN_POINT('',(-0.0967788117394417,-0.0881889763779528,0.0255905511811024));
#7023=CARTESIAN_POINT('',(-0.0773622047244094,-0.0881889763779528,0.0866141732283465));
#7024=CARTESIAN_POINT('',(-0.0647059801155249,-0.0881889763779528,0.126390879141983));
#7025=CARTESIAN_POINT('',(-0.0967788117394417,-0.1,0.0255905511811024));
#7026=CARTESIAN_POINT('',(-0.0773622047244094,-0.0763779527559055,0.0866141732283465));
#7027=CARTESIAN_POINT('',(-0.0773622047244094,-0.0763779527559055,0.0866141732283465));
#7028=CARTESIAN_POINT('',(-0.0773622047244094,-0.1,0.0866141732283465));
#7029=CARTESIAN_POINT('Origin',(0.,-0.0763779527559055,0.0389381052239771));
#7030=CARTESIAN_POINT('',(0.0773622047244094,-0.0763779527559055,0.0866141732283465));
#7031=CARTESIAN_POINT('Origin',(-0.144291338582677,-0.1,0.0255905511811023));
#7032=CARTESIAN_POINT('',(-0.144291338582677,-0.0881889763779528,0.0255905511811023));
#7033=CARTESIAN_POINT('',(-0.144291338582677,-0.0881889763779528,0.0255905511811023));
#7034=CARTESIAN_POINT('',(-0.144291338582677,-0.1,0.0255905511811023));
#7035=CARTESIAN_POINT('Origin',(-0.144291338582677,-0.1,0.0255905511811023));
#7036=CARTESIAN_POINT('',(0.144291338582677,-0.0881889763779527,0.0255905511811024));
#7037=CARTESIAN_POINT('',(0.144291338582677,-0.1,0.0255905511811024));
#7038=CARTESIAN_POINT('',(-0.144291338582677,-0.0881889763779528,0.0255905511811023));
#7039=CARTESIAN_POINT('Origin',(-0.0773622047244094,-0.1,0.118110236220472));
#7040=CARTESIAN_POINT('',(-0.0773622047244094,-0.0881889763779528,0.133858267716535));
#7041=CARTESIAN_POINT('',(-0.0773622047244094,-0.1,0.0866141732283465));
#7042=CARTESIAN_POINT('',(-0.0773622047244094,-0.1,0.0866141732283465));
#7043=CARTESIAN_POINT('',(-0.0773622047244094,-0.1,0.0590551181102362));
#7044=CARTESIAN_POINT('Origin',(-0.0773622047244094,-0.1,0.0866141732283465));
#7045=CARTESIAN_POINT('',(0.0413385826771654,-0.1,0.0866141732283465));
#7046=CARTESIAN_POINT('Origin',(0.144291338582677,-0.1,0.0255905511811024));
#7047=CARTESIAN_POINT('',(0.144291338582677,-0.0881889763779527,0.0255905511811024));
#7048=CARTESIAN_POINT('Origin',(-0.144291338582677,-0.1,0.273622047244095));
#7049=CARTESIAN_POINT('',(-0.144291338582677,-0.0881889763779528,0.273622047244095));
#7050=CARTESIAN_POINT('Origin',(-3.44810854612836E-18,-0.0881889763779528,
0.149606299212598));
#7051=CARTESIAN_POINT('Origin',(0.16003937007874,-0.1,0.));
#7052=CARTESIAN_POINT('Origin',(0.140354330708661,-0.0590551181102362,0.273622047244095));
#7053=CARTESIAN_POINT('',(0.140354330708661,0.0590551181102362,0.0255905511811024));
#7054=CARTESIAN_POINT('',(0.140354330708661,-0.0590551181102362,0.0255905511811024));
#7055=CARTESIAN_POINT('',(0.140354330708661,0.0590551181102362,0.273622047244095));
#7056=CARTESIAN_POINT('Origin',(0.140354330708661,0.0590551181102362,0.273622047244095));
#7057=CARTESIAN_POINT('',(-0.140354330708661,0.0590551181102362,0.0255905511811024));
#7058=CARTESIAN_POINT('',(-0.140354330708661,0.0590551181102362,0.273622047244095));
#7059=CARTESIAN_POINT('',(0.140354330708661,0.0590551181102362,0.0255905511811024));
#7060=CARTESIAN_POINT('Origin',(-0.140354330708661,0.0590551181102362,0.273622047244095));
#7061=CARTESIAN_POINT('',(-0.140354330708661,0.0590551181102362,0.0255905511811024));
#7062=CARTESIAN_POINT('Origin',(-8.19554398099279E-18,4.49701945147479E-18,
0.0255905511811024));
#7063=CARTESIAN_POINT('Origin',(0.16003937007874,0.1,0.));
#7064=CARTESIAN_POINT('Origin',(-0.16003937007874,0.1,0.));
#7065=CARTESIAN_POINT('Origin',(0.0899606299212598,0.0149606299212599,-0.0275590551181102));
#7066=CARTESIAN_POINT('',(0.11003937007874,0.0149606299212599,-0.0275590551181102));
#7067=CARTESIAN_POINT('',(0.11003937007874,0.0149606299212599,-0.160236220472441));
#7068=CARTESIAN_POINT('',(0.11003937007874,0.0149606299212599,-0.0275590551181102));
#7069=CARTESIAN_POINT('',(0.0899606299212598,0.0149606299212599,-0.160236220472441));
#7070=CARTESIAN_POINT('',(0.0899606299212598,0.0149606299212599,-0.160236220472441));
#7071=CARTESIAN_POINT('',(0.0899606299212598,0.0149606299212599,-0.0275590551181102));
#7072=CARTESIAN_POINT('',(0.0899606299212598,0.0149606299212599,-0.0275590551181102));
#7073=CARTESIAN_POINT('',(0.0949803149606299,0.0149606299212599,-0.0275590551181102));
#7074=CARTESIAN_POINT('Origin',(0.0899606299212598,0.00511811023622054,
-0.160236220472441));
#7075=CARTESIAN_POINT('',(0.11003937007874,0.00511811023622055,-0.17007874015748));
#7076=CARTESIAN_POINT('Origin',(0.11003937007874,0.00511811023622055,-0.160236220472441));
#7077=CARTESIAN_POINT('',(0.0899606299212598,0.00511811023622054,-0.17007874015748));
#7078=CARTESIAN_POINT('',(0.0899606299212598,0.00511811023622054,-0.17007874015748));
#7079=CARTESIAN_POINT('Origin',(0.0899606299212598,0.00511811023622054,
-0.160236220472441));
#7080=CARTESIAN_POINT('Origin',(0.0899606299212598,0.00511811023622054,
-0.17007874015748));
#7081=CARTESIAN_POINT('',(0.11003937007874,-0.00511811023622039,-0.17007874015748));
#7082=CARTESIAN_POINT('',(0.11003937007874,0.00511811023622055,-0.17007874015748));
#7083=CARTESIAN_POINT('',(0.0899606299212599,-0.00511811023622039,-0.17007874015748));
#7084=CARTESIAN_POINT('',(0.0899606299212599,-0.00511811023622039,-0.17007874015748));
#7085=CARTESIAN_POINT('',(0.0899606299212599,0.00511811023622054,-0.17007874015748));
#7086=CARTESIAN_POINT('Origin',(0.0899606299212599,-0.00511811023622039,
-0.160236220472441));
#7087=CARTESIAN_POINT('',(0.11003937007874,-0.0149606299212598,-0.160236220472441));
#7088=CARTESIAN_POINT('Origin',(0.11003937007874,-0.00511811023622039,-0.160236220472441));
#7089=CARTESIAN_POINT('',(0.0899606299212599,-0.0149606299212598,-0.160236220472441));
#7090=CARTESIAN_POINT('',(0.0899606299212599,-0.0149606299212598,-0.160236220472441));
#7091=CARTESIAN_POINT('Origin',(0.0899606299212599,-0.00511811023622039,
-0.160236220472441));
#7092=CARTESIAN_POINT('Origin',(0.0899606299212599,-0.0149606299212598,
-0.160236220472441));
#7093=CARTESIAN_POINT('',(0.11003937007874,-0.0149606299212597,-0.0275590551181102));
#7094=CARTESIAN_POINT('',(0.11003937007874,-0.0149606299212598,-0.160236220472441));
#7095=CARTESIAN_POINT('',(0.0899606299212599,-0.0149606299212598,-0.0275590551181102));
#7096=CARTESIAN_POINT('',(0.0949803149606299,-0.0149606299212597,-0.0275590551181102));
#7097=CARTESIAN_POINT('',(0.0899606299212599,-0.0149606299212598,-0.160236220472441));
#7098=CARTESIAN_POINT('Origin',(-0.0100393700787401,0.0149606299212599,
-0.0275590551181102));
#7099=CARTESIAN_POINT('',(0.0100393700787402,0.0149606299212599,-0.0275590551181102));
#7100=CARTESIAN_POINT('',(0.0100393700787402,0.0149606299212599,-0.160236220472441));
#7101=CARTESIAN_POINT('',(0.0100393700787402,0.0149606299212599,-0.0275590551181102));
#7102=CARTESIAN_POINT('',(-0.0100393700787401,0.0149606299212599,-0.160236220472441));
#7103=CARTESIAN_POINT('',(-0.0100393700787401,0.0149606299212599,-0.160236220472441));
#7104=CARTESIAN_POINT('',(-0.0100393700787401,0.0149606299212599,-0.0275590551181102));
#7105=CARTESIAN_POINT('',(-0.0100393700787401,0.0149606299212599,-0.0275590551181102));
#7106=CARTESIAN_POINT('',(-0.00501968503937007,0.0149606299212599,-0.0275590551181102));
#7107=CARTESIAN_POINT('Origin',(-0.0100393700787401,0.0051181102362205,
-0.160236220472441));
#7108=CARTESIAN_POINT('',(0.0100393700787402,0.0051181102362205,-0.17007874015748));
#7109=CARTESIAN_POINT('Origin',(0.0100393700787402,0.0051181102362205,-0.160236220472441));
#7110=CARTESIAN_POINT('',(-0.0100393700787401,0.0051181102362205,-0.17007874015748));
#7111=CARTESIAN_POINT('',(-0.0100393700787401,0.0051181102362205,-0.17007874015748));
#7112=CARTESIAN_POINT('Origin',(-0.0100393700787401,0.0051181102362205,
-0.160236220472441));
#7113=CARTESIAN_POINT('Origin',(-0.0100393700787401,0.0051181102362205,
-0.17007874015748));
#7114=CARTESIAN_POINT('',(0.0100393700787402,-0.00511811023622043,-0.17007874015748));
#7115=CARTESIAN_POINT('',(0.0100393700787402,0.0051181102362205,-0.17007874015748));
#7116=CARTESIAN_POINT('',(-0.0100393700787401,-0.00511811023622044,-0.17007874015748));
#7117=CARTESIAN_POINT('',(-0.0100393700787401,-0.00511811023622044,-0.17007874015748));
#7118=CARTESIAN_POINT('',(-0.0100393700787401,0.0051181102362205,-0.17007874015748));
#7119=CARTESIAN_POINT('Origin',(-0.0100393700787401,-0.00511811023622044,
-0.160236220472441));
#7120=CARTESIAN_POINT('',(0.0100393700787402,-0.0149606299212598,-0.160236220472441));
#7121=CARTESIAN_POINT('Origin',(0.0100393700787402,-0.00511811023622043,
-0.160236220472441));
#7122=CARTESIAN_POINT('',(-0.0100393700787401,-0.0149606299212598,-0.160236220472441));
#7123=CARTESIAN_POINT('',(-0.0100393700787401,-0.0149606299212598,-0.160236220472441));
#7124=CARTESIAN_POINT('Origin',(-0.0100393700787401,-0.00511811023622044,
-0.160236220472441));
#7125=CARTESIAN_POINT('Origin',(-0.0100393700787401,-0.0149606299212598,
-0.160236220472441));
#7126=CARTESIAN_POINT('',(0.0100393700787402,-0.0149606299212598,-0.0275590551181102));
#7127=CARTESIAN_POINT('',(0.0100393700787402,-0.0149606299212598,-0.160236220472441));
#7128=CARTESIAN_POINT('',(-0.0100393700787401,-0.0149606299212598,-0.0275590551181102));
#7129=CARTESIAN_POINT('',(-0.00501968503937006,-0.0149606299212598,-0.0275590551181102));
#7130=CARTESIAN_POINT('',(-0.0100393700787401,-0.0149606299212598,-0.160236220472441));
#7131=CARTESIAN_POINT('Origin',(0.1,4.03690793421122E-18,-0.0275590551181102));
#7132=CARTESIAN_POINT('',(0.11003937007874,-0.0299212598425197,-0.0275590551181102));
#7133=CARTESIAN_POINT('',(0.11003937007874,-0.0299212598425197,-0.0275590551181102));
#7134=CARTESIAN_POINT('',(0.0899606299212598,-0.0299212598425197,-0.0275590551181102));
#7135=CARTESIAN_POINT('',(0.0899606299212598,-0.0299212598425197,-0.0275590551181102));
#7136=CARTESIAN_POINT('',(0.0899606299212598,0.0299212598425197,-0.0275590551181102));
#7137=CARTESIAN_POINT('Origin',(0.1,4.03690793421122E-18,-0.0275590551181102));
#7138=CARTESIAN_POINT('',(0.0899606299212598,0.0299212598425197,-0.0275590551181102));
#7139=CARTESIAN_POINT('',(0.0899606299212598,0.0299212598425197,-0.0275590551181102));
#7140=CARTESIAN_POINT('',(0.11003937007874,0.0299212598425197,-0.0275590551181102));
#7141=CARTESIAN_POINT('',(0.11003937007874,0.0299212598425197,-0.0275590551181102));
#7142=CARTESIAN_POINT('',(0.11003937007874,-0.0299212598425197,-0.0275590551181102));
#7143=CARTESIAN_POINT('Origin',(-6.82961998416066E-19,-1.60938022197283E-18,
-0.0275590551181102));
#7144=CARTESIAN_POINT('',(0.0100393700787402,-0.0299212598425197,-0.0275590551181102));
#7145=CARTESIAN_POINT('',(0.0100393700787402,0.0299212598425197,-0.0275590551181102));
#7146=CARTESIAN_POINT('',(-0.0100393700787402,-0.0299212598425197,-0.0275590551181102));
#7147=CARTESIAN_POINT('',(0.0100393700787402,-0.0299212598425197,-0.0275590551181102));
#7148=CARTESIAN_POINT('',(-0.0100393700787402,-0.0299212598425197,-0.0275590551181102));
#7149=CARTESIAN_POINT('Origin',(-6.82961998416066E-19,-1.60938022197283E-18,
-0.0275590551181102));
#7150=CARTESIAN_POINT('',(-0.0100393700787402,0.0299212598425197,-0.0275590551181102));
#7151=CARTESIAN_POINT('',(-0.0100393700787402,-0.0299212598425197,-0.0275590551181102));
#7152=CARTESIAN_POINT('',(0.0100393700787402,0.0299212598425197,-0.0275590551181102));
#7153=CARTESIAN_POINT('',(-0.0100393700787402,0.0299212598425197,-0.0275590551181102));
#7154=CARTESIAN_POINT('',(0.0100393700787402,0.0299212598425197,-0.0275590551181102));
#7155=CARTESIAN_POINT('Origin',(-0.11003937007874,0.0149606299212599,-0.0275590551181102));
#7156=CARTESIAN_POINT('',(-0.0899606299212598,0.0149606299212599,-0.0275590551181102));
#7157=CARTESIAN_POINT('',(-0.0899606299212598,0.0149606299212598,-0.160236220472441));
#7158=CARTESIAN_POINT('',(-0.0899606299212598,0.0149606299212599,-0.0275590551181102));
#7159=CARTESIAN_POINT('',(-0.11003937007874,0.0149606299212598,-0.160236220472441));
#7160=CARTESIAN_POINT('',(-0.11003937007874,0.0149606299212598,-0.160236220472441));
#7161=CARTESIAN_POINT('',(-0.11003937007874,0.0149606299212599,-0.0275590551181102));
#7162=CARTESIAN_POINT('',(-0.11003937007874,0.0149606299212599,-0.0275590551181102));
#7163=CARTESIAN_POINT('',(-0.10501968503937,0.0149606299212599,-0.0275590551181102));
#7164=CARTESIAN_POINT('Origin',(-0.11003937007874,0.00511811023622046,-0.160236220472441));
#7165=CARTESIAN_POINT('',(-0.0899606299212598,0.00511811023622046,-0.17007874015748));
#7166=CARTESIAN_POINT('Origin',(-0.0899606299212598,0.00511811023622046,
-0.160236220472441));
#7167=CARTESIAN_POINT('',(-0.11003937007874,0.00511811023622046,-0.17007874015748));
#7168=CARTESIAN_POINT('',(-0.11003937007874,0.00511811023622046,-0.17007874015748));
#7169=CARTESIAN_POINT('Origin',(-0.11003937007874,0.00511811023622046,-0.160236220472441));
#7170=CARTESIAN_POINT('Origin',(-0.11003937007874,0.00511811023622046,-0.17007874015748));
#7171=CARTESIAN_POINT('',(-0.0899606299212598,-0.00511811023622047,-0.17007874015748));
#7172=CARTESIAN_POINT('',(-0.0899606299212598,0.00511811023622046,-0.17007874015748));
#7173=CARTESIAN_POINT('',(-0.11003937007874,-0.00511811023622048,-0.17007874015748));
#7174=CARTESIAN_POINT('',(-0.11003937007874,-0.00511811023622048,-0.17007874015748));
#7175=CARTESIAN_POINT('',(-0.11003937007874,0.00511811023622046,-0.17007874015748));
#7176=CARTESIAN_POINT('Origin',(-0.11003937007874,-0.00511811023622048,
-0.160236220472441));
#7177=CARTESIAN_POINT('',(-0.0899606299212598,-0.0149606299212598,-0.160236220472441));
#7178=CARTESIAN_POINT('Origin',(-0.0899606299212598,-0.00511811023622047,
-0.160236220472441));
#7179=CARTESIAN_POINT('',(-0.11003937007874,-0.0149606299212598,-0.160236220472441));
#7180=CARTESIAN_POINT('',(-0.11003937007874,-0.0149606299212598,-0.160236220472441));
#7181=CARTESIAN_POINT('Origin',(-0.11003937007874,-0.00511811023622048,
-0.160236220472441));
#7182=CARTESIAN_POINT('Origin',(-0.11003937007874,-0.0149606299212598,-0.160236220472441));
#7183=CARTESIAN_POINT('',(-0.0899606299212598,-0.0149606299212598,-0.0275590551181102));
#7184=CARTESIAN_POINT('',(-0.0899606299212598,-0.0149606299212598,-0.160236220472441));
#7185=CARTESIAN_POINT('',(-0.11003937007874,-0.0149606299212598,-0.0275590551181102));
#7186=CARTESIAN_POINT('',(-0.10501968503937,-0.0149606299212598,-0.0275590551181102));
#7187=CARTESIAN_POINT('',(-0.11003937007874,-0.0149606299212598,-0.160236220472441));
#7188=CARTESIAN_POINT('Origin',(-0.1,-7.43826054701242E-19,-0.0275590551181102));
#7189=CARTESIAN_POINT('',(-0.0899606299212598,-0.0299212598425197,-0.0275590551181102));
#7190=CARTESIAN_POINT('',(-0.0899606299212598,-0.0299212598425197,-0.0275590551181102));
#7191=CARTESIAN_POINT('',(-0.11003937007874,-0.0299212598425197,-0.0275590551181102));
#7192=CARTESIAN_POINT('',(-0.11003937007874,-0.0299212598425197,-0.0275590551181102));
#7193=CARTESIAN_POINT('',(-0.11003937007874,0.0299212598425197,-0.0275590551181102));
#7194=CARTESIAN_POINT('Origin',(-0.1,-7.43826054701242E-19,-0.0275590551181102));
#7195=CARTESIAN_POINT('',(-0.11003937007874,0.0299212598425197,-0.0275590551181102));
#7196=CARTESIAN_POINT('',(-0.11003937007874,0.0299212598425197,-0.0275590551181102));
#7197=CARTESIAN_POINT('',(-0.0899606299212598,0.0299212598425197,-0.0275590551181102));
#7198=CARTESIAN_POINT('',(-0.0899606299212598,0.0299212598425197,-0.0275590551181102));
#7199=CARTESIAN_POINT('',(-0.0899606299212598,-0.0299212598425197,-0.0275590551181102));
#7200=CARTESIAN_POINT('Ctrl Pts',(-0.14218694042375,-0.0593118491466136,
0.000160922862176672));
#7201=CARTESIAN_POINT('Ctrl Pts',(-0.136480102182071,-0.052288048233778,
-0.00120903762144663));
#7202=CARTESIAN_POINT('Ctrl Pts',(-0.123714907858445,-0.0365770398354697,
-0.00671343919665928));
#7203=CARTESIAN_POINT('Ctrl Pts',(-0.114012210478056,-0.0246352584442211,
-0.0168802574755591));
#7204=CARTESIAN_POINT('Ctrl Pts',(-0.11003937007874,-0.0197456087219867,
-0.0236220472440945));
#7205=CARTESIAN_POINT('Ctrl Pts',(-0.141681195100044,-0.0598467389851851,
3.95156873257495E-5));
#7206=CARTESIAN_POINT('Ctrl Pts',(-0.135751644458249,-0.0530879805107752,
-0.00144540296789395));
#7207=CARTESIAN_POINT('Ctrl Pts',(-0.12258232131883,-0.0380152579419237,
-0.00740417620059847));
#7208=CARTESIAN_POINT('Ctrl Pts',(-0.113082917114017,-0.0268426957572598,
-0.0180394172613602));
#7209=CARTESIAN_POINT('Ctrl Pts',(-0.109361982712064,-0.0223736726560592,
-0.0247715530784533));
#7210=CARTESIAN_POINT('Ctrl Pts',(-0.140767191309614,-0.0607827785320951,
-5.22785645984552E-5));
#7211=CARTESIAN_POINT('Ctrl Pts',(-0.134405971971393,-0.0544877602558058,
-0.00162448346818594));
#7212=CARTESIAN_POINT('Ctrl Pts',(-0.120289542460221,-0.0405314945986348,
-0.00793273623690343));
#7213=CARTESIAN_POINT('Ctrl Pts',(-0.110286558490062,-0.0307082067919122,
-0.0190041799960317));
#7214=CARTESIAN_POINT('Ctrl Pts',(-0.106440377391244,-0.0269512822593815,
-0.0257474127449275));
#7215=CARTESIAN_POINT('Ctrl Pts',(-0.139831126761763,-0.0616895211947502,
6.98674810384781E-5));
#7216=CARTESIAN_POINT('Ctrl Pts',(-0.133006093886105,-0.0558156329954262,
-0.00138621458400302));
#7217=CARTESIAN_POINT('Ctrl Pts',(-0.117773499336914,-0.0427470167558073,
-0.00723181178815799));
#7218=CARTESIAN_POINT('Ctrl Pts',(-0.106412505022307,-0.0332010736954766,
-0.0177512964654331));
#7219=CARTESIAN_POINT('Ctrl Pts',(-0.101834766908761,-0.0294132193175129,
-0.0244841766198636));
#7220=CARTESIAN_POINT('Ctrl Pts',(-0.139429959382834,-0.0620688301875291,
0.000160922862176669));
#7221=CARTESIAN_POINT('Ctrl Pts',(-0.132406158469999,-0.0563619919458502,
-0.00120903762144663));
#7222=CARTESIAN_POINT('Ctrl Pts',(-0.11669515007169,-0.0435967976222246,
-0.00671343919665928));
#7223=CARTESIAN_POINT('Ctrl Pts',(-0.104753368680442,-0.0338941002418352,
-0.0168802574755591));
#7224=CARTESIAN_POINT('Ctrl Pts',(-0.0998637189582071,-0.0299212598425197,
-0.0236220472440945));
#7225=CARTESIAN_POINT('',(-0.100053694589417,-0.0299212598425197,-0.0236197930444589));
#7226=CARTESIAN_POINT('',(-0.100036562402926,-0.030061695147195,-0.0233851917919755));
#7227=CARTESIAN_POINT('Ctrl Pts',(-0.100053701232767,-0.029921238596407,
-0.0236197841979098));
#7228=CARTESIAN_POINT('Ctrl Pts',(-0.100047987421965,-0.0299682044309897,
-0.0235416228136471));
#7229=CARTESIAN_POINT('Ctrl Pts',(-0.100042280450232,-0.0300150148289225,
-0.0234634520219086));
#7230=CARTESIAN_POINT('Ctrl Pts',(-0.100036575001538,-0.0300617053777259,
-0.0233852002948709));
#7231=CARTESIAN_POINT('',(-0.138628104179285,-0.0614173228346457,-3.85702788605472E-18));
#7232=CARTESIAN_POINT('Origin',(-0.154133858267717,-0.0740157480314961,
-0.0496062992125984));
#7233=CARTESIAN_POINT('',(-0.141535433070866,-0.0585099939430648,5.78554182908211E-18));
#7234=CARTESIAN_POINT('Ctrl Pts',(-0.138628105574605,-0.061417323968343,
-2.97092086200045E-8));
#7235=CARTESIAN_POINT('Ctrl Pts',(-0.139140844297039,-0.0614173216249119,
-2.17963012900886E-8));
#7236=CARTESIAN_POINT('Ctrl Pts',(-0.139622784438154,-0.061354815340883,
1.4511902668219E-9));
#7237=CARTESIAN_POINT('Ctrl Pts',(-0.140041142280847,-0.0611969068470237,
-4.95175048278674E-9));
#7238=CARTESIAN_POINT('Ctrl Pts',(-0.140314985728316,-0.0610935450788668,
-9.14290740505433E-9));
#7239=CARTESIAN_POINT('Ctrl Pts',(-0.140564953908465,-0.0609478580785049,
-1.80140088517918E-8));
#7240=CARTESIAN_POINT('Ctrl Pts',(-0.140778366457304,-0.0607473302268018,
-1.24286233660071E-9));
#7241=CARTESIAN_POINT('Ctrl Pts',(-0.140972488996131,-0.0605649277584846,
1.40123677722757E-8));
#7242=CARTESIAN_POINT('Ctrl Pts',(-0.14112269825656,-0.0603500185767833,
3.49290117786463E-8));
#7243=CARTESIAN_POINT('Ctrl Pts',(-0.141236295435374,-0.0601091547824195,
3.8370683379418E-8));
#7244=CARTESIAN_POINT('Ctrl Pts',(-0.141340700639193,-0.0598877810317165,
4.15338642672529E-8));
#7245=CARTESIAN_POINT('Ctrl Pts',(-0.141411125469301,-0.0596508944908003,
3.10367979420541E-8));
#7246=CARTESIAN_POINT('Ctrl Pts',(-0.141457313425767,-0.0594106739193938,
1.56477186192483E-8));
#7247=CARTESIAN_POINT('Ctrl Pts',(-0.141513943757665,-0.0591161432293914,
-3.22059113723098E-9));
#7248=CARTESIAN_POINT('Ctrl Pts',(-0.141535433581151,-0.0588096516140835,
-2.83305722351103E-8));
#7249=CARTESIAN_POINT('Ctrl Pts',(-0.141535434204563,-0.0585099953383845,
-2.97092086310173E-8));
#7250=CARTESIAN_POINT('',(-0.11003937007874,-0.0197456087219867,-0.0236220472440945));
#7251=CARTESIAN_POINT('Origin',(-0.154133858267717,-0.0740157480314961,
-0.0496062992125984));
#7252=CARTESIAN_POINT('',(-0.11003937007874,-0.0299212598096344,-0.0196587580636428));
#7253=CARTESIAN_POINT('Ctrl Pts',(-0.110046799712631,-0.0299293578120454,
-0.0196608833796409));
#7254=CARTESIAN_POINT('Ctrl Pts',(-0.110042855278725,-0.028596732593012,
-0.0205127941118275));
#7255=CARTESIAN_POINT('Ctrl Pts',(-0.110035961087127,-0.0271541364574604,
-0.0213376002567152));
#7256=CARTESIAN_POINT('Ctrl Pts',(-0.110034678730964,-0.0257042193371099,
-0.0220112300166971));
#7257=CARTESIAN_POINT('Ctrl Pts',(-0.110034436866204,-0.0254307509622238,
-0.022138283096595));
#7258=CARTESIAN_POINT('Ctrl Pts',(-0.110034259968679,-0.0251570769363386,
-0.0222600088662058));
#7259=CARTESIAN_POINT('Ctrl Pts',(-0.110034064358544,-0.0248839734768725,
-0.0223756488740448));
#7260=CARTESIAN_POINT('Ctrl Pts',(-0.110033451823512,-0.0240287752727655,
-0.0227377648546338));
#7261=CARTESIAN_POINT('Ctrl Pts',(-0.110034172105232,-0.0231293364025137,
-0.023060035291516));
#7262=CARTESIAN_POINT('Ctrl Pts',(-0.110035725348794,-0.0222283319718081,
-0.0232859531865693));
#7263=CARTESIAN_POINT('Ctrl Pts',(-0.11003711719965,-0.0214209481084141,
-0.0234883966559928));
#7264=CARTESIAN_POINT('Ctrl Pts',(-0.11003937007874,-0.0205787982653002,
-0.0236220472440945));
#7265=CARTESIAN_POINT('Ctrl Pts',(-0.11003937007874,-0.0197456087219867,
-0.0236220472440945));
#7266=CARTESIAN_POINT('Ctrl Pts',(-0.100053694589417,-0.0299212598425197,
-0.0236197930444589));
#7267=CARTESIAN_POINT('Ctrl Pts',(-0.101102877278974,-0.0299212598425197,
-0.0235950597883161));
#7268=CARTESIAN_POINT('Ctrl Pts',(-0.102169157528538,-0.0299212598425197,
-0.023368692013108));
#7269=CARTESIAN_POINT('Ctrl Pts',(-0.105260150495443,-0.0299212598425197,
-0.0224093926618959));
#7270=CARTESIAN_POINT('Ctrl Pts',(-0.107426763471565,-0.0299212598425197,
-0.0212747549119559));
#7271=CARTESIAN_POINT('Ctrl Pts',(-0.109537715736596,-0.0299212598425197,
-0.0199775531219695));
#7272=CARTESIAN_POINT('Ctrl Pts',(-0.109787868179885,-0.0299212598425197,
-0.0198203305692032));
#7273=CARTESIAN_POINT('Ctrl Pts',(-0.110039370059526,-0.0299212598425197,
-0.0196587580337337));
#7274=CARTESIAN_POINT('Origin',(-0.154133858267717,0.,-0.0496062992125984));
#7275=CARTESIAN_POINT('',(-0.141535433070866,0.0585099939430648,5.78554182908211E-18));
#7276=CARTESIAN_POINT('',(-0.141535433070866,0.,5.78554182908211E-18));
#7277=CARTESIAN_POINT('',(-0.11003937007874,0.0197456087219867,-0.0236220472440945));
#7278=CARTESIAN_POINT('Origin',(-0.154133858267717,0.0740157480314961,-0.0496062992125984));
#7279=CARTESIAN_POINT('',(-0.11003937007874,0.,-0.0236220472440945));
#7280=CARTESIAN_POINT('Origin',(-6.82961998416066E-19,-1.30505994054696E-18,
0.));
#7281=CARTESIAN_POINT('',(0.138628104179285,-0.0614173228346457,-3.85702788605472E-18));
#7282=CARTESIAN_POINT('',(0.,-0.0614173228346457,-3.85702788605472E-18));
#7283=CARTESIAN_POINT('',(0.141535433070866,-0.0585099939430648,-1.41745774812511E-17));
#7284=CARTESIAN_POINT('Ctrl Pts',(0.141535462600815,-0.0585100302876171,
-7.04252371710793E-8));
#7285=CARTESIAN_POINT('Ctrl Pts',(0.141535454348839,-0.059022752010178,
-4.70685924995605E-8));
#7286=CARTESIAN_POINT('Ctrl Pts',(0.141472927916884,-0.0595046766585478,
2.53566635918382E-8));
#7287=CARTESIAN_POINT('Ctrl Pts',(0.141315013740563,-0.0599230296088568,
3.57436135894384E-8));
#7288=CARTESIAN_POINT('Ctrl Pts',(0.141211648252852,-0.0601968698539297,
4.25425734897233E-8));
#7289=CARTESIAN_POINT('Ctrl Pts',(0.141065962255697,-0.0604468393588464,
2.5275042737436E-8));
#7290=CARTESIAN_POINT('Ctrl Pts',(0.140865438664288,-0.0606602562059566,
6.34020516094366E-9));
#7291=CARTESIAN_POINT('Ctrl Pts',(0.140683040071184,-0.0608543826545409,
-1.08831435239547E-8));
#7292=CARTESIAN_POINT('Ctrl Pts',(0.140468133569087,-0.061004594351899,
-1.30986940315456E-8));
#7293=CARTESIAN_POINT('Ctrl Pts',(0.140227270958571,-0.0611181924787722,
-9.52499293709424E-9));
#7294=CARTESIAN_POINT('Ctrl Pts',(0.140005898295921,-0.0612225985539367,
-6.24046602403674E-9));
#7295=CARTESIAN_POINT('Ctrl Pts',(0.13976901297513,-0.0612930245683109,
-6.64828839496693E-9));
#7296=CARTESIAN_POINT('Ctrl Pts',(0.139528795969711,-0.0613392157956471,
-1.65373057349237E-8));
#7297=CARTESIAN_POINT('Ctrl Pts',(0.13923426965191,-0.061395850137909,-2.86620754148556E-8));
#7298=CARTESIAN_POINT('Ctrl Pts',(0.138927785993425,-0.061417347305506,
-5.37980907434843E-8));
#7299=CARTESIAN_POINT('Ctrl Pts',(0.138628140523837,-0.0614173523645943,
-7.04252371972239E-8));
#7300=CARTESIAN_POINT('',(0.141535433070866,0.0585099939430648,-1.41745774812511E-17));
#7301=CARTESIAN_POINT('',(0.141535433070866,0.,-1.41745774812511E-17));
#7302=CARTESIAN_POINT('',(0.138628104179285,0.0614173228346457,-3.85702788605472E-18));
#7303=CARTESIAN_POINT('Ctrl Pts',(0.138628140523837,0.0614173523645943,
-7.04252371896687E-8));
#7304=CARTESIAN_POINT('Ctrl Pts',(0.139140861894407,0.0614173437080219,
-4.19746374511042E-8));
#7305=CARTESIAN_POINT('Ctrl Pts',(0.139622790339966,0.0613548216195936,
-5.25124246067101E-9));
#7306=CARTESIAN_POINT('Ctrl Pts',(0.140041144526119,0.061196909230656,-7.48892217882268E-9));
#7307=CARTESIAN_POINT('Ctrl Pts',(0.140314985580138,0.0610935449129062,
-8.95363460065706E-9));
#7308=CARTESIAN_POINT('Ctrl Pts',(0.140564953921046,0.0609478580912829,
-1.80278112325568E-8));
#7309=CARTESIAN_POINT('Ctrl Pts',(0.140778366461254,0.0607473302307815,
-1.24717633939675E-9));
#7310=CARTESIAN_POINT('Ctrl Pts',(0.14097248899223,0.0605649277544615,1.40166845073651E-8));
#7311=CARTESIAN_POINT('Ctrl Pts',(0.141122697979984,0.0603500183249535,
3.52230069687998E-8));
#7312=CARTESIAN_POINT('Ctrl Pts',(0.141236296437034,0.0601091557340206,
3.73046185379332E-8));
#7313=CARTESIAN_POINT('Ctrl Pts',(0.141340702815658,0.0598877830893705,
3.92177917541739E-8));
#7314=CARTESIAN_POINT('Ctrl Pts',(0.141411130569198,0.0596508991766352,
2.57215037650254E-8));
#7315=CARTESIAN_POINT('Ctrl Pts',(0.141457323228892,0.0594106833616664,
4.78008296292139E-9));
#7316=CARTESIAN_POINT('Ctrl Pts',(0.141513959327346,0.0591161585034575,
-2.08958659494085E-8));
#7317=CARTESIAN_POINT('Ctrl Pts',(0.141535457778181,0.0588096759629226,
-5.67751083394595E-8));
#7318=CARTESIAN_POINT('Ctrl Pts',(0.141535462600815,0.0585100302876171,
-7.0425237167259E-8));
#7319=CARTESIAN_POINT('',(-0.138628104179285,0.0614173228346457,-3.85702788605472E-18));
#7320=CARTESIAN_POINT('',(0.,0.0614173228346457,-3.85702788605472E-18));
#7321=CARTESIAN_POINT('Ctrl Pts',(-0.141535462600815,0.058510030287617,
-7.04252371710793E-8));
#7322=CARTESIAN_POINT('Ctrl Pts',(-0.141535454348838,0.0590227520101778,
-4.7068592497429E-8));
#7323=CARTESIAN_POINT('Ctrl Pts',(-0.141472927916883,0.0595046766585477,
2.53566635945219E-8));
#7324=CARTESIAN_POINT('Ctrl Pts',(-0.141315013740563,0.0599230296088567,
3.57436135910818E-8));
#7325=CARTESIAN_POINT('Ctrl Pts',(-0.141211648252852,0.0601968698539294,
4.25425734905869E-8));
#7326=CARTESIAN_POINT('Ctrl Pts',(-0.141065962255697,0.0604468393588462,
2.52750427460342E-8));
#7327=CARTESIAN_POINT('Ctrl Pts',(-0.140865438664288,0.0606602562059565,
6.34020517206313E-9));
#7328=CARTESIAN_POINT('Ctrl Pts',(-0.140683040071184,0.0608543826545408,
-1.0883143512833E-8));
#7329=CARTESIAN_POINT('Ctrl Pts',(-0.140468133569087,0.0610045943518989,
-1.30986940225894E-8));
#7330=CARTESIAN_POINT('Ctrl Pts',(-0.14022727095857,0.0611181924787721,
-9.52499292869327E-9));
#7331=CARTESIAN_POINT('Ctrl Pts',(-0.140005898295921,0.0612225985539366,
-6.24046601565145E-9));
#7332=CARTESIAN_POINT('Ctrl Pts',(-0.139769012975129,0.0612930245683108,
-6.64828838282969E-9));
#7333=CARTESIAN_POINT('Ctrl Pts',(-0.139528795969711,0.061339215795647,
-1.65373057246046E-8));
#7334=CARTESIAN_POINT('Ctrl Pts',(-0.139234269651911,0.0613958501379089,
-2.86620754039283E-8));
#7335=CARTESIAN_POINT('Ctrl Pts',(-0.138927785993426,0.061417347305506,
-5.37980907107661E-8));
#7336=CARTESIAN_POINT('Ctrl Pts',(-0.138628140523837,0.0614173523645943,
-7.04252371661492E-8));
#7337=CARTESIAN_POINT('Origin',(0.,-0.0740157480314961,-0.0496062992125984));
#7338=CARTESIAN_POINT('',(1.15096818996316E-19,-0.0300848680962071,-0.0233463862820173));
#7339=CARTESIAN_POINT('Ctrl Pts',(8.45276195970957E-9,-0.0300848936136477,
-0.023346395065218));
#7340=CARTESIAN_POINT('Ctrl Pts',(-0.00333933417216424,-0.032202586078194,
-0.0198056775793371));
#7341=CARTESIAN_POINT('Ctrl Pts',(-0.0110476090151618,-0.0371775481495592,
-0.0135656826879955));
#7342=CARTESIAN_POINT('Ctrl Pts',(-0.0244780454784792,-0.0447795748518081,
-0.00715417991657716));
#7343=CARTESIAN_POINT('Ctrl Pts',(-0.040403168082821,-0.052445180338711,
-0.00315102926472747));
#7344=CARTESIAN_POINT('Ctrl Pts',(-0.0596466439847252,-0.0524217833915441,
-0.00316004918581015));
#7345=CARTESIAN_POINT('Ctrl Pts',(-0.0755328842016399,-0.0448713979038184,
-0.00713431758751994));
#7346=CARTESIAN_POINT('Ctrl Pts',(-0.0889832822858955,-0.0372005004856421,
-0.0135768335720992));
#7347=CARTESIAN_POINT('Ctrl Pts',(-0.0966949795566608,-0.0321812659593733,
-0.0198349856897704));
#7348=CARTESIAN_POINT('Ctrl Pts',(-0.100036573840694,-0.0300617263246228,
-0.0233852016555617));
#7349=CARTESIAN_POINT('',(0.100036562402926,-0.0300616951471951,-0.0233851917919753));
#7350=CARTESIAN_POINT('Ctrl Pts',(0.100036569224802,-0.0300617157437303,
-0.0233851988670714));
#7351=CARTESIAN_POINT('Ctrl Pts',(0.0966949947094854,-0.0321806450558798,
-0.0198350984373137));
#7352=CARTESIAN_POINT('Ctrl Pts',(0.0889840705921366,-0.0371584081398361,
-0.0135841701817197));
#7353=CARTESIAN_POINT('Ctrl Pts',(0.0755484759204037,-0.0447647663392617,
-0.00716405822489329));
#7354=CARTESIAN_POINT('Ctrl Pts',(0.0596314165713737,-0.0524343574816478,
-0.00315560891677834));
#7355=CARTESIAN_POINT('Ctrl Pts',(0.0403879234148359,-0.0524324877260333,
-0.00315552981334453));
#7356=CARTESIAN_POINT('Ctrl Pts',(0.0244940566316952,-0.0448862179551384,
-0.00712446027949742));
#7357=CARTESIAN_POINT('Ctrl Pts',(0.0110488119569225,-0.0372197693204116,
-0.0135582471126698));
#7358=CARTESIAN_POINT('Ctrl Pts',(0.00333934094856956,-0.0322032692949662,
-0.019805568441972));
#7359=CARTESIAN_POINT('Ctrl Pts',(-1.41134750872743E-8,-0.0300849067436892,
-0.0233463985850186));
#7360=CARTESIAN_POINT('Origin',(0.154133858267717,-0.0740157480314961,-0.0496062992125984));
#7361=CARTESIAN_POINT('Ctrl Pts',(0.11003937007874,-0.0197456087219867,
-0.0236220472440945));
#7362=CARTESIAN_POINT('Ctrl Pts',(0.113019000378227,-0.0234128460136625,
-0.018565704917693));
#7363=CARTESIAN_POINT('Ctrl Pts',(0.122017189402602,-0.0344875401975092,
-0.00796942174373356));
#7364=CARTESIAN_POINT('Ctrl Pts',(0.134577822768178,-0.0499467812628329,
-0.00166569111598773));
#7365=CARTESIAN_POINT('Ctrl Pts',(0.14218694042375,-0.0593118491466137,
0.000160922862176661));
#7366=CARTESIAN_POINT('Ctrl Pts',(0.109361982712064,-0.0223736726560591,
-0.0247715530784533));
#7367=CARTESIAN_POINT('Ctrl Pts',(0.112152683513529,-0.0257254399819596,
-0.0197224512156335));
#7368=CARTESIAN_POINT('Ctrl Pts',(0.120869920955205,-0.0360303028907756,
-0.00877190919876739));
#7369=CARTESIAN_POINT('Ctrl Pts',(0.133775127577651,-0.0508350610193053,
-0.00194037585296718));
#7370=CARTESIAN_POINT('Ctrl Pts',(0.141681195100044,-0.0598467389851852,
3.95156873257408E-5));
#7371=CARTESIAN_POINT('Ctrl Pts',(0.106440377391244,-0.0269512822593815,
-0.0257474127449275));
#7372=CARTESIAN_POINT('Ctrl Pts',(0.109325013215357,-0.0297689756587795,
-0.0206899881832557));
#7373=CARTESIAN_POINT('Ctrl Pts',(0.118464454603882,-0.0387326960588694,
-0.0093961795069596));
#7374=CARTESIAN_POINT('Ctrl Pts',(0.13228556552532,-0.0523894208303761,
-0.00214855176938178));
#7375=CARTESIAN_POINT('Ctrl Pts',(0.140767191309614,-0.0607827785320952,
-5.22785645984624E-5));
#7376=CARTESIAN_POINT('Ctrl Pts',(0.101834766908761,-0.0294132193175129,
-0.0244841766198636));
#7377=CARTESIAN_POINT('Ctrl Pts',(0.10526807049392,-0.0322541101009857,
-0.0194345165040407));
#7378=CARTESIAN_POINT('Ctrl Pts',(0.115763348500553,-0.0410393325204493,
-0.00857239028745892));
#7379=CARTESIAN_POINT('Ctrl Pts',(0.130731082927552,-0.0538576702623183,
-0.00187157527235018));
#7380=CARTESIAN_POINT('Ctrl Pts',(0.139831126761763,-0.0616895211947502,
6.986748103847E-5));
#7381=CARTESIAN_POINT('Ctrl Pts',(0.0998637189582071,-0.0299212598425197,
-0.0236220472440945));
#7382=CARTESIAN_POINT('Ctrl Pts',(0.103530956249883,-0.0329008901420063,
-0.018565704917693));
#7383=CARTESIAN_POINT('Ctrl Pts',(0.11460565043373,-0.0418990791663818,
-0.00796942174373356));
#7384=CARTESIAN_POINT('Ctrl Pts',(0.130064891499053,-0.0544597125319573,
-0.00166569111598773));
#7385=CARTESIAN_POINT('Ctrl Pts',(0.139429959382834,-0.0620688301875292,
0.000160922862176659));
#7386=CARTESIAN_POINT('',(0.11003937007874,-0.0299212598425207,-0.0196587580213884));
#7387=CARTESIAN_POINT('',(0.11003937007874,-0.0197456087219867,-0.0236220472440945));
#7388=CARTESIAN_POINT('Ctrl Pts',(0.11003937007874,-0.0197456087219867,
-0.0236220472440945));
#7389=CARTESIAN_POINT('Ctrl Pts',(0.11003937007874,-0.0208556601533692,
-0.0236220472440945));
#7390=CARTESIAN_POINT('Ctrl Pts',(0.11003937007874,-0.0219907784239511,
-0.023387396645225));
#7391=CARTESIAN_POINT('Ctrl Pts',(0.11003937007874,-0.0251420402592227,
-0.022409392661896));
#7392=CARTESIAN_POINT('Ctrl Pts',(0.11003937007874,-0.0273086532353441,
-0.021274754911956));
#7393=CARTESIAN_POINT('Ctrl Pts',(0.11003937007874,-0.0294196055067022,
-0.019977553118082));
#7394=CARTESIAN_POINT('Ctrl Pts',(0.11003937007874,-0.0296697579564071,
-0.0198203305611944));
#7395=CARTESIAN_POINT('Ctrl Pts',(0.11003937007874,-0.0299212598425211,
-0.0196587580213888));
#7396=CARTESIAN_POINT('Origin',(0.154133858267717,-0.0740157480314961,-0.0496062992125984));
#7397=CARTESIAN_POINT('',(0.100053694589417,-0.0299212598425196,-0.023619793044459));
#7398=CARTESIAN_POINT('Ctrl Pts',(0.100036568528693,-0.0300617001185389,
-0.0233851935839893));
#7399=CARTESIAN_POINT('Ctrl Pts',(0.100042277034453,-0.0300150119894607,
-0.0234634484982438));
#7400=CARTESIAN_POINT('Ctrl Pts',(0.100047986045626,-0.0299682032782971,
-0.0235416213963258));
#7401=CARTESIAN_POINT('Ctrl Pts',(0.100053700737891,-0.0299212381803538,
-0.0236197836887563));
#7402=CARTESIAN_POINT('Ctrl Pts',(0.110042046215985,-0.029924595760946,
-0.0196567906522608));
#7403=CARTESIAN_POINT('Ctrl Pts',(0.109574995799358,-0.0299247140489453,
-0.0199581631070677));
#7404=CARTESIAN_POINT('Ctrl Pts',(0.109094617390707,-0.0299240803918029,
-0.0202564316042482));
#7405=CARTESIAN_POINT('Ctrl Pts',(0.108604756650305,-0.0299234710470559,
-0.0205454642019482));
#7406=CARTESIAN_POINT('Ctrl Pts',(0.107438668101939,-0.0299220205329141,
-0.0212334915829672));
#7407=CARTESIAN_POINT('Ctrl Pts',(0.106217871485177,-0.0299216848010348,
-0.0218683043598016));
#7408=CARTESIAN_POINT('Ctrl Pts',(0.105005848402539,-0.0299205370308113,
-0.0223809066734249));
#7409=CARTESIAN_POINT('Ctrl Pts',(0.104150603203875,-0.0299197271246413,
-0.0227426165070329));
#7410=CARTESIAN_POINT('Ctrl Pts',(0.103250341813067,-0.0299194315958213,
-0.0230636536408328));
#7411=CARTESIAN_POINT('Ctrl Pts',(0.102348361489622,-0.0299198357812448,
-0.0232883075668536));
#7412=CARTESIAN_POINT('Ctrl Pts',(0.101601485910986,-0.0299201704628494,
-0.023474329951853));
#7413=CARTESIAN_POINT('Ctrl Pts',(0.100824777799875,-0.0299210684886894,
-0.0236015346870214));
#7414=CARTESIAN_POINT('Ctrl Pts',(0.100053700737891,-0.0299212381803538,
-0.0236197836887563));
#7415=CARTESIAN_POINT('Ctrl Pts',(0.00923871825771289,-0.0198161406197573,
-0.0246490490144788));
#7416=CARTESIAN_POINT('Ctrl Pts',(0.0119840348499369,-0.0224514881254071,
-0.0210336830508788));
#7417=CARTESIAN_POINT('Ctrl Pts',(0.0182917243581193,-0.0286761896936841,
-0.0147178462354992));
#7418=CARTESIAN_POINT('Ctrl Pts',(0.0292764210132524,-0.0381640187067482,
-0.00824846631344526));
#7419=CARTESIAN_POINT('Ctrl Pts',(0.0421901877745541,-0.0474517353478496,
-0.00427953584729238));
#7420=CARTESIAN_POINT('Ctrl Pts',(0.0578255259642412,-0.047454036585529,
-0.00427961495072619));
#7421=CARTESIAN_POINT('Ctrl Pts',(0.0707581366853279,-0.0380145397948999,
-0.00828806425884113));
#7422=CARTESIAN_POINT('Ctrl Pts',(0.0817286862653922,-0.0286064484555148,
-0.0147400102451692));
#7423=CARTESIAN_POINT('Ctrl Pts',(0.0880330561459463,-0.0224350353864701,
-0.0210524311412977));
#7424=CARTESIAN_POINT('Ctrl Pts',(0.0907768205363889,-0.0198012243939654,
-0.0246695230558268));
#7425=CARTESIAN_POINT('Ctrl Pts',(0.00850884353090774,-0.022374860644374,
-0.0256102366066339));
#7426=CARTESIAN_POINT('Ctrl Pts',(0.0111413866443993,-0.024784422145066,
-0.0219592915237857));
#7427=CARTESIAN_POINT('Ctrl Pts',(0.0173353975953327,-0.0305679334704413,
-0.0154255531789948));
#7428=CARTESIAN_POINT('Ctrl Pts',(0.0284884224414732,-0.0395422845048097,
-0.00855025391303741));
#7429=CARTESIAN_POINT('Ctrl Pts',(0.0418542702145073,-0.0484275323480515,
-0.00426445337228551));
#7430=CARTESIAN_POINT('Ctrl Pts',(0.0581603652822231,-0.0484300391166878,
-0.00426560270449605));
#7431=CARTESIAN_POINT('Ctrl Pts',(0.071545833502828,-0.0393985595115322,
-0.0085928175362946));
#7432=CARTESIAN_POINT('Ctrl Pts',(0.0826844247007894,-0.030501356352946,
-0.0154502667606328));
#7433=CARTESIAN_POINT('Ctrl Pts',(0.0888752698127882,-0.0247692245400347,
-0.0219785131941831));
#7434=CARTESIAN_POINT('Ctrl Pts',(0.0915060787142057,-0.0223612137431173,
-0.0256309007410879));
#7435=CARTESIAN_POINT('Ctrl Pts',(0.00575850931203365,-0.0268351122769867,
-0.0261633870149858));
#7436=CARTESIAN_POINT('Ctrl Pts',(0.00850769433479073,-0.0288615207065937,
-0.0224808581883809));
#7437=CARTESIAN_POINT('Ctrl Pts',(0.0150350257140246,-0.0338813733114238,
-0.0157584378206976));
#7438=CARTESIAN_POINT('Ctrl Pts',(0.02693393951312,-0.0419604238458401,
-0.00856601012739464));
#7439=CARTESIAN_POINT('Ctrl Pts',(0.0412573294927122,-0.0501410057580792,
-0.00404432627033437));
#7440=CARTESIAN_POINT('Ctrl Pts',(0.0587600602987054,-0.0501426332207992,
-0.00404426427357322));
#7441=CARTESIAN_POINT('Ctrl Pts',(0.073104853340789,-0.041826708243243,
-0.00861047300460678));
#7442=CARTESIAN_POINT('Ctrl Pts',(0.0849872089684111,-0.0338193027090579,
-0.0157838443380831));
#7443=CARTESIAN_POINT('Ctrl Pts',(0.0915097848708037,-0.0288485000972174,
-0.0225005028460814));
#7444=CARTESIAN_POINT('Ctrl Pts',(0.0942570404768645,-0.026823651677247,
-0.0261842454768371));
#7445=CARTESIAN_POINT('Ctrl Pts',(0.00160855241625199,-0.029387167081134,
-0.0245235986278628));
#7446=CARTESIAN_POINT('Ctrl Pts',(0.00479908241613727,-0.0314280921027384,
-0.0208887731902902));
#7447=CARTESIAN_POINT('Ctrl Pts',(0.0121923151954306,-0.0363566657421437,
-0.0144215999377543));
#7448=CARTESIAN_POINT('Ctrl Pts',(0.0252260496541589,-0.0440714181706402,
-0.00766182408691477));
#7449=CARTESIAN_POINT('Ctrl Pts',(0.0406487705690578,-0.0517624220304067,
-0.00346343174233654));
#7450=CARTESIAN_POINT('Ctrl Pts',(0.0593700079671714,-0.0517645404636587,
-0.00346372123930406));
#7451=CARTESIAN_POINT('Ctrl Pts',(0.0748153910602026,-0.0439465180618868,
-0.00770350956888327));
#7452=CARTESIAN_POINT('Ctrl Pts',(0.0878319536488973,-0.0362989228491662,
-0.0144452395731616));
#7453=CARTESIAN_POINT('Ctrl Pts',(0.0952208882866377,-0.0314151747112586,
-0.0209078420009266));
#7454=CARTESIAN_POINT('Ctrl Pts',(0.0984095027408859,-0.0293756098372751,
-0.024544181946177));
#7455=CARTESIAN_POINT('Ctrl Pts',(-0.000167731375122597,-0.0299785670094583,
-0.023525042980531));
#7456=CARTESIAN_POINT('Ctrl Pts',(0.003211119815307,-0.0321197868577988,
-0.0199096770169309));
#7457=CARTESIAN_POINT('Ctrl Pts',(0.0109744299792237,-0.0371773568820238,
-0.0135938402015514));
#7458=CARTESIAN_POINT('Ctrl Pts',(0.0244940566316952,-0.0448862179551384,
-0.00712446027949742));
#7459=CARTESIAN_POINT('Ctrl Pts',(0.0403879234148359,-0.0524324877260333,
-0.00315552981334453));
#7460=CARTESIAN_POINT('Ctrl Pts',(0.0596314165713737,-0.0524343574816478,
-0.00315560891677834));
#7461=CARTESIAN_POINT('Ctrl Pts',(0.0755484759204037,-0.0447647663392617,
-0.00716405822489329));
#7462=CARTESIAN_POINT('Ctrl Pts',(0.0890506907881751,-0.0371206921260112,
-0.0136160042112214));
#7463=CARTESIAN_POINT('Ctrl Pts',(0.0968099152565493,-0.0321064190074125,
-0.0199284251073498));
#7464=CARTESIAN_POINT('Ctrl Pts',(0.100186856044786,-0.0299664475760024,
-0.023545517021879));
#7465=CARTESIAN_POINT('',(-3.55332322238409E-16,-0.0299212598425197,-0.0236184687878376));
#7466=CARTESIAN_POINT('Ctrl Pts',(-2.54733659868369E-9,-0.0300849140807946,
-0.0233463863210957));
#7467=CARTESIAN_POINT('Ctrl Pts',(8.57932653654048E-11,-0.0300306133179767,
-0.0234371740954692));
#7468=CARTESIAN_POINT('Ctrl Pts',(3.13038708394203E-9,-0.0299760789576392,
-0.0235278137679905));
#7469=CARTESIAN_POINT('Ctrl Pts',(6.7020317493179E-9,-0.0299212309972116,
-0.0236184567932161));
#7470=CARTESIAN_POINT('',(0.0100393700787402,-0.0299212598425192,-0.0203188819815189));
#7471=CARTESIAN_POINT('Ctrl Pts',(0.0100393700787399,-0.0299212598425197,
-0.0203188819815183));
#7472=CARTESIAN_POINT('Ctrl Pts',(0.00874819431161303,-0.0299212598425197,
-0.0209814681250222));
#7473=CARTESIAN_POINT('Ctrl Pts',(0.00742247769412813,-0.0299212598425197,
-0.0216005850135612));
#7474=CARTESIAN_POINT('Ctrl Pts',(0.00343079443048411,-0.0299212598425197,
-0.0231896581090351));
#7475=CARTESIAN_POINT('Ctrl Pts',(0.00147284525943294,-0.0299212598425197,
-0.0235780507255359));
#7476=CARTESIAN_POINT('Ctrl Pts',(-3.54798758177146E-16,-0.0299212598425197,
-0.0236184687878377));
#7477=CARTESIAN_POINT('',(0.0100393700787374,-0.0205849443429793,-0.0236220472440979));
#7478=CARTESIAN_POINT('Ctrl Pts',(0.0100393700787402,-0.0205849443429845,
-0.0236220472440945));
#7479=CARTESIAN_POINT('Ctrl Pts',(0.0100393700787402,-0.021900019277389,
-0.0236220472440945));
#7480=CARTESIAN_POINT('Ctrl Pts',(0.0100393700787402,-0.0232333225187308,
-0.0233501570635348));
#7481=CARTESIAN_POINT('Ctrl Pts',(0.0100393700787402,-0.0263637946433977,
-0.0223443843208595));
#7482=CARTESIAN_POINT('Ctrl Pts',(0.0100393700787402,-0.0282259725087528,
-0.0213962744537376));
#7483=CARTESIAN_POINT('Ctrl Pts',(0.0100393700787402,-0.029921259842519,
-0.0203188819815186));
#7484=CARTESIAN_POINT('',(0.0899606299212625,-0.0205849443429793,-0.0236220472440979));
#7485=CARTESIAN_POINT('Ctrl Pts',(0.0100388269981427,-0.0205862685109795,
-0.0236226347998924));
#7486=CARTESIAN_POINT('Ctrl Pts',(0.0125906359126347,-0.0230480398414591,
-0.0204332267114099));
#7487=CARTESIAN_POINT('Ctrl Pts',(0.0186424992091345,-0.0289791649976913,
-0.0145112592127015));
#7488=CARTESIAN_POINT('Ctrl Pts',(0.0292764210132524,-0.0381640187067482,
-0.00824846631344526));
#7489=CARTESIAN_POINT('Ctrl Pts',(0.0421901877745541,-0.0474517353478496,
-0.00427953584729238));
#7490=CARTESIAN_POINT('Ctrl Pts',(0.0578255259642412,-0.047454036585529,
-0.00427961495072619));
#7491=CARTESIAN_POINT('Ctrl Pts',(0.0707581366853279,-0.0380145397948999,
-0.00828806425884113));
#7492=CARTESIAN_POINT('Ctrl Pts',(0.0813713676423542,-0.0289128766994483,
-0.0145298657634433));
#7493=CARTESIAN_POINT('Ctrl Pts',(0.0874146334926961,-0.0230382975980021,
-0.0204404313732871));
#7494=CARTESIAN_POINT('Ctrl Pts',(0.0899609705049388,-0.0205858358425406,
-0.0236224617989894));
#7495=CARTESIAN_POINT('',(0.0899606299212598,-0.0299212598425182,-0.0203188819815201));
#7496=CARTESIAN_POINT('Ctrl Pts',(0.0899609084591875,-0.0299376178604895,
-0.0203206428481114));
#7497=CARTESIAN_POINT('Ctrl Pts',(0.0899610758638726,-0.0297852712125827,
-0.0204170582524004));
#7498=CARTESIAN_POINT('Ctrl Pts',(0.0899612671772615,-0.0296324138906091,
-0.0205118476322353));
#7499=CARTESIAN_POINT('Ctrl Pts',(0.0899614744689402,-0.0294791132864665,
-0.0206049625268815));
#7500=CARTESIAN_POINT('Ctrl Pts',(0.0899632573380001,-0.0281606093035575,
-0.021405822772318));
#7501=CARTESIAN_POINT('Ctrl Pts',(0.0899664279200146,-0.0267378716859518,
-0.0221271073156952));
#7502=CARTESIAN_POINT('Ctrl Pts',(0.0899661201573797,-0.0252890003790748,
-0.0226658585365279));
#7503=CARTESIAN_POINT('Ctrl Pts',(0.0899661038911067,-0.0252124227391138,
-0.02269433332019));
#7504=CARTESIAN_POINT('Ctrl Pts',(0.0899660872175223,-0.0251357792525839,
-0.0227222987474619));
#7505=CARTESIAN_POINT('Ctrl Pts',(0.0899660720887391,-0.0250590839856674,
-0.0227497399079251));
#7506=CARTESIAN_POINT('Ctrl Pts',(0.0899658357834396,-0.0238611358219736,
-0.0231783594187271));
#7507=CARTESIAN_POINT('Ctrl Pts',(0.0899633632260649,-0.0225839027826234,
-0.0235028311582863));
#7508=CARTESIAN_POINT('Ctrl Pts',(0.0899614248180598,-0.0213078205125355,
-0.0235954285849845));
#7509=CARTESIAN_POINT('Ctrl Pts',(0.0899610587420356,-0.0210668273249379,
-0.0236129159755285));
#7510=CARTESIAN_POINT('Ctrl Pts',(0.0899607913571772,-0.0208260015976096,
-0.0236221131428344));
#7511=CARTESIAN_POINT('Ctrl Pts',(0.0899607116042424,-0.0205860851984894,
-0.0236221382663785));
#7512=CARTESIAN_POINT('Ctrl Pts',(0.100053690357049,-0.0299212413919818,
-0.0236197853390972));
#7513=CARTESIAN_POINT('Ctrl Pts',(0.0993441074670773,-0.0299211124916559,
-0.0236042149824332));
#7514=CARTESIAN_POINT('Ctrl Pts',(0.0986264446869894,-0.0299206922819475,
-0.0235094190441884));
#7515=CARTESIAN_POINT('Ctrl Pts',(0.0979328411412316,-0.0299208602101392,
-0.0233712241240746));
#7516=CARTESIAN_POINT('Ctrl Pts',(0.0970700302072808,-0.029921069105092,
-0.0231993159946829));
#7517=CARTESIAN_POINT('Ctrl Pts',(0.0962019842734039,-0.029922141594174,
-0.0229516443132821));
#7518=CARTESIAN_POINT('Ctrl Pts',(0.0953695364907284,-0.0299238965896699,
-0.0226703828536229));
#7519=CARTESIAN_POINT('Ctrl Pts',(0.0938736722305475,-0.0299270502229594,
-0.0221649710139538));
#7520=CARTESIAN_POINT('Ctrl Pts',(0.0923425622434641,-0.0299315482456692,
-0.0215006760616773));
#7521=CARTESIAN_POINT('Ctrl Pts',(0.0909042084401289,-0.0299355589872832,
-0.0207950508235365));
#7522=CARTESIAN_POINT('Ctrl Pts',(0.0905851433585785,-0.0299364486763132,
-0.0206385244017137));
#7523=CARTESIAN_POINT('Ctrl Pts',(0.0902722299636999,-0.0299371327501815,
-0.0204809412657072));
#7524=CARTESIAN_POINT('Ctrl Pts',(0.0899609084591882,-0.0299376178604915,
-0.0203206428481106));
#7525=CARTESIAN_POINT('Origin',(0.05,0.,-0.0556009980603203));
#7526=CARTESIAN_POINT('',(0.0100393700787374,0.0205849443429793,-0.0236220472440979));
#7527=CARTESIAN_POINT('',(0.0100393700787402,0.,-0.0236220472440945));
#7528=CARTESIAN_POINT('',(0.0899606299212625,0.0205849443429793,-0.0236220472440979));
#7529=CARTESIAN_POINT('Ctrl Pts',(0.0899609093276388,0.0205841360909418,
-0.0236213195154026));
#7530=CARTESIAN_POINT('Ctrl Pts',(0.0846154998804167,0.0257104053011639,
-0.0169289264581741));
#7531=CARTESIAN_POINT('Ctrl Pts',(0.07459151862087,0.0352073032814334,-0.00948669025779316));
#7532=CARTESIAN_POINT('Ctrl Pts',(0.0578500255071245,0.0472945669237847,
-0.00432189369937082));
#7533=CARTESIAN_POINT('Ctrl Pts',(0.0421541601451356,0.0474060235131606,
-0.00430167897291998));
#7534=CARTESIAN_POINT('Ctrl Pts',(0.025442465398013,0.0354921205614745,
-0.00941739869007416));
#7535=CARTESIAN_POINT('Ctrl Pts',(0.0153912296255837,0.025732983344525,
-0.0169183880895728));
#7536=CARTESIAN_POINT('Ctrl Pts',(0.0100387713564122,0.0205849892400216,
-0.0236216036476292));
#7537=CARTESIAN_POINT('',(0.0899606299212598,0.,-0.0236220472440945));
#7538=CARTESIAN_POINT('Ctrl Pts',(0.14218694042375,0.0593118491466137,0.000160922862176661));
#7539=CARTESIAN_POINT('Ctrl Pts',(0.134577822768178,0.0499467812628329,
-0.00166569111598773));
#7540=CARTESIAN_POINT('Ctrl Pts',(0.122017189402602,0.0344875401975092,
-0.00796942174373357));
#7541=CARTESIAN_POINT('Ctrl Pts',(0.113019000378227,0.0234128460136625,
-0.018565704917693));
#7542=CARTESIAN_POINT('Ctrl Pts',(0.11003937007874,0.0197456087219867,-0.0236220472440945));
#7543=CARTESIAN_POINT('Ctrl Pts',(0.141681195100044,0.0598467389851852,
3.95156873257406E-5));
#7544=CARTESIAN_POINT('Ctrl Pts',(0.133775127577651,0.0508350610193053,
-0.00194037585296719));
#7545=CARTESIAN_POINT('Ctrl Pts',(0.120869920955205,0.0360303028907756,
-0.00877190919876739));
#7546=CARTESIAN_POINT('Ctrl Pts',(0.112152683513529,0.0257254399819596,
-0.0197224512156335));
#7547=CARTESIAN_POINT('Ctrl Pts',(0.109361982712064,0.0223736726560591,
-0.0247715530784533));
#7548=CARTESIAN_POINT('Ctrl Pts',(0.140767191309614,0.0607827785320951,
-5.22785645984627E-5));
#7549=CARTESIAN_POINT('Ctrl Pts',(0.13228556552532,0.0523894208303761,-0.00214855176938178));
#7550=CARTESIAN_POINT('Ctrl Pts',(0.118464454603881,0.0387326960588694,
-0.00939617950695961));
#7551=CARTESIAN_POINT('Ctrl Pts',(0.109325013215357,0.0297689756587795,
-0.0206899881832557));
#7552=CARTESIAN_POINT('Ctrl Pts',(0.106440377391244,0.0269512822593815,
-0.0257474127449275));
#7553=CARTESIAN_POINT('Ctrl Pts',(0.139831126761763,0.0616895211947502,
6.98674810384685E-5));
#7554=CARTESIAN_POINT('Ctrl Pts',(0.130731082927552,0.0538576702623183,
-0.00187157527235019));
#7555=CARTESIAN_POINT('Ctrl Pts',(0.115763348500553,0.0410393325204493,
-0.00857239028745893));
#7556=CARTESIAN_POINT('Ctrl Pts',(0.10526807049392,0.0322541101009856,-0.0194345165040407));
#7557=CARTESIAN_POINT('Ctrl Pts',(0.101834766908761,0.0294132193175129,
-0.0244841766198636));
#7558=CARTESIAN_POINT('Ctrl Pts',(0.139429959382834,0.0620688301875291,
0.000160922862176658));
#7559=CARTESIAN_POINT('Ctrl Pts',(0.130064891499053,0.0544597125319572,
-0.00166569111598773));
#7560=CARTESIAN_POINT('Ctrl Pts',(0.11460565043373,0.0418990791663818,-0.00796942174373356));
#7561=CARTESIAN_POINT('Ctrl Pts',(0.103530956249883,0.0329008901420063,
-0.018565704917693));
#7562=CARTESIAN_POINT('Ctrl Pts',(0.0998637189582071,0.0299212598425197,
-0.0236220472440945));
#7563=CARTESIAN_POINT('',(0.100053694589417,0.0299212598425197,-0.023619793044459));
#7564=CARTESIAN_POINT('',(0.100036562402926,0.030061695147195,-0.0233851917919755));
#7565=CARTESIAN_POINT('Ctrl Pts',(0.100053700737891,0.0299212381803538,
-0.0236197836887563));
#7566=CARTESIAN_POINT('Ctrl Pts',(0.100047986045628,0.0299682032782861,
-0.0235416213963442));
#7567=CARTESIAN_POINT('Ctrl Pts',(0.100042277034452,0.0300150119894719,
-0.0234634484982249));
#7568=CARTESIAN_POINT('Ctrl Pts',(0.100036568528692,0.0300617001185391,
-0.0233851935839891));
#7569=CARTESIAN_POINT('Origin',(0.154133858267717,0.0740157480314961,-0.0496062992125984));
#7570=CARTESIAN_POINT('',(0.11003937007874,0.0197456087219866,-0.0236220472440945));
#7571=CARTESIAN_POINT('Origin',(0.154133858267717,0.0740157480314961,-0.0496062992125984));
#7572=CARTESIAN_POINT('',(0.11003937007874,0.0299212598096343,-0.0196587580636428));
#7573=CARTESIAN_POINT('Ctrl Pts',(0.11003937007874,0.0299212598000271,-0.0196587580486883));
#7574=CARTESIAN_POINT('Ctrl Pts',(0.11003937007874,0.0283400837815799,-0.0206745541069498));
#7575=CARTESIAN_POINT('Ctrl Pts',(0.11003937007874,0.0266041735888877,-0.0216521757710325));
#7576=CARTESIAN_POINT('Ctrl Pts',(0.11003937007874,0.024030036595476,-0.0227429677081874));
#7577=CARTESIAN_POINT('Ctrl Pts',(0.11003937007874,0.0231306707824031,-0.0230642670719207));
#7578=CARTESIAN_POINT('Ctrl Pts',(0.11003937007874,0.021421622191515,-0.0234900548482836));
#7579=CARTESIAN_POINT('Ctrl Pts',(0.11003937007874,0.0205787982653,-0.0236220472440945));
#7580=CARTESIAN_POINT('Ctrl Pts',(0.11003937007874,0.0197456087219867,-0.0236220472440945));
#7581=CARTESIAN_POINT('Ctrl Pts',(0.100053694589417,0.0299212598425197,
-0.023619793044459));
#7582=CARTESIAN_POINT('Ctrl Pts',(0.101102877278975,0.0299212598425197,
-0.0235950597883161));
#7583=CARTESIAN_POINT('Ctrl Pts',(0.102169157528538,0.0299212598425197,
-0.023368692013108));
#7584=CARTESIAN_POINT('Ctrl Pts',(0.105260150495443,0.0299212598425197,
-0.022409392661896));
#7585=CARTESIAN_POINT('Ctrl Pts',(0.107426763471564,0.0299212598425197,
-0.0212747549119561));
#7586=CARTESIAN_POINT('Ctrl Pts',(0.109537715736596,0.0299212598425197,
-0.0199775531219696));
#7587=CARTESIAN_POINT('Ctrl Pts',(0.109787868179885,0.0299212598425197,
-0.0198203305692032));
#7588=CARTESIAN_POINT('Ctrl Pts',(0.110039370059526,0.0299212598425197,
-0.0196587580337337));
#7589=CARTESIAN_POINT('Origin',(0.,0.0740157480314961,-0.0496062992125984));
#7590=CARTESIAN_POINT('',(2.68776522433373E-18,0.0300848680962071,-0.0233463862820173));
#7591=CARTESIAN_POINT('Ctrl Pts',(-2.24982771535067E-8,0.0300848701195597,
-0.0233463702516109));
#7592=CARTESIAN_POINT('Ctrl Pts',(0.00672964876216853,0.0343514313455521,
-0.0162077304140371));
#7593=CARTESIAN_POINT('Ctrl Pts',(0.0193566122765277,0.042518233613394,
-0.0083975388582241));
#7594=CARTESIAN_POINT('Ctrl Pts',(0.04034358171709,0.0523953468603485,-0.00317767293897212));
#7595=CARTESIAN_POINT('Ctrl Pts',(0.0596615698549225,0.0523047883814806,
-0.00319788766542295));
#7596=CARTESIAN_POINT('Ctrl Pts',(0.0807054363541317,0.0422746694282424,
-0.0084727112389664));
#7597=CARTESIAN_POINT('Ctrl Pts',(0.0933080148024442,0.0343252717635302,
-0.0162342255958413));
#7598=CARTESIAN_POINT('Ctrl Pts',(0.100036572794508,0.0300616790853898,
-0.0233851742688949));
#7599=CARTESIAN_POINT('',(-0.100036562402926,0.0300616951471951,-0.0233851917919753));
#7600=CARTESIAN_POINT('Ctrl Pts',(-0.100036576576085,0.0300617089010796,
-0.0233851891589158));
#7601=CARTESIAN_POINT('Ctrl Pts',(-0.0950012413899176,0.033254527218351,
-0.0180344733949635));
#7602=CARTESIAN_POINT('Ctrl Pts',(-0.0869372149280252,0.0384915665618386,
-0.012315192286104));
#7603=CARTESIAN_POINT('Ctrl Pts',(-0.0729046457919314,0.0460236332042384,
-0.00650991787715091));
#7604=CARTESIAN_POINT('Ctrl Pts',(-0.0596363940816465,0.0524029069231347,
-0.00317234991573454));
#7605=CARTESIAN_POINT('Ctrl Pts',(-0.0403560464404732,0.0524140315126493,
-0.00317477419399414));
#7606=CARTESIAN_POINT('Ctrl Pts',(-0.0193527129281495,0.0425507718272095,
-0.00838897137043298));
#7607=CARTESIAN_POINT('Ctrl Pts',(-0.00672958857344347,0.0343517780290557,
-0.0162076540250277));
#7608=CARTESIAN_POINT('Ctrl Pts',(2.4571226068432E-8,0.0300848735645298,
-0.0233463707220575));
#7609=CARTESIAN_POINT('Origin',(-0.154133858267717,0.0740157480314961,-0.0496062992125984));
#7610=CARTESIAN_POINT('Ctrl Pts',(0.0907768205363889,0.0198012243939654,
-0.0246695230558268));
#7611=CARTESIAN_POINT('Ctrl Pts',(0.0852892785422505,0.0250688590627211,
-0.017435321807798));
#7612=CARTESIAN_POINT('Ctrl Pts',(0.0750116951734379,0.0349039381793653,
-0.00961631587707862));
#7613=CARTESIAN_POINT('Ctrl Pts',(0.0578500255071245,0.0472945669237847,
-0.00432189369937082));
#7614=CARTESIAN_POINT('Ctrl Pts',(0.0421541601451356,0.0474060235131606,
-0.00430167897291998));
#7615=CARTESIAN_POINT('Ctrl Pts',(0.0250315708106147,0.0351991904719946,
-0.00954318016072885));
#7616=CARTESIAN_POINT('Ctrl Pts',(0.0147293646462918,0.0250868483062702,
-0.0174182996984771));
#7617=CARTESIAN_POINT('Ctrl Pts',(0.00923871825771277,0.0198161406197572,
-0.024649049014479));
#7618=CARTESIAN_POINT('Ctrl Pts',(0.0915060787142057,0.0223612137431173,
-0.0256309007410878));
#7619=CARTESIAN_POINT('Ctrl Pts',(0.0862444482420818,0.0271772469333037,
-0.0183261080583333));
#7620=CARTESIAN_POINT('Ctrl Pts',(0.0759505284909157,0.0364227322554342,
-0.0100263521487348));
#7621=CARTESIAN_POINT('Ctrl Pts',(0.0581845465677286,0.0482782652805027,
-0.00431455357981543));
#7622=CARTESIAN_POINT('Ctrl Pts',(0.0418199353145796,0.0483858184310078,
-0.00429149833853275));
#7623=CARTESIAN_POINT('Ctrl Pts',(0.0240937964145045,0.0367061162247998,
-0.00994577569040083));
#7624=CARTESIAN_POINT('Ctrl Pts',(0.0137739424196158,0.0271939952350099,
-0.0183083288810113));
#7625=CARTESIAN_POINT('Ctrl Pts',(0.00850884353090762,0.0223748606443739,
-0.0256102366066341));
#7626=CARTESIAN_POINT('Ctrl Pts',(0.0942570404768644,0.026823651677247,
-0.0261842454768371));
#7627=CARTESIAN_POINT('Ctrl Pts',(0.088762516034677,0.0308733582683292,
-0.0188167424753828));
#7628=CARTESIAN_POINT('Ctrl Pts',(0.0778282648016484,0.0390876439456404,
-0.0101236928336176));
#7629=CARTESIAN_POINT('Ctrl Pts',(0.058783035688945,0.0500076028604333,
-0.00410444012575843));
#7630=CARTESIAN_POINT('Ctrl Pts',(0.0412222078651825,0.0501088888944409,
-0.00408040309929792));
#7631=CARTESIAN_POINT('Ctrl Pts',(0.0222196305896126,0.0393493725856707,
-0.0100358643036355));
#7632=CARTESIAN_POINT('Ctrl Pts',(0.0112568925802846,0.0308879388826039,
-0.0187983116499418));
#7633=CARTESIAN_POINT('Ctrl Pts',(0.00575850931203353,0.0268351122769866,
-0.0261633870149859));
#7634=CARTESIAN_POINT('Ctrl Pts',(0.0984095027408859,0.0293756098372751,
-0.024544181946177));
#7635=CARTESIAN_POINT('Ctrl Pts',(0.0920322584768545,0.0334547494072542,
-0.0172714845440122));
#7636=CARTESIAN_POINT('Ctrl Pts',(0.0798970361278192,0.0413707292003022,
-0.00910834707420575));
#7637=CARTESIAN_POINT('Ctrl Pts',(0.0593979864383659,0.0516342212186843,
-0.0035121463398503));
#7638=CARTESIAN_POINT('Ctrl Pts',(0.0406071940600201,0.051727925970933,
-0.00349012607944054));
#7639=CARTESIAN_POINT('Ctrl Pts',(0.0201546159946627,0.0416164557001047,
-0.00902947499713232));
#7640=CARTESIAN_POINT('Ctrl Pts',(0.00798962776149336,0.0334690269405663,
-0.0172539302703219));
#7641=CARTESIAN_POINT('Ctrl Pts',(0.00160855241625185,0.0293871670811339,
-0.0245235986278629));
#7642=CARTESIAN_POINT('Ctrl Pts',(0.100186856044786,0.0299664475760024,
-0.0235455170218789));
#7643=CARTESIAN_POINT('Ctrl Pts',(0.0934329582058468,0.0342464007443664,
-0.0163113157738501));
#7644=CARTESIAN_POINT('Ctrl Pts',(0.0807836248288467,0.0422374025266398,
-0.00849230984313078));
#7645=CARTESIAN_POINT('Ctrl Pts',(0.0596615698549225,0.0523047883814806,
-0.00319788766542295));
#7646=CARTESIAN_POINT('Ctrl Pts',(0.04034358171709,0.0523953468603485,-0.00317767293897212));
#7647=CARTESIAN_POINT('Ctrl Pts',(0.0192696256130643,0.0424772950144011,
-0.00841917412678101));
#7648=CARTESIAN_POINT('Ctrl Pts',(0.00658998725697458,0.0342610170047501,
-0.0162942936645292));
#7649=CARTESIAN_POINT('Ctrl Pts',(-0.000167731375122737,0.0299785670094582,
-0.0235250429805311));
#7650=CARTESIAN_POINT('',(0.0899606299212598,0.0299212591200694,-0.0203188828997843));
#7651=CARTESIAN_POINT('Ctrl Pts',(0.0899606302942573,0.0299212598425197,
-0.0203188821729274));
#7652=CARTESIAN_POINT('Ctrl Pts',(0.0929212292238608,0.0299212598425197,
-0.0218381577373082));
#7653=CARTESIAN_POINT('Ctrl Pts',(0.095909641931191,0.0299212598425197,
-0.0230565879412192));
#7654=CARTESIAN_POINT('Ctrl Pts',(0.0989965356507777,0.0299212598425197,
-0.0235531402506086));
#7655=CARTESIAN_POINT('Ctrl Pts',(0.0995265348094322,0.0299212598425197,
-0.0236082631703411));
#7656=CARTESIAN_POINT('Ctrl Pts',(0.100053694589417,0.0299212598425197,
-0.0236197930444589));
#7657=CARTESIAN_POINT('Ctrl Pts',(0.0899625215412762,0.0205825899692565,
-0.0236233380904239));
#7658=CARTESIAN_POINT('Ctrl Pts',(0.0899635999494071,0.0214086455455665,
-0.0236238690038457));
#7659=CARTESIAN_POINT('Ctrl Pts',(0.0899667937244589,0.0222374091858868,
-0.0235155421127705));
#7660=CARTESIAN_POINT('Ctrl Pts',(0.0899698498997558,0.023042793442524,
-0.0233387209952709));
#7661=CARTESIAN_POINT('Ctrl Pts',(0.0899731130866858,0.023902730823249,
-0.0231499228068455));
#7662=CARTESIAN_POINT('Ctrl Pts',(0.0899764049075473,0.0247537429170682,
-0.0228790849218458));
#7663=CARTESIAN_POINT('Ctrl Pts',(0.0899793548733701,0.0255726941483242,
-0.0225601335091758));
#7664=CARTESIAN_POINT('Ctrl Pts',(0.0899847145795378,0.0270606225613397,
-0.0219806400654022));
#7665=CARTESIAN_POINT('Ctrl Pts',(0.0899892798427829,0.0285218486202365,
-0.0212127697167777));
#7666=CARTESIAN_POINT('Ctrl Pts',(0.0899966749722544,0.0298795336780867,
-0.0203532987574641));
#7667=CARTESIAN_POINT('',(0.0100393700787402,0.0299212598425182,-0.0203188819815201));
#7668=CARTESIAN_POINT('Ctrl Pts',(0.0100059804627672,0.0299061824219545,
-0.0203454773810745));
#7669=CARTESIAN_POINT('Ctrl Pts',(0.0100067266376618,0.0297544508842683,
-0.0204412888409235));
#7670=CARTESIAN_POINT('Ctrl Pts',(0.0100074338592522,0.0296022146569847,
-0.0205354655722942));
#7671=CARTESIAN_POINT('Ctrl Pts',(0.0100081088688971,0.0294495395659117,
-0.0206279639691204));
#7672=CARTESIAN_POINT('Ctrl Pts',(0.0100142213180674,0.0280670130480405,
-0.0214655694067464));
#7673=CARTESIAN_POINT('Ctrl Pts',(0.0100182228949028,0.026569404924522,
-0.0222145244094204));
#7674=CARTESIAN_POINT('Ctrl Pts',(0.0100234337355769,0.0250467325880714,
-0.0227572269080448));
#7675=CARTESIAN_POINT('Ctrl Pts',(0.0100274983795038,0.023858993170906,
-0.0231805544578924));
#7676=CARTESIAN_POINT('Ctrl Pts',(0.0100326413030147,0.0225921175241027,
-0.0235018628997416));
#7677=CARTESIAN_POINT('Ctrl Pts',(0.010036125715496,0.0213245204885968,
-0.02359535174324));
#7678=CARTESIAN_POINT('Ctrl Pts',(0.0100368053643318,0.0210772705277934,
-0.0236135871226572));
#7679=CARTESIAN_POINT('Ctrl Pts',(0.0100373421720322,0.0208301298578774,
-0.0236231290142837));
#7680=CARTESIAN_POINT('Ctrl Pts',(0.0100376444202448,0.0205839053537607,
-0.0236230150289906));
#7681=CARTESIAN_POINT('',(-7.21912174888232E-16,0.0299212598425197,-0.0236184687878377));
#7682=CARTESIAN_POINT('Ctrl Pts',(6.7020313736888E-9,0.0299212309972116,
-0.0236184567932162));
#7683=CARTESIAN_POINT('Ctrl Pts',(0.000692067202610211,0.0299210767726121,
-0.0235994053619905));
#7684=CARTESIAN_POINT('Ctrl Pts',(0.00139058165940124,0.0299202856217925,
-0.023506136586078));
#7685=CARTESIAN_POINT('Ctrl Pts',(0.00206570144175775,0.0299195682044795,
-0.0233719906763655));
#7686=CARTESIAN_POINT('Ctrl Pts',(0.00292724609610544,0.0299186526824239,
-0.0232008022525692));
#7687=CARTESIAN_POINT('Ctrl Pts',(0.00379309584390416,0.0299177640760447,
-0.0229544894507799));
#7688=CARTESIAN_POINT('Ctrl Pts',(0.00462271407844298,0.0299169265893593,
-0.022675206143328));
#7689=CARTESIAN_POINT('Ctrl Pts',(0.00611351780191704,0.0299154216462217,
-0.0221733408547897));
#7690=CARTESIAN_POINT('Ctrl Pts',(0.0076370212363707,0.0299127008135023,
-0.0215151135738071));
#7691=CARTESIAN_POINT('Ctrl Pts',(0.00906773876417191,0.0299091544847817,
-0.0208157542264192));
#7692=CARTESIAN_POINT('Ctrl Pts',(0.00938510762671596,0.0299083678205448,
-0.0206606188651217));
#7693=CARTESIAN_POINT('Ctrl Pts',(0.00969633556321033,0.0299073749089677,
-0.0205044163734927));
#7694=CARTESIAN_POINT('Ctrl Pts',(0.0100059804627665,0.0299061824219564,
-0.0203454773810737));
#7695=CARTESIAN_POINT('Ctrl Pts',(-6.64042323124403E-8,0.0300848422835141,
-0.0233464168258258));
#7696=CARTESIAN_POINT('Ctrl Pts',(-2.14286110981415E-8,0.0300305890499599,
-0.0234371846313896));
#7697=CARTESIAN_POINT('Ctrl Pts',(3.13038658964434E-9,0.0299760789576376,
-0.0235278137679931));
#7698=CARTESIAN_POINT('Ctrl Pts',(6.70203138120139E-9,0.0299212309972116,
-0.0236184567932162));
#7699=CARTESIAN_POINT('Ctrl Pts',(-0.11003937007874,0.0197456087219867,
-0.0236220472440945));
#7700=CARTESIAN_POINT('Ctrl Pts',(-0.113019000378227,0.0234128460136625,
-0.018565704917693));
#7701=CARTESIAN_POINT('Ctrl Pts',(-0.122017189402602,0.0344875401975092,
-0.00796942174373356));
#7702=CARTESIAN_POINT('Ctrl Pts',(-0.134577822768178,0.0499467812628329,
-0.00166569111598772));
#7703=CARTESIAN_POINT('Ctrl Pts',(-0.14218694042375,0.0593118491466136,
0.000160922862176672));
#7704=CARTESIAN_POINT('Ctrl Pts',(-0.109361982712064,0.0223736726560592,
-0.0247715530784533));
#7705=CARTESIAN_POINT('Ctrl Pts',(-0.112152683513529,0.0257254399819596,
-0.0197224512156334));
#7706=CARTESIAN_POINT('Ctrl Pts',(-0.120869920955205,0.0360303028907756,
-0.00877190919876739));
#7707=CARTESIAN_POINT('Ctrl Pts',(-0.133775127577651,0.0508350610193053,
-0.00194037585296718));
#7708=CARTESIAN_POINT('Ctrl Pts',(-0.141681195100044,0.0598467389851852,
3.95156873257509E-5));
#7709=CARTESIAN_POINT('Ctrl Pts',(-0.106440377391244,0.0269512822593815,
-0.0257474127449275));
#7710=CARTESIAN_POINT('Ctrl Pts',(-0.109325013215357,0.0297689756587795,
-0.0206899881832557));
#7711=CARTESIAN_POINT('Ctrl Pts',(-0.118464454603882,0.0387326960588694,
-0.0093961795069596));
#7712=CARTESIAN_POINT('Ctrl Pts',(-0.13228556552532,0.052389420830376,-0.00214855176938177));
#7713=CARTESIAN_POINT('Ctrl Pts',(-0.140767191309614,0.060782778532095,
-5.22785645984529E-5));
#7714=CARTESIAN_POINT('Ctrl Pts',(-0.101834766908761,0.0294132193175129,
-0.0244841766198636));
#7715=CARTESIAN_POINT('Ctrl Pts',(-0.10526807049392,0.0322541101009857,
-0.0194345165040407));
#7716=CARTESIAN_POINT('Ctrl Pts',(-0.115763348500553,0.0410393325204493,
-0.00857239028745892));
#7717=CARTESIAN_POINT('Ctrl Pts',(-0.130731082927552,0.0538576702623182,
-0.00187157527235018));
#7718=CARTESIAN_POINT('Ctrl Pts',(-0.139831126761763,0.0616895211947502,
6.98674810384811E-5));
#7719=CARTESIAN_POINT('Ctrl Pts',(-0.0998637189582071,0.0299212598425197,
-0.0236220472440945));
#7720=CARTESIAN_POINT('Ctrl Pts',(-0.103530956249883,0.0329008901420063,
-0.018565704917693));
#7721=CARTESIAN_POINT('Ctrl Pts',(-0.11460565043373,0.0418990791663818,
-0.00796942174373356));
#7722=CARTESIAN_POINT('Ctrl Pts',(-0.130064891499053,0.0544597125319572,
-0.00166569111598773));
#7723=CARTESIAN_POINT('Ctrl Pts',(-0.139429959382834,0.0620688301875291,
0.000160922862176672));
#7724=CARTESIAN_POINT('',(-0.11003937007874,0.0299212598425208,-0.0196587580213883));
#7725=CARTESIAN_POINT('Ctrl Pts',(-0.11003937007874,0.0197456087219867,
-0.0236220472440945));
#7726=CARTESIAN_POINT('Ctrl Pts',(-0.11003937007874,0.0208556601533693,
-0.0236220472440945));
#7727=CARTESIAN_POINT('Ctrl Pts',(-0.11003937007874,0.0219907784239516,
-0.0233873966452247));
#7728=CARTESIAN_POINT('Ctrl Pts',(-0.11003937007874,0.0251420402592227,
-0.0224093926618959));
#7729=CARTESIAN_POINT('Ctrl Pts',(-0.11003937007874,0.027308653235344,-0.0212747549119561));
#7730=CARTESIAN_POINT('Ctrl Pts',(-0.11003937007874,0.0294196055067023,
-0.0199775531180819));
#7731=CARTESIAN_POINT('Ctrl Pts',(-0.11003937007874,0.0296697579564071,
-0.0198203305611944));
#7732=CARTESIAN_POINT('Ctrl Pts',(-0.11003937007874,0.0299212598425211,
-0.0196587580213888));
#7733=CARTESIAN_POINT('',(-0.100053694589417,0.0299212598425197,-0.0236197930444589));
#7734=CARTESIAN_POINT('Ctrl Pts',(-0.100036568528693,0.0300617001185389,
-0.0233851935839894));
#7735=CARTESIAN_POINT('Ctrl Pts',(-0.100042277034453,0.0300150119894672,
-0.023463448498233));
#7736=CARTESIAN_POINT('Ctrl Pts',(-0.100047986045627,0.0299682032782907,
-0.0235416213963364));
#7737=CARTESIAN_POINT('Ctrl Pts',(-0.100053700737891,0.0299212381803538,
-0.0236197836887563));
#7738=CARTESIAN_POINT('Ctrl Pts',(-0.110042046215985,0.0299245957609461,
-0.0196567906522608));
#7739=CARTESIAN_POINT('Ctrl Pts',(-0.109574995799358,0.0299247140489453,
-0.0199581631070676));
#7740=CARTESIAN_POINT('Ctrl Pts',(-0.109094617390707,0.0299240803918029,
-0.0202564316042482));
#7741=CARTESIAN_POINT('Ctrl Pts',(-0.108604756650305,0.029923471047056,
-0.0205454642019482));
#7742=CARTESIAN_POINT('Ctrl Pts',(-0.107438668101939,0.0299220205329141,
-0.0212334915829672));
#7743=CARTESIAN_POINT('Ctrl Pts',(-0.106217871485177,0.0299216848010349,
-0.0218683043598016));
#7744=CARTESIAN_POINT('Ctrl Pts',(-0.105005848402539,0.0299205370308114,
-0.0223809066734249));
#7745=CARTESIAN_POINT('Ctrl Pts',(-0.104150603203875,0.0299197271246413,
-0.0227426165070328));
#7746=CARTESIAN_POINT('Ctrl Pts',(-0.103250341813067,0.0299194315958213,
-0.0230636536408328));
#7747=CARTESIAN_POINT('Ctrl Pts',(-0.102348361489622,0.0299198357812448,
-0.0232883075668536));
#7748=CARTESIAN_POINT('Ctrl Pts',(-0.101601485910986,0.0299201704628495,
-0.023474329951853));
#7749=CARTESIAN_POINT('Ctrl Pts',(-0.100824777799874,0.0299210684886894,
-0.0236015346870214));
#7750=CARTESIAN_POINT('Ctrl Pts',(-0.100053700737891,0.0299212381803538,
-0.0236197836887563));
#7751=CARTESIAN_POINT('Ctrl Pts',(-0.00923871825771319,0.0198161406197576,
-0.0246490490144784));
#7752=CARTESIAN_POINT('Ctrl Pts',(-0.0147293514421613,0.0250868356310572,
-0.0174183170872784));
#7753=CARTESIAN_POINT('Ctrl Pts',(-0.0250283479638511,0.035239308518346,
-0.0095345890298393));
#7754=CARTESIAN_POINT('Ctrl Pts',(-0.0421642877328845,0.0474290200083001,
-0.00429878022794201));
#7755=CARTESIAN_POINT('Ctrl Pts',(-0.0578295701913378,0.0474153282058205,
-0.0042963559496824));
#7756=CARTESIAN_POINT('Ctrl Pts',(-0.0686100247059442,0.0395639143979482,
-0.00763392391109876));
#7757=CARTESIAN_POINT('Ctrl Pts',(-0.0800680303845784,0.0302477046634933,
-0.0134679884087536));
#7758=CARTESIAN_POINT('Ctrl Pts',(-0.0866611739507249,0.0237519408827226,
-0.019243885184033));
#7759=CARTESIAN_POINT('Ctrl Pts',(-0.0907768205363888,0.0198012243939655,
-0.0246695230558267));
#7760=CARTESIAN_POINT('Ctrl Pts',(-0.00850884353090803,0.0223748606443743,
-0.0256102366066335));
#7761=CARTESIAN_POINT('Ctrl Pts',(-0.0137739297578911,0.0271939836457583,
-0.0183083464409372));
#7762=CARTESIAN_POINT('Ctrl Pts',(-0.0240908419614287,0.0367444321570048,
-0.00993551378369734));
#7763=CARTESIAN_POINT('Ctrl Pts',(-0.0418302571977194,0.0484081281261415,
-0.00428844950877657));
#7764=CARTESIAN_POINT('Ctrl Pts',(-0.0581648014560292,0.0483934791640603,
-0.00428355739677301));
#7765=CARTESIAN_POINT('Ctrl Pts',(-0.0693224354475663,0.0408824261710456,
-0.00788913667370054));
#7766=CARTESIAN_POINT('Ctrl Pts',(-0.0810166595896711,0.0320481355841619,
-0.0141033239652604));
#7767=CARTESIAN_POINT('Ctrl Pts',(-0.0875598653620794,0.0259732299384936,
-0.0201523194207306));
#7768=CARTESIAN_POINT('Ctrl Pts',(-0.0915060787142056,0.0223612137431174,
-0.0256309007410877));
#7769=CARTESIAN_POINT('Ctrl Pts',(-0.00575850931203395,0.0268351122769869,
-0.0261633870149853));
#7770=CARTESIAN_POINT('Ctrl Pts',(-0.0112568793575481,0.030887929136201,
-0.0187983293617758));
#7771=CARTESIAN_POINT('Ctrl Pts',(-0.022216153292215,0.0393838095149606,
-0.0100231016463855));
#7772=CARTESIAN_POINT('Ctrl Pts',(-0.0412318756113607,0.0501300002000034,
-0.0040773907621554));
#7773=CARTESIAN_POINT('Ctrl Pts',(-0.0587624292332025,0.0501117006029497,
-0.0040666452948827));
#7774=CARTESIAN_POINT('Ctrl Pts',(-0.070719159907191,0.0431982960771361,
-0.00787486267424616));
#7775=CARTESIAN_POINT('Ctrl Pts',(-0.0832141513450145,0.0352012134925616,
-0.0143773469137865));
#7776=CARTESIAN_POINT('Ctrl Pts',(-0.0901361570677732,0.0298609243072026,
-0.0206586315307035));
#7777=CARTESIAN_POINT('Ctrl Pts',(-0.0942570404768643,0.0268236516772471,
-0.026184245476837));
#7778=CARTESIAN_POINT('Ctrl Pts',(-0.00160855241625234,0.0293871670811342,
-0.0245235986278624));
#7779=CARTESIAN_POINT('Ctrl Pts',(-0.00798961241602293,0.0334690171243431,
-0.0172539477527173));
#7780=CARTESIAN_POINT('Ctrl Pts',(-0.0201507916645119,0.0416494271465388,
-0.00901941468694143));
#7781=CARTESIAN_POINT('Ctrl Pts',(-0.0406188071239544,0.0517474237474556,
-0.00348713166189249));
#7782=CARTESIAN_POINT('Ctrl Pts',(-0.0593741799775653,0.0517334267785767,
-0.00348216860365464));
#7783=CARTESIAN_POINT('Ctrl Pts',(-0.0722489721185649,0.0452323615049425,
-0.00701448326283491));
#7784=CARTESIAN_POINT('Ctrl Pts',(-0.0858692669345675,0.037625362773372,
-0.0131196236508282));
#7785=CARTESIAN_POINT('Ctrl Pts',(-0.0936265810595134,0.0324349571482504,
-0.0190896720283013));
#7786=CARTESIAN_POINT('Ctrl Pts',(-0.0984095027408858,0.0293756098372752,
-0.0245441819461768));
#7787=CARTESIAN_POINT('Ctrl Pts',(0.000167731375122226,0.0299785670094586,
-0.0235250429805306));
#7788=CARTESIAN_POINT('Ctrl Pts',(-0.006589971005737,0.0342610067061395,
-0.0162943110533305));
#7789=CARTESIAN_POINT('Ctrl Pts',(-0.019265659032432,0.0425098909270616,
-0.00841058299589146));
#7790=CARTESIAN_POINT('Ctrl Pts',(-0.0403560464404732,0.0524140315126493,
-0.00317477419399414));
#7791=CARTESIAN_POINT('Ctrl Pts',(-0.0596363940816465,0.0524029069231347,
-0.00317234991573454));
#7792=CARTESIAN_POINT('Ctrl Pts',(-0.0729046457919314,0.0460236332042384,
-0.00650991787715091));
#7793=CARTESIAN_POINT('Ctrl Pts',(-0.0870068066271734,0.0384542127949939,
-0.0123439823748057));
#7794=CARTESIAN_POINT('Ctrl Pts',(-0.0951214448624306,0.0331764047231176,
-0.0181198791500851));
#7795=CARTESIAN_POINT('Ctrl Pts',(-0.100186856044786,0.0299664475760025,
-0.0235455170218788));
#7796=CARTESIAN_POINT('',(-0.0100393700787402,0.0299212598425192,-0.0203188819815189));
#7797=CARTESIAN_POINT('Ctrl Pts',(-0.0100393700787399,0.0299212598425197,
-0.0203188819815183));
#7798=CARTESIAN_POINT('Ctrl Pts',(-0.00874819431161303,0.0299212598425197,
-0.0209814681250222));
#7799=CARTESIAN_POINT('Ctrl Pts',(-0.00742247769412812,0.0299212598425197,
-0.0216005850135612));
#7800=CARTESIAN_POINT('Ctrl Pts',(-0.00343079443048488,0.0299212598425197,
-0.0231896581090348));
#7801=CARTESIAN_POINT('Ctrl Pts',(-0.00147284525943408,0.0299212598425197,
-0.0235780507255357));
#7802=CARTESIAN_POINT('Ctrl Pts',(-7.21549351326573E-16,0.0299212598425197,
-0.0236184687878376));
#7803=CARTESIAN_POINT('',(-0.0100393700787374,0.0205849443429793,-0.0236220472440979));
#7804=CARTESIAN_POINT('Ctrl Pts',(-0.0100393700787402,0.0205849443429845,
-0.0236220472440945));
#7805=CARTESIAN_POINT('Ctrl Pts',(-0.0100393700787402,0.021900019277389,
-0.0236220472440945));
#7806=CARTESIAN_POINT('Ctrl Pts',(-0.0100393700787402,0.0232333225187308,
-0.0233501570635348));
#7807=CARTESIAN_POINT('Ctrl Pts',(-0.0100393700787402,0.0263637946433976,
-0.0223443843208595));
#7808=CARTESIAN_POINT('Ctrl Pts',(-0.0100393700787402,0.0282259725087528,
-0.0213962744537376));
#7809=CARTESIAN_POINT('Ctrl Pts',(-0.0100393700787402,0.029921259842519,
-0.0203188819815186));
#7810=CARTESIAN_POINT('',(-0.0899606299212625,0.0205849443429793,-0.0236220472440979));
#7811=CARTESIAN_POINT('Ctrl Pts',(-0.0100386983156617,0.020585111654397,
-0.0236216394459385));
#7812=CARTESIAN_POINT('Ctrl Pts',(-0.0153909775191198,0.0257354386426777,
-0.0169179029363078));
#7813=CARTESIAN_POINT('Ctrl Pts',(-0.0254395338018116,0.0355318070215533,
-0.00940895305897181));
#7814=CARTESIAN_POINT('Ctrl Pts',(-0.0421642877328845,0.0474290200083001,
-0.00429878022794201));
#7815=CARTESIAN_POINT('Ctrl Pts',(-0.0578295701913378,0.0474153282058205,
-0.0042963559496824));
#7816=CARTESIAN_POINT('Ctrl Pts',(-0.0686100247059442,0.0395639143979482,
-0.00763392391109876));
#7817=CARTESIAN_POINT('Ctrl Pts',(-0.0796944484958737,0.0305514544892293,
-0.0132777719875902));
#7818=CARTESIAN_POINT('Ctrl Pts',(-0.0860137758816375,0.0243866315766868,
-0.0186834377951831));
#7819=CARTESIAN_POINT('Ctrl Pts',(-0.0899611793007923,0.0205855401796769,
-0.0236220667232102));
#7820=CARTESIAN_POINT('',(-0.0899606299212598,0.0299212598425182,-0.0203188819815201));
#7821=CARTESIAN_POINT('Ctrl Pts',(-0.089980768220407,0.0299233676186495,
-0.0203374882108785));
#7822=CARTESIAN_POINT('Ctrl Pts',(-0.0899804080545564,0.0297712629775162,
-0.0204335009956894));
#7823=CARTESIAN_POINT('Ctrl Pts',(-0.0899800786199411,0.0296186528501661,
-0.020527882836507));
#7824=CARTESIAN_POINT('Ctrl Pts',(-0.0899797729996129,0.0294656039454038,
-0.0206205880997536));
#7825=CARTESIAN_POINT('Ctrl Pts',(-0.0899770054992721,0.0280796918937836,
-0.021460067100153));
#7826=CARTESIAN_POINT('Ctrl Pts',(-0.0899758215246611,0.026578492122599,
-0.0222110439434751));
#7827=CARTESIAN_POINT('Ctrl Pts',(-0.089972554290679,0.0250530763357065,
-0.0227550087823106));
#7828=CARTESIAN_POINT('Ctrl Pts',(-0.0899699982276246,0.0238596941179262,
-0.0231805701088303));
#7829=CARTESIAN_POINT('Ctrl Pts',(-0.0899658755356267,0.022587143929096,
-0.0235031285883465));
#7830=CARTESIAN_POINT('Ctrl Pts',(-0.0899629786742449,0.0213148706650066,
-0.0235958310134167));
#7831=CARTESIAN_POINT('Ctrl Pts',(-0.0899624237909805,0.021071171347393,
-0.0236135878258628));
#7832=CARTESIAN_POINT('Ctrl Pts',(-0.0899619929249506,0.0208276132902889,
-0.0236228875469735));
#7833=CARTESIAN_POINT('Ctrl Pts',(-0.0899617756207875,0.0205849659629582,
-0.0236228127980891));
#7834=CARTESIAN_POINT('Ctrl Pts',(-0.100053694589417,0.0299212598425197,
-0.0236197930444589));
#7835=CARTESIAN_POINT('Ctrl Pts',(-0.0993441439196669,0.0299212598425197,
-0.0236042739737462));
#7836=CARTESIAN_POINT('Ctrl Pts',(-0.0986266742394795,0.0299212598427234,
-0.0235096797362642));
#7837=CARTESIAN_POINT('Ctrl Pts',(-0.0970708142289717,0.0299212598427234,
-0.0231995352403308));
#7838=CARTESIAN_POINT('Ctrl Pts',(-0.0962031755115608,0.0299212598438871,
-0.0229515250193961));
#7839=CARTESIAN_POINT('Ctrl Pts',(-0.0936045184316009,0.0299212598438871,
-0.0220715699515188));
#7840=CARTESIAN_POINT('Ctrl Pts',(-0.0917895563872892,0.0299212598425197,
-0.0212500967140968));
#7841=CARTESIAN_POINT('Ctrl Pts',(-0.0900743666039163,0.0299212598425197,
-0.0203771288245009));
#7842=CARTESIAN_POINT('Ctrl Pts',(-0.0900175130303438,0.0299212598425197,
-0.02034807239915));
#7843=CARTESIAN_POINT('Ctrl Pts',(-0.0899606299212606,0.0299212598425197,
-0.0203188819815186));
#7844=CARTESIAN_POINT('Origin',(-0.05,0.,-0.0556009980603203));
#7845=CARTESIAN_POINT('',(-0.0100393700787374,-0.0205849443429792,-0.0236220472440979));
#7846=CARTESIAN_POINT('',(-0.0100393700787402,0.,-0.0236220472440945));
#7847=CARTESIAN_POINT('',(-0.0899606299212625,-0.0205849443429793,-0.0236220472440979));
#7848=CARTESIAN_POINT('Ctrl Pts',(-0.0899611972804132,-0.0205863203285282,
-0.0236226554554179));
#7849=CARTESIAN_POINT('Ctrl Pts',(-0.0874147315605947,-0.0230431561257874,
-0.0204398738759538));
#7850=CARTESIAN_POINT('Ctrl Pts',(-0.081370494286084,-0.0289668013852771,
-0.0145219665688367));
#7851=CARTESIAN_POINT('Ctrl Pts',(-0.0707454684138324,-0.0381457786435852,
-0.00825832362146777));
#7852=CARTESIAN_POINT('Ctrl Pts',(-0.0578378982375892,-0.0474385607823244,
-0.00428405521975801));
#7853=CARTESIAN_POINT('Ctrl Pts',(-0.0422025740672921,-0.0474673570249914,
-0.00427503529867532));
#7854=CARTESIAN_POINT('Ctrl Pts',(-0.0292634119512644,-0.0380327656564955,
-0.00827818595052501));
#7855=CARTESIAN_POINT('Ctrl Pts',(-0.0186412985391105,-0.0289251759230248,
-0.0145192303485734));
#7856=CARTESIAN_POINT('Ctrl Pts',(-0.0125907091751786,-0.0230432719277212,
-0.0204337696575591));
#7857=CARTESIAN_POINT('Ctrl Pts',(-0.0100390428892165,-0.0205858026116407,
-0.0236224468734719));
#7858=CARTESIAN_POINT('',(-0.0899606299212598,0.,-0.0236220472440945));
#7859=CARTESIAN_POINT('Ctrl Pts',(-0.0907768205363888,-0.0198012243939655,
-0.0246695230558267));
#7860=CARTESIAN_POINT('Ctrl Pts',(-0.0880330495393197,-0.0224350417283433,
-0.0210524224318124));
#7861=CARTESIAN_POINT('Ctrl Pts',(-0.0817281035220026,-0.028657862180486,
-0.0147327836148757));
#7862=CARTESIAN_POINT('Ctrl Pts',(-0.0707454684138324,-0.0381457786435852,
-0.00825832362146777));
#7863=CARTESIAN_POINT('Ctrl Pts',(-0.0578378982375892,-0.0474385607823244,
-0.00428405521975801));
#7864=CARTESIAN_POINT('Ctrl Pts',(-0.0422025740672921,-0.0474673570249914,
-0.00427503529867532));
#7865=CARTESIAN_POINT('Ctrl Pts',(-0.0292634119512644,-0.0380327656564955,
-0.00827818595052501));
#7866=CARTESIAN_POINT('Ctrl Pts',(-0.0182908114591606,-0.0286246620415393,
-0.0147251597471813));
#7867=CARTESIAN_POINT('Ctrl Pts',(-0.0119840414520026,-0.022451494463014,
-0.0210336743564777));
#7868=CARTESIAN_POINT('Ctrl Pts',(-0.00923871825771309,-0.0198161406197575,
-0.0246490490144786));
#7869=CARTESIAN_POINT('Ctrl Pts',(-0.0915060787142056,-0.0223612137431174,
-0.0256309007410877));
#7870=CARTESIAN_POINT('Ctrl Pts',(-0.0888752634781437,-0.0247692303382105,
-0.0219785043997105));
#7871=CARTESIAN_POINT('Ctrl Pts',(-0.0826844828461815,-0.0305507183368434,
-0.0154412678843903));
#7872=CARTESIAN_POINT('Ctrl Pts',(-0.0715340458450634,-0.0395249123586108,
-0.00856083017877484));
#7873=CARTESIAN_POINT('Ctrl Pts',(-0.0581749862674903,-0.0484148872206072,
-0.00426936163180395));
#7874=CARTESIAN_POINT('Ctrl Pts',(-0.0418689041330108,-0.0484428225098472,
-0.00426062948608135));
#7875=CARTESIAN_POINT('Ctrl Pts',(-0.0284762740704243,-0.0394159161360318,
-0.00858221824181909));
#7876=CARTESIAN_POINT('Ctrl Pts',(-0.0173351125540549,-0.0305184635613146,
-0.0154346427088787));
#7877=CARTESIAN_POINT('Ctrl Pts',(-0.011141392975262,-0.0247844279396922,
-0.0219592827438223));
#7878=CARTESIAN_POINT('Ctrl Pts',(-0.00850884353090793,-0.0223748606443742,
-0.0256102366066337));
#7879=CARTESIAN_POINT('Ctrl Pts',(-0.0942570404768644,-0.0268236516772471,
-0.026184245476837));
#7880=CARTESIAN_POINT('Ctrl Pts',(-0.0915097782557707,-0.0288485049727882,
-0.0225004939761099));
#7881=CARTESIAN_POINT('Ctrl Pts',(-0.0849860863724187,-0.033866100842569,
-0.0157747845048341));
#7882=CARTESIAN_POINT('Ctrl Pts',(-0.0730900870463876,-0.0419445778739322,
-0.0085771376475156));
#7883=CARTESIAN_POINT('Ctrl Pts',(-0.0587740567610482,-0.0501292908565048,
-0.00404952097886168));
#7884=CARTESIAN_POINT('Ctrl Pts',(-0.0412713424612132,-0.0501544768685119,
-0.00403900453563971));
#7885=CARTESIAN_POINT('Ctrl Pts',(-0.0269187852380865,-0.0418425410858908,
-0.0085993260689446));
#7886=CARTESIAN_POINT('Ctrl Pts',(-0.0150335375263573,-0.0338344795361618,
-0.0157675916010307));
#7887=CARTESIAN_POINT('Ctrl Pts',(-0.00850770094615942,-0.0288615255797955,
-0.0224808493324635));
#7888=CARTESIAN_POINT('Ctrl Pts',(-0.00575850931203385,-0.0268351122769868,
-0.0261633870149855));
#7889=CARTESIAN_POINT('Ctrl Pts',(-0.0984095027408858,-0.0293756098372752,
-0.0245441819461769));
#7890=CARTESIAN_POINT('Ctrl Pts',(-0.0952208806088701,-0.0314151796222647,
-0.0209078332450945));
#7891=CARTESIAN_POINT('Ctrl Pts',(-0.0878311019891454,-0.0363419236893745,
-0.0144370892790436));
#7892=CARTESIAN_POINT('Ctrl Pts',(-0.074800016996216,-0.0440564255989348,
-0.00767220150599838));
#7893=CARTESIAN_POINT('Ctrl Pts',(-0.0593848423617331,-0.051751453625355,
-0.00346823425635215));
#7894=CARTESIAN_POINT('Ctrl Pts',(-0.0406636220184263,-0.0517756287030885,
-0.00345885608484655));
#7895=CARTESIAN_POINT('Ctrl Pts',(-0.0252102655953995,-0.0439614971302563,
-0.00769311117447709));
#7896=CARTESIAN_POINT('Ctrl Pts',(-0.0121910694224017,-0.036313572350958,
-0.0144298399247729));
#7897=CARTESIAN_POINT('Ctrl Pts',(-0.004799090088873,-0.0314280970108504,
-0.020888764449092));
#7898=CARTESIAN_POINT('Ctrl Pts',(-0.00160855241625222,-0.0293871670811342,
-0.0245235986278625));
#7899=CARTESIAN_POINT('Ctrl Pts',(-0.100186856044786,-0.0299664475760024,
-0.0235455170218788));
#7900=CARTESIAN_POINT('Ctrl Pts',(-0.0968099071253165,-0.0321064241601844,
-0.0199284163978645));
#7901=CARTESIAN_POINT('Ctrl Pts',(-0.0890499735655416,-0.0371624657775504,
-0.0136087775809278));
#7902=CARTESIAN_POINT('Ctrl Pts',(-0.0755328842016399,-0.0448713979038184,
-0.00713431758751994));
#7903=CARTESIAN_POINT('Ctrl Pts',(-0.0596466439847252,-0.0524217833915441,
-0.00316004918581015));
#7904=CARTESIAN_POINT('Ctrl Pts',(-0.040403168082821,-0.052445180338711,
-0.00315102926472747));
#7905=CARTESIAN_POINT('Ctrl Pts',(-0.0244780454784792,-0.0447795748518081,
-0.00715417991657716));
#7906=CARTESIAN_POINT('Ctrl Pts',(-0.0109733064112745,-0.0371354906646562,
-0.0136011537132334));
#7907=CARTESIAN_POINT('Ctrl Pts',(-0.00321112794092633,-0.0321197920071044,
-0.0199096683225298));
#7908=CARTESIAN_POINT('Ctrl Pts',(0.00016773137512235,-0.0299785670094585,
-0.0235250429805307));
#7909=CARTESIAN_POINT('',(-0.0899606299212598,-0.0299212591200694,-0.0203188828997843));
#7910=CARTESIAN_POINT('Ctrl Pts',(-0.0899606302942573,-0.0299212598425197,
-0.0203188821729274));
#7911=CARTESIAN_POINT('Ctrl Pts',(-0.0929212292238608,-0.0299212598425197,
-0.0218381577373082));
#7912=CARTESIAN_POINT('Ctrl Pts',(-0.095909641931191,-0.0299212598425197,
-0.0230565879412191));
#7913=CARTESIAN_POINT('Ctrl Pts',(-0.0989965356507771,-0.0299212598425197,
-0.0235531402506085));
#7914=CARTESIAN_POINT('Ctrl Pts',(-0.0995265348094319,-0.0299212598425197,
-0.023608263170341));
#7915=CARTESIAN_POINT('Ctrl Pts',(-0.100053694589417,-0.0299212598425197,
-0.0236197930444589));
#7916=CARTESIAN_POINT('Ctrl Pts',(-0.0899606299212598,-0.0205849443429845,
-0.0236220472440945));
#7917=CARTESIAN_POINT('Ctrl Pts',(-0.0899606299212598,-0.0214121315651125,
-0.0236220472440945));
#7918=CARTESIAN_POINT('Ctrl Pts',(-0.0899606299210012,-0.0222431227340337,
-0.023514455479644));
#7919=CARTESIAN_POINT('Ctrl Pts',(-0.0899606299210012,-0.0239139083250531,
-0.0231479957396272));
#7920=CARTESIAN_POINT('Ctrl Pts',(-0.0899606299202412,-0.0247682753971943,
-0.0228754869470682));
#7921=CARTESIAN_POINT('Ctrl Pts',(-0.0899606299202412,-0.0270852078386165,
-0.0219678401591439));
#7922=CARTESIAN_POINT('Ctrl Pts',(-0.0899606299212598,-0.0285537781005616,
-0.0211879467041883));
#7923=CARTESIAN_POINT('Ctrl Pts',(-0.0899606299212598,-0.0299212589122258,
-0.0203188825727404));
#7924=CARTESIAN_POINT('',(-0.0100393700787402,-0.0299212598425182,-0.0203188819815201));
#7925=CARTESIAN_POINT('Ctrl Pts',(-0.0100390722824686,-0.0299375131595393,
-0.0203206941352551));
#7926=CARTESIAN_POINT('Ctrl Pts',(-0.0100389054044482,-0.0297851651150337,
-0.0204171085013242));
#7927=CARTESIAN_POINT('Ctrl Pts',(-0.0100387146238917,-0.0296323065661665,
-0.0205118968038148));
#7928=CARTESIAN_POINT('Ctrl Pts',(-0.010038507872458,-0.0294790049042439,
-0.0206050105940456));
#7929=CARTESIAN_POINT('Ctrl Pts',(-0.0100367296210317,-0.028160470400812,
-0.0214058743526297));
#7930=CARTESIAN_POINT('Ctrl Pts',(-0.0100335650228646,-0.0267377120905641,
-0.0221271577099204));
#7931=CARTESIAN_POINT('Ctrl Pts',(-0.0100338781055031,-0.0252888296713094,
-0.0226659036530096));
#7932=CARTESIAN_POINT('Ctrl Pts',(-0.0100338946474767,-0.025212276800784,
-0.022694368729181));
#7933=CARTESIAN_POINT('Ctrl Pts',(-0.0100339115924866,-0.0251356581510488,
-0.022722324772969));
#7934=CARTESIAN_POINT('Ctrl Pts',(-0.010033926989375,-0.0250589877733052,
-0.0227497568881396));
#7935=CARTESIAN_POINT('Ctrl Pts',(-0.0100341675606444,-0.0238610385724583,
-0.0231783745813519));
#7936=CARTESIAN_POINT('Ctrl Pts',(-0.0100366440262719,-0.0225838087836676,
-0.0235028445909083));
#7937=CARTESIAN_POINT('Ctrl Pts',(-0.0100385793624568,-0.021307726788811,
-0.0235954338575478));
#7938=CARTESIAN_POINT('Ctrl Pts',(-0.0100389448332913,-0.0210667501795662,
-0.0236129185079207));
#7939=CARTESIAN_POINT('Ctrl Pts',(-0.0100392113658092,-0.0208259408925301,
-0.0236221138216285));
#7940=CARTESIAN_POINT('Ctrl Pts',(-0.0100392899868917,-0.0205860405875725,
-0.0236221380915222));
#7941=CARTESIAN_POINT('Ctrl Pts',(-3.5411579617873E-16,-0.0299212598425197,
-0.0236184687878377));
#7942=CARTESIAN_POINT('Ctrl Pts',(-0.000692021166299368,-0.0299212598425197,
-0.0235994782289622));
#7943=CARTESIAN_POINT('Ctrl Pts',(-0.00139079893453543,-0.0299212598427234,
-0.0235061958585059));
#7944=CARTESIAN_POINT('Ctrl Pts',(-0.00292916196394421,-0.0299212598427234,
-0.0231995409844788));
#7945=CARTESIAN_POINT('Ctrl Pts',(-0.00379679395312883,-0.0299212598438871,
-0.022951534015155));
#7946=CARTESIAN_POINT('Ctrl Pts',(-0.00639543317699742,-0.0299212598438871,
-0.0220715891909311));
#7947=CARTESIAN_POINT('Ctrl Pts',(-0.00821038271856823,-0.0299212598425197,
-0.0212501247632703));
#7948=CARTESIAN_POINT('Ctrl Pts',(-0.00992558563956197,-0.0299212598425197,
-0.0203771532316346));
#7949=CARTESIAN_POINT('Ctrl Pts',(-0.00998246307941228,-0.0299212598425197,
-0.0203480846587857));
#7950=CARTESIAN_POINT('Ctrl Pts',(-0.0100393700787394,-0.0299212598425197,
-0.0203188819815186));
#7951=CARTESIAN_POINT('Origin',(0.0100393700787402,0.0299212598425197,0.));
#7952=CARTESIAN_POINT('',(0.11003937007874,0.0299212598425197,0.));
#7953=CARTESIAN_POINT('',(0.0899606299212598,0.0299212598425197,0.));
#7954=CARTESIAN_POINT('Origin',(0.0100393700787402,0.0299212598425197,0.));
#7955=CARTESIAN_POINT('',(-0.11003937007874,0.0299212598425197,0.));
#7956=CARTESIAN_POINT('',(-0.0899606299212598,0.0299212598425197,0.));
#7957=CARTESIAN_POINT('Origin',(-0.0100393700787402,-0.0299212598425197,
0.));
#7958=CARTESIAN_POINT('',(-0.11003937007874,-0.0299212598425197,0.));
#7959=CARTESIAN_POINT('',(-0.0899606299212598,-0.0299212598425197,0.));
#7960=CARTESIAN_POINT('Origin',(-0.0100393700787402,-0.0299212598425197,
0.));
#7961=CARTESIAN_POINT('',(0.0899606299212598,-0.0299212598425197,0.));
#7962=CARTESIAN_POINT('',(0.11003937007874,-0.0299212598425197,0.));
#7963=CARTESIAN_POINT('Origin',(-0.0100393700787402,-0.0299212598425197,
0.));
#7964=CARTESIAN_POINT('',(0.0100393700787402,-0.0299212598425197,0.));
#7965=CARTESIAN_POINT('',(-0.0100393700787402,-0.0299212598425197,0.));
#7966=CARTESIAN_POINT('Origin',(-0.11003937007874,0.0299212598425197,0.));
#7967=CARTESIAN_POINT('Origin',(-0.0899606299212598,-0.0299212598425197,
0.));
#7968=CARTESIAN_POINT('Origin',(0.154133858267717,0.,-0.0496062992125984));
#7969=CARTESIAN_POINT('',(0.11003937007874,0.,-0.0236220472440945));
#7970=CARTESIAN_POINT('Origin',(0.0899606299212598,0.0299212598425197,0.));
#7971=CARTESIAN_POINT('Origin',(0.11003937007874,-0.0299212598425197,0.));
#7972=CARTESIAN_POINT('Origin',(-0.0100393700787402,0.0299212598425197,
0.));
#7973=CARTESIAN_POINT('',(-0.0100393700787402,0.0299212598425197,0.));
#7974=CARTESIAN_POINT('Origin',(0.0100393700787402,-0.0299212598425197,
0.));
#7975=CARTESIAN_POINT('',(0.0100393700787402,0.0299212598425197,0.));
#7976=CARTESIAN_POINT('Origin',(0.0100393700787402,0.0299212598425197,0.));
#7977=CARTESIAN_POINT('Origin',(-0.0102362204724409,0.0494367772295017,
0.45748031496063));
#7978=CARTESIAN_POINT('',(-0.0102362204724408,-0.0485947188334904,0.45748031496063));
#7979=CARTESIAN_POINT('',(-0.0228149606299212,-0.0485947188334904,0.484251968503937));
#7980=CARTESIAN_POINT('',(0.0115082686317737,-0.0485947188334904,0.411200964128499));
#7981=CARTESIAN_POINT('',(-0.0102362204724409,0.0494367772295017,0.45748031496063));
#7982=CARTESIAN_POINT('',(-0.0102362204724409,0.0494367772295017,0.45748031496063));
#7983=CARTESIAN_POINT('',(-0.0228149606299212,0.0494367772295017,0.484251968503937));
#7984=CARTESIAN_POINT('',(0.00246630037867712,0.0494367772295017,0.43044521580958));
#7985=CARTESIAN_POINT('',(-0.0228149606299212,0.0249289032137537,0.484251968503937));
#7986=CARTESIAN_POINT('Origin',(-0.0353937007874015,0.0494367772295017,
0.45748031496063));
#7987=CARTESIAN_POINT('',(-0.0353937007874015,-0.0485947188334904,0.45748031496063));
#7988=CARTESIAN_POINT('',(-0.0479724409448818,-0.0485947188334904,0.484251968503937));
#7989=CARTESIAN_POINT('',(-0.0113744802998292,-0.0485947188334904,0.406359595300069));
#7990=CARTESIAN_POINT('',(-0.0353937007874015,0.0494367772295017,0.45748031496063));
#7991=CARTESIAN_POINT('',(-0.0353937007874015,0.0494367772295017,0.45748031496063));
#7992=CARTESIAN_POINT('',(-0.0479724409448818,0.0494367772295017,0.484251968503937));
#7993=CARTESIAN_POINT('',(-0.0204164485529257,0.0494367772295017,0.425603846981151));
#7994=CARTESIAN_POINT('',(-0.0479724409448818,0.0249289032137537,0.484251968503937));
#7995=CARTESIAN_POINT('Origin',(-0.0604158565061539,0.0494367772295017,
0.457768329750682));
#7996=CARTESIAN_POINT('',(-0.0604158565061539,-0.0485947188334904,0.457768329750682));
#7997=CARTESIAN_POINT('',(-0.072859272067426,-0.0485947188334904,0.484251968503937));
#7998=CARTESIAN_POINT('',(-0.0340787143511753,-0.0485947188334904,0.401714318278427));
#7999=CARTESIAN_POINT('',(-0.0604158565061539,0.0494367772295017,0.457768329750682));
#8000=CARTESIAN_POINT('',(-0.0604158565061539,0.0494367772295017,0.457768329750682));
#8001=CARTESIAN_POINT('',(-0.072859272067426,0.0494367772295017,0.484251968503937));
#8002=CARTESIAN_POINT('',(-0.0431206826042718,0.0494367772295017,0.420958569959509));
#8003=CARTESIAN_POINT('',(-0.072859272067426,0.0249289032137537,0.484251968503937));
#8004=CARTESIAN_POINT('Origin',(-0.0853026876286981,0.0494367772295017,
0.457768329750682));
#8005=CARTESIAN_POINT('',(-0.0853026876286981,-0.0485947188334904,0.457768329750682));
#8006=CARTESIAN_POINT('',(-0.0977461031899702,-0.0485947188334904,0.484251968503937));
#8007=CARTESIAN_POINT('',(-0.0567152861044174,-0.0485947188334904,0.396925033861758));
#8008=CARTESIAN_POINT('',(-0.0853026876286981,0.0494367772295017,0.457768329750682));
#8009=CARTESIAN_POINT('',(-0.0853026876286981,0.0494367772295017,0.457768329750682));
#8010=CARTESIAN_POINT('',(-0.0977461031899702,0.0494367772295017,0.484251968503937));
#8011=CARTESIAN_POINT('',(-0.0657572543575139,0.0494367772295017,0.41616928554284));
#8012=CARTESIAN_POINT('',(-0.0977461031899702,0.0249289032137537,0.484251968503937));
#8013=CARTESIAN_POINT('Origin',(-0.0977461031899702,0.0494367772295017,
0.484251968503937));
#8014=CARTESIAN_POINT('',(-0.110236220472441,-0.0485947188334904,0.457668933286159));
#8015=CARTESIAN_POINT('',(-0.116729980867605,-0.0485947188334904,0.443848097390348));
#8016=CARTESIAN_POINT('',(-0.110236220472441,0.0494367772295017,0.457668933286158));
#8017=CARTESIAN_POINT('',(-0.125771949120702,0.0494367772295017,0.424603845709266));
#8018=CARTESIAN_POINT('',(-0.110236220472441,0.000421029198005677,0.457668933286159));
#8019=CARTESIAN_POINT('Origin',(-0.0228149606299212,0.0494367772295017,
0.484251968503937));
#8020=CARTESIAN_POINT('',(-0.0485740884295181,-0.0485947188334904,0.429428159728582));
#8021=CARTESIAN_POINT('',(-0.0576160566826147,0.0494367772295017,0.4101839080475));
#8022=CARTESIAN_POINT('Origin',(-0.0479724409448818,0.0494367772295017,
0.484251968503937));
#8023=CARTESIAN_POINT('',(-0.071456837361121,-0.0485947188334904,0.434269528557012));
#8024=CARTESIAN_POINT('',(-0.0804988056142175,0.0494367772295017,0.41502527687593));
#8025=CARTESIAN_POINT('Origin',(-0.072859272067426,0.0494367772295017,0.484251968503937));
#8026=CARTESIAN_POINT('',(-0.094093409114363,-0.0485947188334904,0.43905881297368));
#8027=CARTESIAN_POINT('',(-0.10313537736746,0.0494367772295017,0.419814561292598));
#8028=CARTESIAN_POINT('Origin',(-0.0102362204724409,0.0494367772295017,
0.344488188976378));
#8029=CARTESIAN_POINT('',(-0.0102362204724408,-0.0485947188334904,0.344488188976378));
#8030=CARTESIAN_POINT('',(-0.0102362204724408,-0.0485947188334904,0.344488188976378));
#8031=CARTESIAN_POINT('',(-0.0102362204724409,0.0494367772295017,0.344488188976378));
#8032=CARTESIAN_POINT('',(-0.0102362204724409,0.0494367772295017,0.344488188976378));
#8033=CARTESIAN_POINT('',(-0.0102362204724409,0.0494367772295017,0.344488188976378));
#8034=CARTESIAN_POINT('Origin',(-0.0102362204724408,-0.0485947188334904,
0.344488188976378));
#8035=CARTESIAN_POINT('',(-0.110236220472441,-0.0485947188334904,0.344488188976378));
#8036=CARTESIAN_POINT('',(-0.110236220472441,-0.0485947188334904,0.344488188976378));
#8037=CARTESIAN_POINT('',(-0.0102362204724408,-0.0485947188334904,0.344488188976378));
#8038=CARTESIAN_POINT('Origin',(-0.109448818897638,0.0486493756546986,0.30511811023622));
#8039=CARTESIAN_POINT('',(-0.109448818897638,0.0486493756546986,0.279527559055118));
#8040=CARTESIAN_POINT('',(-0.109448818897638,-0.0478073172586872,0.279527559055118));
#8041=CARTESIAN_POINT('',(-0.109448818897638,0.0486493756546986,0.279527559055118));
#8042=CARTESIAN_POINT('',(-0.109448818897638,-0.0478073172586872,0.30511811023622));
#8043=CARTESIAN_POINT('',(-0.109448818897638,-0.0478073172586872,0.30511811023622));
#8044=CARTESIAN_POINT('',(-0.109448818897638,0.0486493756546986,0.30511811023622));
#8045=CARTESIAN_POINT('',(-0.109448818897638,0.0245352024263521,0.30511811023622));
#8046=CARTESIAN_POINT('',(-0.109448818897638,0.0486493756546986,0.30511811023622));
#8047=CARTESIAN_POINT('Origin',(-0.109448818897638,-0.0478073172586872,
0.30511811023622));
#8048=CARTESIAN_POINT('',(-0.011023622047244,-0.0478073172586873,0.279527559055118));
#8049=CARTESIAN_POINT('',(-0.109448818897638,-0.0478073172586872,0.279527559055118));
#8050=CARTESIAN_POINT('',(-0.011023622047244,-0.0478073172586873,0.30511811023622));
#8051=CARTESIAN_POINT('',(-0.011023622047244,-0.0478073172586873,0.30511811023622));
#8052=CARTESIAN_POINT('',(-0.0848425196850393,-0.0478073172586872,0.30511811023622));
#8053=CARTESIAN_POINT('Origin',(-0.011023622047244,-0.0478073172586873,
0.30511811023622));
#8054=CARTESIAN_POINT('',(-0.011023622047244,0.0486493756546986,0.279527559055118));
#8055=CARTESIAN_POINT('',(-0.011023622047244,-0.0478073172586873,0.279527559055118));
#8056=CARTESIAN_POINT('',(-0.011023622047244,0.0486493756546986,0.30511811023622));
#8057=CARTESIAN_POINT('',(-0.011023622047244,0.0486493756546986,0.30511811023622));
#8058=CARTESIAN_POINT('',(-0.011023622047244,-0.0236931440303408,0.30511811023622));
#8059=CARTESIAN_POINT('Origin',(-0.011023622047244,0.0486493756546986,0.30511811023622));
#8060=CARTESIAN_POINT('',(-0.011023622047244,0.0486493756546986,0.279527559055118));
#8061=CARTESIAN_POINT('',(-0.0356299212598424,0.0486493756546986,0.30511811023622));
#8062=CARTESIAN_POINT('Origin',(-0.0602362204724408,0.000421029198005669,
0.279527559055118));
#8063=CARTESIAN_POINT('Origin',(-0.0602362204724408,0.000421029198005659,
0.344488188976378));
#8064=CARTESIAN_POINT('',(0.0637795275590552,0.0830981945523364,0.344488188976378));
#8065=CARTESIAN_POINT('',(-0.184251968503937,0.0830981945523364,0.344488188976378));
#8066=CARTESIAN_POINT('',(0.0637795275590552,0.0830981945523364,0.344488188976378));
#8067=CARTESIAN_POINT('',(-0.184251968503937,-0.082256136156325,0.344488188976378));
#8068=CARTESIAN_POINT('',(-0.184251968503937,0.0830981945523364,0.344488188976378));
#8069=CARTESIAN_POINT('',(0.0637795275590552,-0.0822561361563251,0.344488188976378));
#8070=CARTESIAN_POINT('',(-0.184251968503937,-0.082256136156325,0.344488188976378));
#8071=CARTESIAN_POINT('',(0.0637795275590552,-0.0822561361563251,0.344488188976378));
#8072=CARTESIAN_POINT('',(-0.110236220472441,0.0494367772295017,0.344488188976378));
#8073=CARTESIAN_POINT('',(-0.110236220472441,-0.0485947188334904,0.344488188976378));
#8074=CARTESIAN_POINT('',(-0.110236220472441,0.0494367772295017,0.344488188976378));
#8075=CARTESIAN_POINT('Origin',(-0.184251968503937,0.0830981945523364,0.344488188976378));
#8076=CARTESIAN_POINT('',(-0.184251968503937,0.0830981945523364,0.30511811023622));
#8077=CARTESIAN_POINT('',(-0.184251968503937,-0.082256136156325,0.30511811023622));
#8078=CARTESIAN_POINT('',(-0.184251968503937,0.0830981945523364,0.30511811023622));
#8079=CARTESIAN_POINT('',(-0.184251968503937,-0.082256136156325,0.344488188976378));
#8080=CARTESIAN_POINT('',(-0.184251968503937,0.0830981945523364,0.344488188976378));
#8081=CARTESIAN_POINT('Origin',(-0.184251968503937,-0.082256136156325,0.344488188976378));
#8082=CARTESIAN_POINT('',(0.0637795275590552,-0.0822561361563251,0.30511811023622));
#8083=CARTESIAN_POINT('',(-0.184251968503937,-0.082256136156325,0.30511811023622));
#8084=CARTESIAN_POINT('',(0.0637795275590552,-0.0822561361563251,0.344488188976378));
#8085=CARTESIAN_POINT('Origin',(0.0637795275590552,-0.0822561361563251,
0.344488188976378));
#8086=CARTESIAN_POINT('',(0.0637795275590552,0.0830981945523364,0.30511811023622));
#8087=CARTESIAN_POINT('',(0.0637795275590552,-0.0822561361563251,0.30511811023622));
#8088=CARTESIAN_POINT('',(0.0637795275590552,0.0830981945523364,0.344488188976378));
#8089=CARTESIAN_POINT('Origin',(0.0637795275590552,0.0830981945523364,0.344488188976378));
#8090=CARTESIAN_POINT('',(0.0637795275590552,0.0830981945523364,0.30511811023622));
#8091=CARTESIAN_POINT('Origin',(-0.0602362204724408,0.000421029198005669,
0.30511811023622));
#8092=CARTESIAN_POINT('Origin',(-0.110236220472441,-0.0485947188334904,
0.344488188976378));
#8093=CARTESIAN_POINT('',(-0.110236220472441,0.0494367772295017,0.344488188976378));
#8094=CARTESIAN_POINT('Origin',(-0.110236220472441,0.0494367772295017,0.344488188976378));
#8095=CARTESIAN_POINT('Origin',(-0.13248031496063,-0.0913877952755906,0.0827890831682921));
#8096=CARTESIAN_POINT('',(-0.140354330708661,-0.0901574803149606,0.0827890831682921));
#8097=CARTESIAN_POINT('',(-0.138048084891233,-0.0901574803149607,0.0772213132376893));
#8098=CARTESIAN_POINT('Origin',(-0.13248031496063,-0.0901574803149607,0.0827890831682921));
#8099=CARTESIAN_POINT('',(-0.138048084891233,-0.1,0.0772213132376894));
#8100=CARTESIAN_POINT('',(-0.138048084891233,-0.0913877952755906,0.0772213132376894));
#8101=CARTESIAN_POINT('',(-0.140354330708661,-0.1,0.0827890831682921));
#8102=CARTESIAN_POINT('Origin',(-0.13248031496063,-0.1,0.0827890831682921));
#8103=CARTESIAN_POINT('',(-0.140354330708661,-0.0913877952755906,0.0827890831682921));
#8104=CARTESIAN_POINT('Origin',(-0.2,-0.1,0.362204724409449));
#8105=CARTESIAN_POINT('',(-0.103290497785933,-0.1,0.0424637261323894));
#8106=CARTESIAN_POINT('',(-0.216092519685039,-0.1,0.155265748031496));
#8107=CARTESIAN_POINT('',(-0.09772272785533,-0.1,0.0401574803149607));
#8108=CARTESIAN_POINT('Origin',(-0.0977227278553301,-0.1,0.0480314960629922));
#8109=CARTESIAN_POINT('',(0.0977227278553299,-0.1,0.0401574803149607));
#8110=CARTESIAN_POINT('',(0.140354330708661,-0.1,0.0401574803149607));
#8111=CARTESIAN_POINT('',(0.103290497785933,-0.1,0.0424637261323894));
#8112=CARTESIAN_POINT('Origin',(0.0977227278553299,-0.1,0.0480314960629921));
#8113=CARTESIAN_POINT('',(0.138048084891233,-0.1,0.0772213132376893));
#8114=CARTESIAN_POINT('',(0.116092519685039,-0.1,0.0552657480314961));
#8115=CARTESIAN_POINT('',(0.140354330708661,-0.1,0.082789083168292));
#8116=CARTESIAN_POINT('Origin',(0.13248031496063,-0.1,0.082789083168292));
#8117=CARTESIAN_POINT('',(0.140354330708661,-0.1,0.273622047244095));
#8118=CARTESIAN_POINT('',(0.140354330708661,-0.1,0.273622047244095));
#8119=CARTESIAN_POINT('',(0.192125984251968,-0.1,0.273622047244095));
#8120=CARTESIAN_POINT('',(0.2,-0.1,0.273622047244095));
#8121=CARTESIAN_POINT('',(0.2,-0.1,0.281496062992126));
#8122=CARTESIAN_POINT('Origin',(0.192125984251968,-0.1,0.281496062992126));
#8123=CARTESIAN_POINT('',(0.2,-0.1,0.354330708661417));
#8124=CARTESIAN_POINT('',(0.2,-0.1,0.362204724409449));
#8125=CARTESIAN_POINT('',(-0.2,-0.1,0.354330708661417));
#8126=CARTESIAN_POINT('',(-0.1,-0.1,0.354330708661417));
#8127=CARTESIAN_POINT('',(-0.2,-0.1,0.281496062992126));
#8128=CARTESIAN_POINT('',(-0.2,-0.1,0.362204724409449));
#8129=CARTESIAN_POINT('',(-0.192125984251969,-0.1,0.273622047244095));
#8130=CARTESIAN_POINT('Origin',(-0.192125984251969,-0.1,0.281496062992126));
#8131=CARTESIAN_POINT('',(-0.140354330708661,-0.1,0.273622047244095));
#8132=CARTESIAN_POINT('',(0.2,-0.1,0.273622047244095));
#8133=CARTESIAN_POINT('',(-0.140354330708661,-0.1,0.273622047244095));
#8134=CARTESIAN_POINT('',(0.0812992125984252,-0.1,0.105905511811024));
#8135=CARTESIAN_POINT('',(0.0812992125984252,-0.1,0.0744094488188977));
#8136=CARTESIAN_POINT('',(0.081299212598425,-0.1,0.234055118110236));
#8137=CARTESIAN_POINT('',(-0.0812992125984252,-0.1,0.0744094488188977));
#8138=CARTESIAN_POINT('',(-0.0593503937007874,-0.1,0.0744094488188977));
#8139=CARTESIAN_POINT('',(-0.0812992125984252,-0.1,0.105905511811024));
#8140=CARTESIAN_POINT('',(-0.0812992125984252,-0.1,0.218307086614173));
#8141=CARTESIAN_POINT('',(-0.140649606299213,-0.1,0.105905511811024));
#8142=CARTESIAN_POINT('Origin',(-0.120669291338583,-0.0926181102362205,
0.0598425196850394));
#8143=CARTESIAN_POINT('',(-0.103290497785933,-0.0901574803149607,0.0424637261323894));
#8144=CARTESIAN_POINT('',(-0.191486220472441,-0.0901574803149606,0.130659448818898));
#8145=CARTESIAN_POINT('',(-0.103290497785933,-0.0938484251968505,0.0424637261323894));
#8146=CARTESIAN_POINT('Origin',(-0.0977227278553301,-0.0938484251968505,
0.0480314960629922));
#8147=CARTESIAN_POINT('',(-0.0977227278553301,-0.0901574803149607,0.0401574803149607));
#8148=CARTESIAN_POINT('Origin',(-0.0977227278553301,-0.0901574803149607,
0.0480314960629922));
#8149=CARTESIAN_POINT('',(-0.0977227278553301,-0.0938484251968505,0.0401574803149607));
#8150=CARTESIAN_POINT('Origin',(-0.09772272785533,0.0963090551181102,0.0480314960629921));
#8151=CARTESIAN_POINT('',(-0.09772272785533,0.0901574803149605,0.0401574803149607));
#8152=CARTESIAN_POINT('',(-0.103290497785933,0.0901574803149605,0.0424637261323894));
#8153=CARTESIAN_POINT('Origin',(-0.09772272785533,0.0901574803149605,0.0480314960629921));
#8154=CARTESIAN_POINT('',(-0.103290497785933,0.0999999999999999,0.0424637261323894));
#8155=CARTESIAN_POINT('',(-0.103290497785933,0.0963090551181102,0.0424637261323894));
#8156=CARTESIAN_POINT('',(-0.09772272785533,0.1,0.0401574803149607));
#8157=CARTESIAN_POINT('Origin',(-0.09772272785533,0.1,0.0480314960629921));
#8158=CARTESIAN_POINT('',(-0.09772272785533,0.0963090551181102,0.0401574803149606));
#8159=CARTESIAN_POINT('Origin',(1.51338106643655E-17,0.0950787401574802,
0.0401574803149606));
#8160=CARTESIAN_POINT('',(0.09772272785533,0.0999999999999999,0.0401574803149606));
#8161=CARTESIAN_POINT('',(-0.140354330708661,0.1,0.0401574803149607));
#8162=CARTESIAN_POINT('',(0.09772272785533,0.0901574803149604,0.0401574803149606));
#8163=CARTESIAN_POINT('',(0.09772272785533,0.0938484251968502,0.0401574803149606));
#8164=CARTESIAN_POINT('',(0.140354330708661,0.0901574803149604,0.0401574803149606));
#8165=CARTESIAN_POINT('Origin',(0.2,0.0999999999999999,0.362204724409449));
#8166=CARTESIAN_POINT('',(-0.138048084891233,0.0999999999999999,0.0772213132376893));
#8167=CARTESIAN_POINT('',(-0.116092519685039,0.0999999999999999,0.0552657480314961));
#8168=CARTESIAN_POINT('',(-0.140354330708661,0.1,0.082789083168292));
#8169=CARTESIAN_POINT('Origin',(-0.13248031496063,0.1,0.082789083168292));
#8170=CARTESIAN_POINT('',(-0.140354330708661,0.1,0.273622047244095));
#8171=CARTESIAN_POINT('',(-0.140354330708661,0.1,0.273622047244095));
#8172=CARTESIAN_POINT('',(-0.192125984251968,0.1,0.273622047244095));
#8173=CARTESIAN_POINT('',(-0.2,0.1,0.273622047244095));
#8174=CARTESIAN_POINT('',(-0.2,0.1,0.281496062992126));
#8175=CARTESIAN_POINT('Origin',(-0.192125984251968,0.1,0.281496062992126));
#8176=CARTESIAN_POINT('',(-0.2,0.1,0.354330708661417));
#8177=CARTESIAN_POINT('',(-0.2,0.1,0.362204724409449));
#8178=CARTESIAN_POINT('',(0.2,0.0999999999999999,0.354330708661417));
#8179=CARTESIAN_POINT('',(0.1,0.1,0.354330708661417));
#8180=CARTESIAN_POINT('',(0.2,0.0999999999999999,0.281496062992126));
#8181=CARTESIAN_POINT('',(0.2,0.0999999999999999,0.362204724409449));
#8182=CARTESIAN_POINT('',(0.192125984251969,0.0999999999999999,0.273622047244095));
#8183=CARTESIAN_POINT('Origin',(0.192125984251969,0.0999999999999999,0.281496062992126));
#8184=CARTESIAN_POINT('',(0.140354330708661,0.0999999999999999,0.273622047244095));
#8185=CARTESIAN_POINT('',(-0.2,0.1,0.273622047244095));
#8186=CARTESIAN_POINT('',(0.140354330708661,0.0999999999999999,0.082789083168292));
#8187=CARTESIAN_POINT('',(0.140354330708661,0.0999999999999999,0.273622047244095));
#8188=CARTESIAN_POINT('',(0.138048084891233,0.0999999999999999,0.0772213132376893));
#8189=CARTESIAN_POINT('Origin',(0.13248031496063,0.0999999999999999,0.082789083168292));
#8190=CARTESIAN_POINT('',(0.103290497785933,0.0999999999999998,0.0424637261323894));
#8191=CARTESIAN_POINT('',(0.216092519685039,0.0999999999999999,0.155265748031496));
#8192=CARTESIAN_POINT('Origin',(0.09772272785533,0.0999999999999999,0.0480314960629921));
#8193=CARTESIAN_POINT('',(0.0812992125984252,0.0999999999999999,0.0744094488188976));
#8194=CARTESIAN_POINT('',(0.0812992125984252,0.0999999999999999,0.105905511811024));
#8195=CARTESIAN_POINT('',(0.081299212598425,0.0999999999999999,0.234055118110236));
#8196=CARTESIAN_POINT('',(-0.0812992125984252,0.0999999999999999,0.105905511811024));
#8197=CARTESIAN_POINT('',(0.0593503937007874,0.0999999999999999,0.105905511811024));
#8198=CARTESIAN_POINT('',(-0.0812992125984252,0.0999999999999999,0.0744094488188976));
#8199=CARTESIAN_POINT('',(-0.0812992125984252,0.1,0.218307086614173));
#8200=CARTESIAN_POINT('',(0.140649606299213,0.0999999999999999,0.0744094488188976));
#8201=CARTESIAN_POINT('Origin',(-0.13248031496063,0.09876968503937,0.082789083168292));
#8202=CARTESIAN_POINT('',(-0.138048084891233,0.0901574803149605,0.0772213132376893));
#8203=CARTESIAN_POINT('',(-0.138048084891233,0.09876968503937,0.0772213132376893));
#8204=CARTESIAN_POINT('',(-0.140354330708661,0.0901574803149606,0.082789083168292));
#8205=CARTESIAN_POINT('Origin',(-0.13248031496063,0.0901574803149605,0.082789083168292));
#8206=CARTESIAN_POINT('',(-0.140354330708661,0.09876968503937,0.082789083168292));
#8207=CARTESIAN_POINT('Origin',(-0.140354330708661,0.1,0.273622047244095));
#8208=CARTESIAN_POINT('',(-0.140354330708661,0.0901574803149606,0.273622047244095));
#8209=CARTESIAN_POINT('',(-0.140354330708661,0.0901574803149606,0.273622047244095));
#8210=CARTESIAN_POINT('',(-0.140354330708661,0.05,0.273622047244095));
#8211=CARTESIAN_POINT('Origin',(-0.2,0.0901574803149606,0.273622047244095));
#8212=CARTESIAN_POINT('',(0.103290497785933,0.0901574803149604,0.0424637261323893));
#8213=CARTESIAN_POINT('Origin',(0.09772272785533,0.0901574803149604,0.0480314960629921));
#8214=CARTESIAN_POINT('',(0.138048084891233,0.0901574803149604,0.0772213132376893));
#8215=CARTESIAN_POINT('',(0.0939468503937009,0.0901574803149604,0.0331200787401575));
#8216=CARTESIAN_POINT('',(0.140354330708661,0.0901574803149604,0.082789083168292));
#8217=CARTESIAN_POINT('Origin',(0.13248031496063,0.0901574803149604,0.082789083168292));
#8218=CARTESIAN_POINT('',(0.140354330708661,0.0901574803149605,0.273622047244095));
#8219=CARTESIAN_POINT('',(0.140354330708661,0.0901574803149605,0.273622047244095));
#8220=CARTESIAN_POINT('',(0.192125984251969,0.0901574803149605,0.273622047244095));
#8221=CARTESIAN_POINT('',(-0.1,0.0901574803149606,0.273622047244095));
#8222=CARTESIAN_POINT('',(0.2,0.0901574803149605,0.281496062992126));
#8223=CARTESIAN_POINT('Origin',(0.192125984251969,0.0901574803149605,0.281496062992126));
#8224=CARTESIAN_POINT('',(0.2,0.0901574803149606,0.352362204724409));
#8225=CARTESIAN_POINT('',(0.2,0.0901574803149605,0.317913385826772));
#8226=CARTESIAN_POINT('',(-0.2,0.0901574803149606,0.352362204724409));
#8227=CARTESIAN_POINT('',(0.190157480314961,0.0901574803149606,0.352362204724409));
#8228=CARTESIAN_POINT('',(-0.2,0.0901574803149606,0.281496062992126));
#8229=CARTESIAN_POINT('',(-0.2,0.0901574803149606,0.317913385826772));
#8230=CARTESIAN_POINT('',(-0.192125984251968,0.0901574803149606,0.273622047244095));
#8231=CARTESIAN_POINT('Origin',(-0.192125984251968,0.0901574803149606,0.281496062992126));
#8232=CARTESIAN_POINT('',(-0.1,0.0901574803149606,0.273622047244095));
#8233=CARTESIAN_POINT('',(-0.193946850393701,0.0901574803149606,0.133120078740158));
#8234=CARTESIAN_POINT('',(0.0812992125984252,0.0901574803149605,0.105905511811024));
#8235=CARTESIAN_POINT('',(0.0812992125984252,0.0901574803149605,0.0744094488188976));
#8236=CARTESIAN_POINT('',(0.0812992125984251,0.0901574803149605,0.189763779527559));
#8237=CARTESIAN_POINT('',(-0.0812992125984252,0.0901574803149605,0.0744094488188977));
#8238=CARTESIAN_POINT('',(-0.0593503937007874,0.0901574803149605,0.0744094488188977));
#8239=CARTESIAN_POINT('',(-0.0812992125984252,0.0901574803149605,0.105905511811024));
#8240=CARTESIAN_POINT('',(-0.0812992125984252,0.0901574803149606,0.174015748031496));
#8241=CARTESIAN_POINT('',(-0.140649606299213,0.0901574803149605,0.105905511811024));
#8242=CARTESIAN_POINT('Origin',(0.0977227278553299,-0.0963090551181104,
0.0480314960629921));
#8243=CARTESIAN_POINT('',(0.0977227278553299,-0.0901574803149607,0.0401574803149607));
#8244=CARTESIAN_POINT('',(0.103290497785933,-0.0901574803149608,0.0424637261323894));
#8245=CARTESIAN_POINT('Origin',(0.0977227278553299,-0.0901574803149608,
0.0480314960629921));
#8246=CARTESIAN_POINT('',(0.103290497785933,-0.0963090551181104,0.0424637261323894));
#8247=CARTESIAN_POINT('',(0.0977227278553299,-0.0963090551181104,0.0401574803149606));
#8248=CARTESIAN_POINT('Origin',(0.120669291338583,-0.0975393700787403,0.0598425196850394));
#8249=CARTESIAN_POINT('',(0.138048084891233,-0.0901574803149608,0.0772213132376893));
#8250=CARTESIAN_POINT('',(0.0964074803149607,-0.0901574803149608,0.0355807086614174));
#8251=CARTESIAN_POINT('',(0.138048084891233,-0.0987696850393702,0.0772213132376893));
#8252=CARTESIAN_POINT('Origin',(0.13248031496063,-0.0987696850393702,0.082789083168292));
#8253=CARTESIAN_POINT('',(0.140354330708661,-0.0901574803149607,0.082789083168292));
#8254=CARTESIAN_POINT('Origin',(0.13248031496063,-0.0901574803149608,0.082789083168292));
#8255=CARTESIAN_POINT('',(0.140354330708661,-0.0987696850393702,0.082789083168292));
#8256=CARTESIAN_POINT('Origin',(0.09772272785533,0.0938484251968502,0.0480314960629921));
#8257=CARTESIAN_POINT('',(0.103290497785933,0.0938484251968502,0.0424637261323894));
#8258=CARTESIAN_POINT('Origin',(0.120669291338583,0.0926181102362203,0.0598425196850393));
#8259=CARTESIAN_POINT('',(0.138048084891233,0.0913877952755904,0.0772213132376893));
#8260=CARTESIAN_POINT('Origin',(0.13248031496063,0.0913877952755904,0.082789083168292));
#8261=CARTESIAN_POINT('',(0.140354330708661,0.0913877952755904,0.082789083168292));
#8262=CARTESIAN_POINT('Origin',(0.140354330708661,0.0901574803149605,0.273622047244095));
#8263=CARTESIAN_POINT('',(0.140354330708661,0.0450787401574802,0.273622047244095));
#8264=CARTESIAN_POINT('Origin',(-0.192125984251968,0.05,0.281496062992126));
#8265=CARTESIAN_POINT('',(-0.2,-0.0901574803149606,0.281496062992126));
#8266=CARTESIAN_POINT('',(-0.2,0.05,0.281496062992126));
#8267=CARTESIAN_POINT('',(-0.192125984251969,-0.0901574803149606,0.273622047244095));
#8268=CARTESIAN_POINT('Origin',(-0.192125984251969,-0.0901574803149606,
0.281496062992126));
#8269=CARTESIAN_POINT('',(-0.192125984251968,0.05,0.273622047244095));
#8270=CARTESIAN_POINT('Origin',(-0.2,0.1,0.362204724409449));
#8271=CARTESIAN_POINT('',(-0.2,-0.0921259842519684,0.362204724409449));
#8272=CARTESIAN_POINT('Origin',(-0.2,-0.0921259842519684,0.354330708661417));
#8273=CARTESIAN_POINT('',(-0.2,-0.0901574803149606,0.362204724409449));
#8274=CARTESIAN_POINT('',(-0.2,-0.1,0.362204724409449));
#8275=CARTESIAN_POINT('',(-0.2,-0.0901574803149606,0.352362204724409));
#8276=CARTESIAN_POINT('',(-0.2,-0.0901574803149606,0.352362204724409));
#8277=CARTESIAN_POINT('',(-0.2,-0.0901574803149606,0.317913385826772));
#8278=CARTESIAN_POINT('Origin',(-0.192125984251968,0.05,0.281496062992126));
#8279=CARTESIAN_POINT('',(-0.2,0.05,0.281496062992126));
#8280=CARTESIAN_POINT('',(-0.192125984251968,0.05,0.273622047244095));
#8281=CARTESIAN_POINT('Origin',(-6.06700829177558E-18,-3.99843206345405E-17,
0.273622047244095));
#8282=CARTESIAN_POINT('Origin',(0.192125984251968,-0.0500000000000001,0.281496062992126));
#8283=CARTESIAN_POINT('',(0.2,-0.0500000000000001,0.281496062992126));
#8284=CARTESIAN_POINT('',(0.192125984251968,-0.0500000000000001,0.273622047244095));
#8285=CARTESIAN_POINT('Origin',(0.2,-0.1,0.362204724409449));
#8286=CARTESIAN_POINT('',(0.2,0.0921259842519684,0.362204724409449));
#8287=CARTESIAN_POINT('Origin',(0.2,0.0921259842519684,0.354330708661417));
#8288=CARTESIAN_POINT('',(0.2,0.0901574803149606,0.362204724409449));
#8289=CARTESIAN_POINT('',(0.2,0.0999999999999999,0.362204724409449));
#8290=CARTESIAN_POINT('',(0.2,0.0901574803149606,0.352362204724409));
#8291=CARTESIAN_POINT('Origin',(0.192125984251968,-0.0500000000000001,0.281496062992126));
#8292=CARTESIAN_POINT('',(0.192125984251968,-0.0901574803149607,0.273622047244095));
#8293=CARTESIAN_POINT('',(0.2,-0.0901574803149607,0.281496062992126));
#8294=CARTESIAN_POINT('Origin',(0.192125984251968,-0.0901574803149607,0.281496062992126));
#8295=CARTESIAN_POINT('',(0.2,-0.0500000000000001,0.281496062992126));
#8296=CARTESIAN_POINT('',(0.192125984251968,-0.0500000000000001,0.273622047244095));
#8297=CARTESIAN_POINT('Origin',(0.2,-0.1,0.362204724409449));
#8298=CARTESIAN_POINT('',(0.2,-0.0901574803149607,0.352362204724409));
#8299=CARTESIAN_POINT('',(0.2,-0.0901574803149607,0.317913385826772));
#8300=CARTESIAN_POINT('',(0.2,-0.0901574803149607,0.362204724409449));
#8301=CARTESIAN_POINT('',(0.2,-0.0901574803149607,0.352362204724409));
#8302=CARTESIAN_POINT('',(0.2,-0.0921259842519686,0.362204724409449));
#8303=CARTESIAN_POINT('',(0.2,0.0999999999999999,0.362204724409449));
#8304=CARTESIAN_POINT('Origin',(0.2,-0.0921259842519686,0.354330708661417));
#8305=CARTESIAN_POINT('Origin',(-0.0812992125984252,0.0999999999999999,
0.0744094488188976));
#8306=CARTESIAN_POINT('',(-0.0812992125984252,-0.0901574803149607,0.0744094488188977));
#8307=CARTESIAN_POINT('',(-0.0812992125984252,0.0999999999999999,0.0744094488188976));
#8308=CARTESIAN_POINT('',(-0.0812992125984252,-0.0901574803149607,0.105905511811024));
#8309=CARTESIAN_POINT('',(-0.0812992125984252,-0.0901574803149607,0.174015748031496));
#8310=CARTESIAN_POINT('',(-0.0812992125984252,0.0999999999999999,0.105905511811024));
#8311=CARTESIAN_POINT('Origin',(-0.0812992125984252,0.0999999999999999,
0.0744094488188976));
#8312=CARTESIAN_POINT('',(-0.0812992125984252,0.0999999999999999,0.0744094488188976));
#8313=CARTESIAN_POINT('',(-0.0812992125984252,0.0999999999999999,0.105905511811024));
#8314=CARTESIAN_POINT('Origin',(-0.0812992125984252,0.0999999999999999,
0.105905511811024));
#8315=CARTESIAN_POINT('',(0.0812992125984252,-0.0901574803149608,0.105905511811024));
#8316=CARTESIAN_POINT('',(-0.135728346456693,-0.0901574803149607,0.105905511811024));
#8317=CARTESIAN_POINT('',(0.0812992125984252,0.0999999999999999,0.105905511811024));
#8318=CARTESIAN_POINT('Origin',(-0.0812992125984252,0.0999999999999999,
0.105905511811024));
#8319=CARTESIAN_POINT('',(0.0812992125984252,0.0999999999999999,0.105905511811024));
#8320=CARTESIAN_POINT('Origin',(0.0812992125984252,0.0999999999999999,0.0744094488188976));
#8321=CARTESIAN_POINT('',(0.0812992125984252,-0.0901574803149608,0.0744094488188977));
#8322=CARTESIAN_POINT('',(0.0812992125984252,0.0999999999999999,0.0744094488188976));
#8323=CARTESIAN_POINT('',(-0.0544291338582677,-0.0901574803149607,0.0744094488188977));
#8324=CARTESIAN_POINT('Origin',(0.0812992125984252,0.0999999999999999,0.105905511811024));
#8325=CARTESIAN_POINT('',(0.0812992125984251,-0.0901574803149607,0.189763779527559));
#8326=CARTESIAN_POINT('Origin',(0.0812992125984252,0.0999999999999999,0.105905511811024));
#8327=CARTESIAN_POINT('',(0.0812992125984252,0.0999999999999999,0.0744094488188976));
#8328=CARTESIAN_POINT('Origin',(0.0812992125984252,0.0999999999999999,0.0744094488188976));
#8329=CARTESIAN_POINT('Origin',(-0.192125984251968,0.05,0.281496062992126));
#8330=CARTESIAN_POINT('',(-0.192125984251969,-0.0744094488188976,0.273622047244095));
#8331=CARTESIAN_POINT('',(-0.2,-0.0744094488188976,0.281496062992126));
#8332=CARTESIAN_POINT('Origin',(-0.192125984251969,-0.0744094488188976,
0.281496062992126));
#8333=CARTESIAN_POINT('',(-0.2,0.0744094488188976,0.281496062992126));
#8334=CARTESIAN_POINT('',(-0.2,0.05,0.281496062992126));
#8335=CARTESIAN_POINT('',(-0.192125984251968,0.0744094488188976,0.273622047244095));
#8336=CARTESIAN_POINT('Origin',(-0.192125984251968,0.0744094488188976,0.281496062992126));
#8337=CARTESIAN_POINT('',(-0.192125984251968,0.05,0.273622047244095));
#8338=CARTESIAN_POINT('Origin',(-6.06700829177558E-18,-3.99843206345405E-17,
0.273622047244095));
#8339=CARTESIAN_POINT('',(-0.146850393700787,0.0744094488188976,0.273622047244095));
#8340=CARTESIAN_POINT('',(-0.190157480314961,0.0744094488188976,0.273622047244095));
#8341=CARTESIAN_POINT('',(-0.146850393700787,-0.0744094488188976,0.273622047244095));
#8342=CARTESIAN_POINT('',(-0.146850393700787,-0.0744094488188976,0.273622047244095));
#8343=CARTESIAN_POINT('',(-0.1,-0.0744094488188975,0.273622047244095));
#8344=CARTESIAN_POINT('Origin',(-0.190157480314961,0.0744094488188976,0.273622047244095));
#8345=CARTESIAN_POINT('',(-0.2,0.0744094488188976,0.352362204724409));
#8346=CARTESIAN_POINT('',(-0.2,0.0744094488188976,0.317913385826772));
#8347=CARTESIAN_POINT('',(-0.190157480314961,0.0744094488188976,0.352362204724409));
#8348=CARTESIAN_POINT('',(-0.190157480314961,0.0744094488188976,0.352362204724409));
#8349=CARTESIAN_POINT('',(-0.190157480314961,0.0744094488188976,0.283464566929134));
#8350=CARTESIAN_POINT('',(-0.190157480314961,0.0744094488188976,0.273622047244095));
#8351=CARTESIAN_POINT('',(-0.146850393700787,0.0744094488188976,0.283464566929134));
#8352=CARTESIAN_POINT('',(-0.190157480314961,0.0744094488188976,0.283464566929134));
#8353=CARTESIAN_POINT('',(-0.146850393700787,0.0744094488188976,0.273622047244095));
#8354=CARTESIAN_POINT('Origin',(-0.192125984251968,0.05,0.354330708661417));
#8355=CARTESIAN_POINT('',(-0.192125984251968,0.0822834645669291,0.362204724409449));
#8356=CARTESIAN_POINT('',(-0.2,0.0744094488188976,0.354330708661417));
#8357=CARTESIAN_POINT('Ctrl Pts',(-0.192125984251968,0.0822834645669291,
0.362204724409449));
#8358=CARTESIAN_POINT('Ctrl Pts',(-0.192125984251968,0.0811000261816709,
0.362204724409449));
#8359=CARTESIAN_POINT('Ctrl Pts',(-0.192409206470198,0.079857921763244,
0.362218932495256));
#8360=CARTESIAN_POINT('Ctrl Pts',(-0.19323186194884,0.0782130540496546,
0.362131555266336));
#8361=CARTESIAN_POINT('Ctrl Pts',(-0.193570182058659,0.0776991768503365,
0.362081326137793));
#8362=CARTESIAN_POINT('Ctrl Pts',(-0.19433714189038,0.0767797553505633,
0.361898018701894));
#8363=CARTESIAN_POINT('Ctrl Pts',(-0.194765856896296,0.0763743103493104,
0.361764757391858));
#8364=CARTESIAN_POINT('Ctrl Pts',(-0.195602258135118,0.0757334120402041,
0.361408607777835));
#8365=CARTESIAN_POINT('Ctrl Pts',(-0.196044991558962,0.0754580465014795,
0.361180260913433));
#8366=CARTESIAN_POINT('Ctrl Pts',(-0.196911038853195,0.0750240269316118,
0.360605175699575));
#8367=CARTESIAN_POINT('Ctrl Pts',(-0.197334006805195,0.0748649629266692,
0.360258225969396));
#8368=CARTESIAN_POINT('Ctrl Pts',(-0.198381883795449,0.0745439697572102,
0.359210348979142));
#8369=CARTESIAN_POINT('Ctrl Pts',(-0.198990222368228,0.0744654718302805,
0.358329244347013));
#8370=CARTESIAN_POINT('Ctrl Pts',(-0.199799188438858,0.07439990338098,0.356387193006845));
#8371=CARTESIAN_POINT('Ctrl Pts',(-0.2,0.0744094488188976,0.355326438707648));
#8372=CARTESIAN_POINT('Ctrl Pts',(-0.2,0.0744094488188976,0.354330708661417));
#8373=CARTESIAN_POINT('',(-0.2,-0.0744094488188976,0.354330708661417));
#8374=CARTESIAN_POINT('',(-0.2,0.05,0.354330708661417));
#8375=CARTESIAN_POINT('',(-0.192125984251969,-0.0822834645669291,0.362204724409449));
#8376=CARTESIAN_POINT('Ctrl Pts',(-0.2,-0.0744094488188976,0.354330708661417));
#8377=CARTESIAN_POINT('Ctrl Pts',(-0.2,-0.0744094488188976,0.355326438707648));
#8378=CARTESIAN_POINT('Ctrl Pts',(-0.199799188438858,-0.07439990338098,
0.356387193006845));
#8379=CARTESIAN_POINT('Ctrl Pts',(-0.198990222368228,-0.0744654718302805,
0.358329244347013));
#8380=CARTESIAN_POINT('Ctrl Pts',(-0.198381883795449,-0.0745439697572102,
0.359210348979142));
#8381=CARTESIAN_POINT('Ctrl Pts',(-0.197334006805195,-0.0748649629266692,
0.360258225969396));
#8382=CARTESIAN_POINT('Ctrl Pts',(-0.196911038853195,-0.0750240269316117,
0.360605175699575));
#8383=CARTESIAN_POINT('Ctrl Pts',(-0.196044991558962,-0.0754580465014795,
0.361180260913434));
#8384=CARTESIAN_POINT('Ctrl Pts',(-0.195602258135118,-0.0757334120402041,
0.361408607777835));
#8385=CARTESIAN_POINT('Ctrl Pts',(-0.194765856896296,-0.0763743103493104,
0.361764757391858));
#8386=CARTESIAN_POINT('Ctrl Pts',(-0.19433714189038,-0.0767797553505633,
0.361898018701894));
#8387=CARTESIAN_POINT('Ctrl Pts',(-0.193570182058659,-0.0776991768503365,
0.362081326137793));
#8388=CARTESIAN_POINT('Ctrl Pts',(-0.19323186194884,-0.0782130540496546,
0.362131555266336));
#8389=CARTESIAN_POINT('Ctrl Pts',(-0.192409206470198,-0.079857921763244,
0.362218932495256));
#8390=CARTESIAN_POINT('Ctrl Pts',(-0.192125984251969,-0.0811000261816709,
0.362204724409449));
#8391=CARTESIAN_POINT('Ctrl Pts',(-0.192125984251969,-0.0822834645669291,
0.362204724409449));
#8392=CARTESIAN_POINT('',(-0.192125984251968,0.05,0.362204724409449));
#8393=CARTESIAN_POINT('Origin',(-0.2,0.0822834645669291,0.352362204724409));
#8394=CARTESIAN_POINT('',(-0.2,0.0901574803149606,0.362204724409449));
#8395=CARTESIAN_POINT('Origin',(-0.2,0.0822834645669291,0.362204724409449));
#8396=CARTESIAN_POINT('',(-0.2,0.0901574803149606,0.352362204724409));
#8397=CARTESIAN_POINT('Origin',(-0.2,0.0822834645669291,0.352362204724409));
#8398=CARTESIAN_POINT('',(-0.2,0.0744094488188976,0.352362204724409));
#8399=CARTESIAN_POINT('Origin',(-5.29159706743475E-33,-1.55632552366328E-17,
0.362204724409449));
#8400=CARTESIAN_POINT('Origin',(-0.2,-0.0822834645669291,0.362204724409449));
#8401=CARTESIAN_POINT('',(-0.1,-0.0921259842519685,0.362204724409449));
#8402=CARTESIAN_POINT('',(0.192125984251968,-0.0822834645669292,0.362204724409449));
#8403=CARTESIAN_POINT('Origin',(0.2,-0.0822834645669292,0.362204724409449));
#8404=CARTESIAN_POINT('',(0.192125984251969,0.082283464566929,0.362204724409449));
#8405=CARTESIAN_POINT('',(0.192125984251968,-0.0500000000000001,0.362204724409449));
#8406=CARTESIAN_POINT('Origin',(0.2,0.082283464566929,0.362204724409449));
#8407=CARTESIAN_POINT('',(-0.2,0.0921259842519685,0.362204724409449));
#8408=CARTESIAN_POINT('',(0.1,0.0921259842519684,0.362204724409449));
#8409=CARTESIAN_POINT('',(-0.2,-0.1,0.362204724409449));
#8410=CARTESIAN_POINT('',(0.110236220472441,0.0511811023622047,0.362204724409449));
#8411=CARTESIAN_POINT('',(0.110236220472441,-0.0511811023622048,0.362204724409449));
#8412=CARTESIAN_POINT('',(0.110236220472441,-0.0255905511811024,0.362204724409449));
#8413=CARTESIAN_POINT('',(-0.110236220472441,-0.0511811023622047,0.362204724409449));
#8414=CARTESIAN_POINT('',(-0.0551181102362205,-0.0511811023622047,0.362204724409449));
#8415=CARTESIAN_POINT('',(-0.110236220472441,0.0511811023622047,0.362204724409449));
#8416=CARTESIAN_POINT('',(-0.110236220472441,0.0255905511811024,0.362204724409449));
#8417=CARTESIAN_POINT('',(0.0551181102362205,0.0511811023622047,0.362204724409449));
#8418=CARTESIAN_POINT('Origin',(0.192125984251968,-0.0500000000000001,0.281496062992126));
#8419=CARTESIAN_POINT('',(0.192125984251969,0.0744094488188975,0.273622047244095));
#8420=CARTESIAN_POINT('',(0.2,0.0744094488188975,0.281496062992126));
#8421=CARTESIAN_POINT('Origin',(0.192125984251969,0.0744094488188975,0.281496062992126));
#8422=CARTESIAN_POINT('',(0.2,-0.0744094488188977,0.281496062992126));
#8423=CARTESIAN_POINT('',(0.2,-0.0500000000000001,0.281496062992126));
#8424=CARTESIAN_POINT('',(0.192125984251968,-0.0744094488188977,0.273622047244095));
#8425=CARTESIAN_POINT('Origin',(0.192125984251968,-0.0744094488188977,0.281496062992126));
#8426=CARTESIAN_POINT('',(0.192125984251968,-0.0500000000000001,0.273622047244095));
#8427=CARTESIAN_POINT('Origin',(-6.06700829177558E-18,-3.99843206345405E-17,
0.273622047244095));
#8428=CARTESIAN_POINT('',(0.146850393700787,-0.0744094488188977,0.273622047244095));
#8429=CARTESIAN_POINT('',(0.190157480314961,-0.0744094488188977,0.273622047244095));
#8430=CARTESIAN_POINT('',(0.146850393700787,0.0744094488188975,0.273622047244095));
#8431=CARTESIAN_POINT('',(0.146850393700787,-0.0744094488188977,0.273622047244095));
#8432=CARTESIAN_POINT('',(0.1,0.0744094488188977,0.273622047244095));
#8433=CARTESIAN_POINT('Origin',(0.190157480314961,-0.0744094488188977,0.273622047244095));
#8434=CARTESIAN_POINT('',(0.2,-0.0744094488188977,0.352362204724409));
#8435=CARTESIAN_POINT('',(0.2,-0.0744094488188977,0.317913385826772));
#8436=CARTESIAN_POINT('',(0.190157480314961,-0.0744094488188977,0.352362204724409));
#8437=CARTESIAN_POINT('',(0.190157480314961,-0.0744094488188977,0.352362204724409));
#8438=CARTESIAN_POINT('',(0.190157480314961,-0.0744094488188977,0.283464566929134));
#8439=CARTESIAN_POINT('',(0.190157480314961,-0.0744094488188977,0.273622047244095));
#8440=CARTESIAN_POINT('',(0.146850393700787,-0.0744094488188977,0.283464566929134));
#8441=CARTESIAN_POINT('',(0.190157480314961,-0.0744094488188977,0.283464566929134));
#8442=CARTESIAN_POINT('',(0.146850393700787,-0.0744094488188977,0.352362204724409));
#8443=CARTESIAN_POINT('Origin',(0.192125984251968,-0.0500000000000001,0.354330708661417));
#8444=CARTESIAN_POINT('',(0.2,-0.0744094488188977,0.354330708661417));
#8445=CARTESIAN_POINT('Ctrl Pts',(0.192125984251968,-0.0822834645669292,
0.362204724409449));
#8446=CARTESIAN_POINT('Ctrl Pts',(0.192125984251968,-0.0811000261816709,
0.362204724409449));
#8447=CARTESIAN_POINT('Ctrl Pts',(0.192409206470198,-0.079857921763244,
0.362218932495256));
#8448=CARTESIAN_POINT('Ctrl Pts',(0.19323186194884,-0.0782130540496547,
0.362131555266336));
#8449=CARTESIAN_POINT('Ctrl Pts',(0.193570182058659,-0.0776991768503366,
0.362081326137793));
#8450=CARTESIAN_POINT('Ctrl Pts',(0.19433714189038,-0.0767797553505633,
0.361898018701894));
#8451=CARTESIAN_POINT('Ctrl Pts',(0.194765856896296,-0.0763743103493105,
0.361764757391858));
#8452=CARTESIAN_POINT('Ctrl Pts',(0.195602258135118,-0.0757334120402042,
0.361408607777835));
#8453=CARTESIAN_POINT('Ctrl Pts',(0.196044991558962,-0.0754580465014796,
0.361180260913433));
#8454=CARTESIAN_POINT('Ctrl Pts',(0.196911038853195,-0.0750240269316119,
0.360605175699575));
#8455=CARTESIAN_POINT('Ctrl Pts',(0.197334006805195,-0.0748649629266693,
0.360258225969396));
#8456=CARTESIAN_POINT('Ctrl Pts',(0.198381883795449,-0.0745439697572103,
0.359210348979142));
#8457=CARTESIAN_POINT('Ctrl Pts',(0.198990222368228,-0.0744654718302806,
0.358329244347013));
#8458=CARTESIAN_POINT('Ctrl Pts',(0.199799188438858,-0.0743999033809801,
0.356387193006845));
#8459=CARTESIAN_POINT('Ctrl Pts',(0.2,-0.0744094488188977,0.355326438707648));
#8460=CARTESIAN_POINT('Ctrl Pts',(0.2,-0.0744094488188977,0.354330708661417));
#8461=CARTESIAN_POINT('',(0.2,0.0744094488188976,0.354330708661417));
#8462=CARTESIAN_POINT('',(0.2,-0.0500000000000001,0.354330708661417));
#8463=CARTESIAN_POINT('Ctrl Pts',(0.2,0.0744094488188976,0.354330708661417));
#8464=CARTESIAN_POINT('Ctrl Pts',(0.2,0.0744094488188976,0.355326438707648));
#8465=CARTESIAN_POINT('Ctrl Pts',(0.199799188438858,0.0743999033809799,
0.356387193006845));
#8466=CARTESIAN_POINT('Ctrl Pts',(0.198990222368228,0.0744654718302804,
0.358329244347013));
#8467=CARTESIAN_POINT('Ctrl Pts',(0.198381883795449,0.0745439697572102,
0.359210348979142));
#8468=CARTESIAN_POINT('Ctrl Pts',(0.197334006805195,0.0748649629266692,
0.360258225969396));
#8469=CARTESIAN_POINT('Ctrl Pts',(0.196911038853195,0.0750240269316117,
0.360605175699575));
#8470=CARTESIAN_POINT('Ctrl Pts',(0.196044991558962,0.0754580465014795,
0.361180260913433));
#8471=CARTESIAN_POINT('Ctrl Pts',(0.195602258135118,0.075733412040204,0.361408607777835));
#8472=CARTESIAN_POINT('Ctrl Pts',(0.194765856896296,0.0763743103493103,
0.361764757391858));
#8473=CARTESIAN_POINT('Ctrl Pts',(0.19433714189038,0.0767797553505632,0.361898018701894));
#8474=CARTESIAN_POINT('Ctrl Pts',(0.193570182058659,0.0776991768503365,
0.362081326137793));
#8475=CARTESIAN_POINT('Ctrl Pts',(0.19323186194884,0.0782130540496545,0.362131555266336));
#8476=CARTESIAN_POINT('Ctrl Pts',(0.192409206470198,0.0798579217632439,
0.362218932495256));
#8477=CARTESIAN_POINT('Ctrl Pts',(0.192125984251969,0.0811000261816708,
0.362204724409449));
#8478=CARTESIAN_POINT('Ctrl Pts',(0.192125984251969,0.082283464566929,0.362204724409449));
#8479=CARTESIAN_POINT('Origin',(0.2,-0.0822834645669292,0.352362204724409));
#8480=CARTESIAN_POINT('Origin',(0.2,-0.0822834645669292,0.352362204724409));
#8481=CARTESIAN_POINT('',(0.2,-0.0744094488188977,0.352362204724409));
#8482=CARTESIAN_POINT('Origin',(-0.1,-0.0921259842519685,0.354330708661417));
#8483=CARTESIAN_POINT('Origin',(0.1,0.0921259842519684,0.354330708661417));
#8484=CARTESIAN_POINT('Origin',(-0.2,0.0921259842519685,0.354330708661417));
#8485=CARTESIAN_POINT('Origin',(0.2,0.082283464566929,0.352362204724409));
#8486=CARTESIAN_POINT('',(0.2,0.0744094488188976,0.352362204724409));
#8487=CARTESIAN_POINT('',(0.2,0.0744094488188976,0.352362204724409));
#8488=CARTESIAN_POINT('Origin',(0.2,0.082283464566929,0.352362204724409));
#8489=CARTESIAN_POINT('Origin',(-0.2,-0.0822834645669291,0.352362204724409));
#8490=CARTESIAN_POINT('',(-0.2,-0.0744094488188976,0.352362204724409));
#8491=CARTESIAN_POINT('',(-0.2,-0.0744094488188976,0.352362204724409));
#8492=CARTESIAN_POINT('Origin',(-0.2,-0.0822834645669291,0.352362204724409));
#8493=CARTESIAN_POINT('Origin',(-0.2,0.1,0.362204724409449));
#8494=CARTESIAN_POINT('Origin',(-5.20766010825295E-17,-0.0950787401574804,
0.0401574803149607));
#8495=CARTESIAN_POINT('',(-0.140354330708661,-0.0901574803149607,0.0401574803149607));
#8496=CARTESIAN_POINT('Origin',(-0.120669291338583,0.0975393700787401,0.0598425196850394));
#8497=CARTESIAN_POINT('Origin',(-0.140354330708661,-0.0901574803149606,
0.273622047244095));
#8498=CARTESIAN_POINT('',(-0.140354330708661,-0.0901574803149606,0.273622047244095));
#8499=CARTESIAN_POINT('',(-0.140354330708661,-0.0450787401574803,0.273622047244095));
#8500=CARTESIAN_POINT('',(-0.140354330708661,-0.0901574803149606,0.273622047244095));
#8501=CARTESIAN_POINT('Origin',(0.140354330708661,-0.1,0.273622047244095));
#8502=CARTESIAN_POINT('',(0.140354330708661,-0.0901574803149607,0.273622047244095));
#8503=CARTESIAN_POINT('',(0.140354330708661,-0.0901574803149607,0.273622047244095));
#8504=CARTESIAN_POINT('',(0.140354330708661,-0.0500000000000001,0.273622047244095));
#8505=CARTESIAN_POINT('Origin',(-6.06700829177558E-18,-3.99843206345405E-17,
0.273622047244095));
#8506=CARTESIAN_POINT('',(-0.0950787401574803,-0.0901574803149606,0.273622047244095));
#8507=CARTESIAN_POINT('Origin',(-6.06700829177558E-18,-3.99843206345405E-17,
0.273622047244095));
#8508=CARTESIAN_POINT('',(-0.0950787401574803,-0.0901574803149606,0.273622047244095));
#8509=CARTESIAN_POINT('Origin',(-6.06700829177558E-18,-3.99843206345405E-17,
0.273622047244095));
#8510=CARTESIAN_POINT('Origin',(0.190157480314961,-0.0744094488188977,0.283464566929134));
#8511=CARTESIAN_POINT('',(0.146850393700787,0.0744094488188975,0.283464566929134));
#8512=CARTESIAN_POINT('',(0.146850393700787,0.0744094488188975,0.283464566929134));
#8513=CARTESIAN_POINT('',(0.190157480314961,0.0744094488188975,0.283464566929134));
#8514=CARTESIAN_POINT('',(0.190157480314961,0.0078740157480314,0.283464566929134));
#8515=CARTESIAN_POINT('',(0.190157480314961,0.0744094488188975,0.283464566929134));
#8516=CARTESIAN_POINT('Origin',(0.146850393700787,-9.79328318222679E-17,
0.278543307086614));
#8517=CARTESIAN_POINT('',(0.146850393700787,0.0744094488188975,0.273622047244095));
#8518=CARTESIAN_POINT('Origin',(0.190157480314961,0.0901574803149605,0.273622047244095));
#8519=CARTESIAN_POINT('',(0.190157480314961,0.0744094488188976,0.352362204724409));
#8520=CARTESIAN_POINT('',(0.190157480314961,0.0901574803149606,0.352362204724409));
#8521=CARTESIAN_POINT('',(0.190157480314961,0.0744094488188975,0.273622047244095));
#8522=CARTESIAN_POINT('Origin',(-0.190157480314961,-0.0744094488188976,
0.283464566929134));
#8523=CARTESIAN_POINT('',(-0.146850393700787,-0.0744094488188976,0.283464566929134));
#8524=CARTESIAN_POINT('',(-0.146850393700787,0.0744094488188976,0.283464566929134));
#8525=CARTESIAN_POINT('',(-0.190157480314961,-0.0744094488188976,0.283464566929134));
#8526=CARTESIAN_POINT('',(-0.190157480314961,-0.0822834645669291,0.283464566929134));
#8527=CARTESIAN_POINT('',(-0.190157480314961,-0.0744094488188976,0.283464566929134));
#8528=CARTESIAN_POINT('Origin',(-0.146850393700787,1.92713973813561E-18,
0.278543307086614));
#8529=CARTESIAN_POINT('',(-0.146850393700787,-0.0744094488188976,0.352362204724409));
#8530=CARTESIAN_POINT('Origin',(-0.190157480314961,-0.0901574803149606,
0.273622047244095));
#8531=CARTESIAN_POINT('',(-0.190157480314961,-0.0744094488188976,0.352362204724409));
#8532=CARTESIAN_POINT('',(-0.190157480314961,-0.0901574803149606,0.352362204724409));
#8533=CARTESIAN_POINT('',(-0.190157480314961,-0.0744094488188976,0.273622047244095));
#8534=CARTESIAN_POINT('Origin',(0.2,0.0744094488188975,0.273622047244095));
#8535=CARTESIAN_POINT('',(0.2,0.0744094488188976,0.352362204724409));
#8536=CARTESIAN_POINT('',(0.2,0.0744094488188975,0.317913385826772));
#8537=CARTESIAN_POINT('Origin',(-0.190157480314961,-0.0901574803149606,
0.273622047244095));
#8538=CARTESIAN_POINT('',(-0.190157480314961,-0.0901574803149606,0.352362204724409));
#8539=CARTESIAN_POINT('Origin',(-0.2,-0.0744094488188976,0.273622047244095));
#8540=CARTESIAN_POINT('',(-0.2,-0.0744094488188976,0.352362204724409));
#8541=CARTESIAN_POINT('',(-0.2,-0.0744094488188976,0.317913385826772));
#8542=CARTESIAN_POINT('Origin',(-0.19507874015748,0.0822834645669291,0.352362204724409));
#8543=CARTESIAN_POINT('',(0.110236220472441,-0.0511811023622048,0.352362204724409));
#8544=CARTESIAN_POINT('',(-0.110236220472441,-0.0511811023622047,0.352362204724409));
#8545=CARTESIAN_POINT('',(-0.152657480314961,-0.0511811023622047,0.352362204724409));
#8546=CARTESIAN_POINT('',(0.110236220472441,0.0511811023622047,0.352362204724409));
#8547=CARTESIAN_POINT('',(0.110236220472441,0.0155511811023622,0.352362204724409));
#8548=CARTESIAN_POINT('',(-0.110236220472441,0.0511811023622047,0.352362204724409));
#8549=CARTESIAN_POINT('',(-0.0424212598425197,0.0511811023622047,0.352362204724409));
#8550=CARTESIAN_POINT('',(-0.110236220472441,0.0667322834645669,0.352362204724409));
#8551=CARTESIAN_POINT('Origin',(-0.110236220472441,0.0511811023622047,0.362204724409449));
#8552=CARTESIAN_POINT('',(-0.110236220472441,0.0511811023622047,0.362204724409449));
#8553=CARTESIAN_POINT('',(-0.110236220472441,-0.0511811023622047,0.362204724409449));
#8554=CARTESIAN_POINT('Origin',(0.110236220472441,0.0511811023622047,0.362204724409449));
#8555=CARTESIAN_POINT('',(0.110236220472441,0.0511811023622047,0.362204724409449));
#8556=CARTESIAN_POINT('Origin',(0.110236220472441,-0.0511811023622048,0.362204724409449));
#8557=CARTESIAN_POINT('',(0.110236220472441,-0.0511811023622048,0.362204724409449));
#8558=CARTESIAN_POINT('Origin',(-0.110236220472441,-0.0511811023622047,
0.362204724409449));
#8559=CARTESIAN_POINT('Origin',(0.2,-0.1,0.362204724409449));
#8560=CARTESIAN_POINT('Origin',(-0.2,0.1,0.362204724409449));
#8561=CARTESIAN_POINT('Origin',(-0.110236220472441,0.0496336276232025,0.352362204724409));
#8562=CARTESIAN_POINT('',(-0.110236220472441,0.0496336276232025,0.344488188976378));
#8563=CARTESIAN_POINT('',(-0.110236220472441,-0.0487915692271912,0.344488188976378));
#8564=CARTESIAN_POINT('',(-0.110236220472441,0.0250273284106041,0.344488188976378));
#8565=CARTESIAN_POINT('',(-0.110236220472441,0.0496336276232025,0.352362204724409));
#8566=CARTESIAN_POINT('',(-0.110236220472441,0.0496336276232025,0.352362204724409));
#8567=CARTESIAN_POINT('',(-0.110236220472441,-0.0487915692271912,0.352362204724409));
#8568=CARTESIAN_POINT('',(-0.110236220472441,0.0250273284106041,0.352362204724409));
#8569=CARTESIAN_POINT('',(-0.110236220472441,-0.0487915692271912,0.352362204724409));
#8570=CARTESIAN_POINT('Origin',(-0.110236220472441,-0.0487915692271912,
0.352362204724409));
#8571=CARTESIAN_POINT('',(0.0629921259842522,-0.0487915692271911,0.344488188976378));
#8572=CARTESIAN_POINT('',(-0.0669291338582675,-0.0487915692271912,0.344488188976378));
#8573=CARTESIAN_POINT('',(0.0629921259842522,-0.0487915692271911,0.352362204724409));
#8574=CARTESIAN_POINT('',(-0.0669291338582675,-0.0487915692271912,0.352362204724409));
#8575=CARTESIAN_POINT('',(0.0629921259842522,-0.0487915692271911,0.352362204724409));
#8576=CARTESIAN_POINT('Origin',(0.0629921259842522,-0.0487915692271911,
0.352362204724409));
#8577=CARTESIAN_POINT('',(0.0629921259842521,0.0496336276232026,0.344488188976378));
#8578=CARTESIAN_POINT('',(0.0629921259842521,-0.0241852700145927,0.344488188976378));
#8579=CARTESIAN_POINT('',(0.0629921259842521,0.0496336276232026,0.352362204724409));
#8580=CARTESIAN_POINT('',(0.0629921259842521,-0.0241852700145927,0.352362204724409));
#8581=CARTESIAN_POINT('',(0.0629921259842521,0.0496336276232026,0.352362204724409));
#8582=CARTESIAN_POINT('Origin',(0.0629921259842521,0.0496336276232026,0.352362204724409));
#8583=CARTESIAN_POINT('',(0.0196850393700789,0.0496336276232026,0.344488188976378));
#8584=CARTESIAN_POINT('',(0.0196850393700789,0.0496336276232026,0.352362204724409));
#8585=CARTESIAN_POINT('Origin',(-0.187007874015748,0.0811296906153284,0.352362204724409));
#8586=CARTESIAN_POINT('',(-0.187007874015748,0.0811296906153284,0.344488188976378));
#8587=CARTESIAN_POINT('',(-0.187007874015748,-0.0802876322193172,0.344488188976378));
#8588=CARTESIAN_POINT('',(-0.187007874015748,0.0811296906153284,0.344488188976378));
#8589=CARTESIAN_POINT('',(-0.187007874015748,-0.0802876322193172,0.352362204724409));
#8590=CARTESIAN_POINT('',(-0.187007874015748,-0.0802876322193172,0.352362204724409));
#8591=CARTESIAN_POINT('',(-0.187007874015748,0.0811296906153284,0.352362204724409));
#8592=CARTESIAN_POINT('',(-0.187007874015748,0.0811296906153284,0.352362204724409));
#8593=CARTESIAN_POINT('',(-0.187007874015748,0.0811296906153284,0.352362204724409));
#8594=CARTESIAN_POINT('Origin',(-0.187007874015748,-0.0802876322193172,
0.352362204724409));
#8595=CARTESIAN_POINT('',(0.139763779527559,-0.080287632219317,0.344488188976378));
#8596=CARTESIAN_POINT('',(-0.187007874015748,-0.0802876322193172,0.344488188976378));
#8597=CARTESIAN_POINT('',(0.139763779527559,-0.080287632219317,0.352362204724409));
#8598=CARTESIAN_POINT('',(0.139763779527559,-0.080287632219317,0.352362204724409));
#8599=CARTESIAN_POINT('',(-0.187007874015748,-0.0802876322193172,0.352362204724409));
#8600=CARTESIAN_POINT('Origin',(0.139763779527559,-0.080287632219317,0.352362204724409));
#8601=CARTESIAN_POINT('',(0.139763779527559,0.0811296906153286,0.344488188976378));
#8602=CARTESIAN_POINT('',(0.139763779527559,-0.080287632219317,0.344488188976378));
#8603=CARTESIAN_POINT('',(0.139763779527559,0.0811296906153286,0.352362204724409));
#8604=CARTESIAN_POINT('',(0.139763779527559,0.0811296906153286,0.352362204724409));
#8605=CARTESIAN_POINT('',(0.139763779527559,-0.080287632219317,0.352362204724409));
#8606=CARTESIAN_POINT('Origin',(0.139763779527559,0.0811296906153286,0.352362204724409));
#8607=CARTESIAN_POINT('',(0.139763779527559,0.0811296906153286,0.344488188976378));
#8608=CARTESIAN_POINT('',(0.139763779527559,0.0811296906153286,0.352362204724409));
#8609=CARTESIAN_POINT('Origin',(-0.0236220472440943,0.000421029198005698,
0.344488188976378));
#8610=CARTESIAN_POINT('Origin',(-0.0236220472440943,0.000421029198005699,
0.352362204724409));
#8611=UNCERTAINTY_MEASURE_WITH_UNIT(LENGTH_MEASURE(0.000393700787401575),
#8616,'DISTANCE_ACCURACY_VALUE',
'Maximum model space distance between geometric entities at asserted c
onnectivities');
#8612=UNCERTAINTY_MEASURE_WITH_UNIT(LENGTH_MEASURE(0.000393700787401575),
#8616,'DISTANCE_ACCURACY_VALUE',
'Maximum model space distance between geometric entities at asserted c
onnectivities');
#8613=(
GEOMETRIC_REPRESENTATION_CONTEXT(3)
GLOBAL_UNCERTAINTY_ASSIGNED_CONTEXT((#8611))
GLOBAL_UNIT_ASSIGNED_CONTEXT((#8616,#8620,#8621))
REPRESENTATION_CONTEXT('','3D')
);
#8614=(
GEOMETRIC_REPRESENTATION_CONTEXT(3)
GLOBAL_UNCERTAINTY_ASSIGNED_CONTEXT((#8612))
GLOBAL_UNIT_ASSIGNED_CONTEXT((#8616,#8620,#8621))
REPRESENTATION_CONTEXT('','3D')
);
#8615=DIMENSIONAL_EXPONENTS(1.,0.,0.,0.,0.,0.,0.);
#8616=(
CONVERSION_BASED_UNIT('inch',#8619)
LENGTH_UNIT()
NAMED_UNIT(#8615)
);
#8617=(
LENGTH_UNIT()
NAMED_UNIT(*)
SI_UNIT(.MILLI.,.METRE.)
);
#8618=(
LENGTH_UNIT()
NAMED_UNIT(*)
SI_UNIT(.CENTI.,.METRE.)
);
#8619=LENGTH_MEASURE_WITH_UNIT(LENGTH_MEASURE(25.4),#8617);
#8620=(
NAMED_UNIT(*)
PLANE_ANGLE_UNIT()
SI_UNIT($,.RADIAN.)
);
#8621=(
NAMED_UNIT(*)
SI_UNIT($,.STERADIAN.)
SOLID_ANGLE_UNIT()
);
#8622=SHAPE_DEFINITION_REPRESENTATION(#8623,#8624);
#8623=PRODUCT_DEFINITION_SHAPE('',$,#8626);
#8624=SHAPE_REPRESENTATION('',(#4855),#8613);
#8625=PRODUCT_DEFINITION_CONTEXT('part definition',#8630,'design');
#8626=PRODUCT_DEFINITION('T551300_Shrinkwrap_1','T551300_Shrinkwrap_1',
#8627,#8625);
#8627=PRODUCT_DEFINITION_FORMATION('',$,#8632);
#8628=PRODUCT_RELATED_PRODUCT_CATEGORY('T551300_Shrinkwrap_1',
'T551300_Shrinkwrap_1',(#8632));
#8629=APPLICATION_PROTOCOL_DEFINITION('international standard',
'automotive_design',2009,#8630);
#8630=APPLICATION_CONTEXT(
'Core Data for Automotive Mechanical Design Process');
#8631=PRODUCT_CONTEXT('part definition',#8630,'mechanical');
#8632=PRODUCT('T551300_Shrinkwrap_1','T551300_Shrinkwrap_1',$,(#8631));
#8633=PRESENTATION_STYLE_ASSIGNMENT((#8634));
#8634=SURFACE_STYLE_USAGE(.BOTH.,#8637);
#8635=SURFACE_STYLE_RENDERING_WITH_PROPERTIES($,#8641,(#8636));
#8636=SURFACE_STYLE_TRANSPARENT(0.);
#8637=SURFACE_SIDE_STYLE('',(#8638,#8635));
#8638=SURFACE_STYLE_FILL_AREA(#8639);
#8639=FILL_AREA_STYLE('',(#8640));
#8640=FILL_AREA_STYLE_COLOUR('',#8641);
#8641=COLOUR_RGB('',0.749019607843137,0.749019607843137,0.749019607843137);
ENDSEC;
END-ISO-10303-21;
